scenario,period,temperature_change_C,snow_cover_change_pp,snow_depth_change_pct,snowmelt_change_pct,cmip6_raw_snd_change_pct
SSP2-4.5,Baseline (2015-2034),0.0,0.0,0.0,0.0,0.0
SSP2-4.5,Mid-century (2041-2060),0.7671408653259277,-1.2017974853515625,-4.519056250325049,-5.327558700703494,-13.054672461580207
SSP2-4.5,Late-century (2080-2099),1.994776725769043,-4.183708190917969,-10.266639981690162,-6.2368697232968895,-22.57407824755111
SSP5-8.5,Baseline (2015-2034),0.0,0.0,0.0,0.0,0.0
SSP5-8.5,Mid-century (2041-2060),1.3275704383850098,-1.1125373840332031,-1.6894316339220117,13.075369817754613,-14.287543247259482
SSP5-8.5,Late-century (2080-2099),5.492096424102783,-10.409507751464844,-32.15342028645539,16.117900302850387,-67.33237654393629
