year,snowc,sd,smlt_mm,t2m_C_bc,snw_mm_raw,model,scenario
2015,50.32365,0.15112439,693.86395,4.739901851860477,3.7568607,bcc_csm2_mr,SSP2-4.5
2016,48.040665,0.14922796,743.17285,4.6134741680298195,26.93519,bcc_csm2_mr,SSP2-4.5
2017,46.383076,0.140039,583.2379,3.328909534692608,34.282608,bcc_csm2_mr,SSP2-4.5
2018,47.875412,0.1515999,761.02747,5.103705993963275,1.4763312,bcc_csm2_mr,SSP2-4.5
2019,43.21262,0.1608144,751.48285,4.748824207567929,3.1907024,bcc_csm2_mr,SSP2-4.5
2020,49.3927,0.16718458,825.005,5.591190681999685,0.7330261,bcc_csm2_mr,SSP2-4.5
2021,44.326717,0.1411305,601.49,4.967170986917577,0.6165204,bcc_csm2_mr,SSP2-4.5
2022,47.125645,0.13565733,692.4983,4.568488924393489,0.18875432,bcc_csm2_mr,SSP2-4.5
2023,47.940033,0.13316892,824.071,4.6300120347782325,1.9604725,bcc_csm2_mr,SSP2-4.5
2024,46.412766,0.13928363,619.0779,5.162668486712119,1.6541872,bcc_csm2_mr,SSP2-4.5
2025,44.11456,0.14607438,564.04315,5.419340435034397,5.8968396,bcc_csm2_mr,SSP2-4.5
2026,43.64053,0.17284481,938.20795,5.463432000299933,3.9718072,bcc_csm2_mr,SSP2-4.5
2027,50.874084,0.14469843,735.9722,4.783026944137721,1.1151127,bcc_csm2_mr,SSP2-4.5
2028,46.51791,0.14092544,831.9094,5.556346222914317,0.6796593,bcc_csm2_mr,SSP2-4.5
2029,40.616924,0.15050755,430.00198,4.782563883019402,3.7949915,bcc_csm2_mr,SSP2-4.5
2030,49.63013,0.15396966,678.699,4.223070630052053,1.8377188,bcc_csm2_mr,SSP2-4.5
2031,45.559757,0.17202927,598.93604,4.558957827840751,8.544532,bcc_csm2_mr,SSP2-4.5
2032,48.919773,0.13305038,893.9166,5.693020023874134,1.7498716,bcc_csm2_mr,SSP2-4.5
2033,43.53659,0.1459989,488.24725,5.7429535982182545,4.986409,bcc_csm2_mr,SSP2-4.5
2034,37.77834,0.13262984,490.5131,5.495491133416624,4.8159657,bcc_csm2_mr,SSP2-4.5
2035,52.267193,0.14237565,700.8259,4.921372958395383,1.8848033,bcc_csm2_mr,SSP2-4.5
2036,45.71277,0.17742248,830.51605,5.899631852571241,0.9318904,bcc_csm2_mr,SSP2-4.5
2037,44.620544,0.13552807,636.7944,4.882279707702517,0.7148719,bcc_csm2_mr,SSP2-4.5
2038,47.579407,0.13847773,829.2817,5.0112107722544605,3.5900586,bcc_csm2_mr,SSP2-4.5
2039,42.347218,0.16254556,1020.8507,6.127154335446908,0.98387545,bcc_csm2_mr,SSP2-4.5
2040,41.38605,0.14312251,631.89886,5.718073318820614,1.327243,bcc_csm2_mr,SSP2-4.5
2041,42.934223,0.13823785,672.406,5.197476303288716,4.3696914,bcc_csm2_mr,SSP2-4.5
2042,45.67702,0.12775756,458.87692,5.369530246240647,1.3277063,bcc_csm2_mr,SSP2-4.5
2043,53.24165,0.14045453,842.11176,5.0021488791333075,1.3235606,bcc_csm2_mr,SSP2-4.5
2044,44.78548,0.13135242,678.8883,5.834063048807554,0.7697268,bcc_csm2_mr,SSP2-4.5
2045,46.58641,0.13196883,613.9593,5.354783531410774,0.6089968,bcc_csm2_mr,SSP2-4.5
2046,43.503983,0.12219941,833.071,6.0207529947936775,3.1565206,bcc_csm2_mr,SSP2-4.5
2047,43.468582,0.13020714,674.4084,5.139975717559307,3.134674,bcc_csm2_mr,SSP2-4.5
2048,50.18622,0.1502433,624.92224,4.546741574892835,4.3423004,bcc_csm2_mr,SSP2-4.5
2049,41.89806,0.14085138,851.56604,6.201474984002569,1.2673951,bcc_csm2_mr,SSP2-4.5
2050,48.59122,0.13549165,814.5442,5.082610792404193,0.68487126,bcc_csm2_mr,SSP2-4.5
2051,45.56758,0.13555335,692.3641,5.703221940457634,2.4001846,bcc_csm2_mr,SSP2-4.5
2052,42.33526,0.15620928,646.55237,5.510531332350802,1.7493129,bcc_csm2_mr,SSP2-4.5
2053,47.6407,0.1376038,628.3625,6.141950970346656,0.2322411,bcc_csm2_mr,SSP2-4.5
2054,47.729,0.15206058,925.1261,4.969788972206153,0.79408544,bcc_csm2_mr,SSP2-4.5
2055,46.73393,0.16588761,608.4951,4.780786604629543,10.335214,bcc_csm2_mr,SSP2-4.5
2056,50.313385,0.1848619,885.20386,4.1896325383720265,28.388006,bcc_csm2_mr,SSP2-4.5
2057,41.6197,0.13415861,503.8769,5.5853506189365945,3.5044434,bcc_csm2_mr,SSP2-4.5
2058,45.551956,0.12816504,686.3251,5.7808655272194835,1.3776436,bcc_csm2_mr,SSP2-4.5
2059,44.889263,0.13961935,466.49634,5.573449296747696,10.787795,bcc_csm2_mr,SSP2-4.5
2060,43.06009,0.1254293,600.613,5.234520564507911,5.1524053,bcc_csm2_mr,SSP2-4.5
2061,50.25171,0.12729514,677.1231,5.729028091735912,2.8608818,bcc_csm2_mr,SSP2-4.5
2062,38.794006,0.12118003,356.7495,6.080529712808706,0.9209942,bcc_csm2_mr,SSP2-4.5
2063,43.902557,0.13863282,1102.8455,6.702389316345429,0.058444094,bcc_csm2_mr,SSP2-4.5
2064,47.09219,0.14676331,457.3854,5.691649560520414,0.8193156,bcc_csm2_mr,SSP2-4.5
2065,42.832104,0.11102571,641.521,6.009472325039613,0.28549471,bcc_csm2_mr,SSP2-4.5
2066,43.844418,0.12890472,644.3412,5.773828926378484,0.3387147,bcc_csm2_mr,SSP2-4.5
2067,40.859142,0.14506324,735.4019,6.220512448566665,0.18935998,bcc_csm2_mr,SSP2-4.5
2068,48.00416,0.14836426,828.8323,6.226938075318351,0.766501,bcc_csm2_mr,SSP2-4.5
2069,41.046585,0.13333938,730.4713,6.1718452456731,0.84943384,bcc_csm2_mr,SSP2-4.5
2070,44.436127,0.13087466,869.92444,6.546479858005603,0.3601823,bcc_csm2_mr,SSP2-4.5
2071,47.09912,0.17770241,885.0041,6.062441153687776,1.9090675,bcc_csm2_mr,SSP2-4.5
2072,45.465183,0.15110451,507.91858,6.17966758639398,2.4147642,bcc_csm2_mr,SSP2-4.5
2073,48.224075,0.17008793,804.415,6.156151049033501,2.4865642,bcc_csm2_mr,SSP2-4.5
2074,48.927197,0.15203266,602.4217,5.604368138690073,1.7716421,bcc_csm2_mr,SSP2-4.5
2075,42.38846,0.12462488,647.19305,6.196291286326216,1.3296467,bcc_csm2_mr,SSP2-4.5
2076,45.304424,0.13100831,806.9097,6.096783948588037,0.48259747,bcc_csm2_mr,SSP2-4.5
2077,41.541252,0.14036296,528.86487,6.2325133316169214,2.133508,bcc_csm2_mr,SSP2-4.5
2078,42.93752,0.12123463,739.8889,5.543040401250294,11.102599,bcc_csm2_mr,SSP2-4.5
2079,39.922474,0.14260009,538.2883,6.243349108468485,0.36063197,bcc_csm2_mr,SSP2-4.5
2080,43.873394,0.14310677,861.43726,5.898287604785384,0.4804844,bcc_csm2_mr,SSP2-4.5
2081,46.341034,0.1490383,643.97845,5.497282322008374,0.792142,bcc_csm2_mr,SSP2-4.5
2082,44.380398,0.1448208,634.8169,7.014080468284914,0.6007175,bcc_csm2_mr,SSP2-4.5
2083,40.635464,0.12779665,870.2321,6.844358335407819,0.22820972,bcc_csm2_mr,SSP2-4.5
2084,47.94101,0.14517061,930.5011,5.779737749421945,0.9563201,bcc_csm2_mr,SSP2-4.5
2085,40.824314,0.15984273,628.239,6.613298510369559,2.0386407,bcc_csm2_mr,SSP2-4.5
2086,45.988117,0.16261083,721.8047,6.265795083431268,1.7800622,bcc_csm2_mr,SSP2-4.5
2087,39.879463,0.14379472,514.84106,6.755195428415714,1.8542203,bcc_csm2_mr,SSP2-4.5
2088,40.77425,0.12794596,723.99286,6.717032398899135,0.44829,bcc_csm2_mr,SSP2-4.5
2089,41.129555,0.14835824,606.93256,7.333605944962581,0.45484278,bcc_csm2_mr,SSP2-4.5
2090,38.718864,0.106209554,520.8425,7.465916272496263,0.41447294,bcc_csm2_mr,SSP2-4.5
2091,44.381405,0.13086268,766.9647,5.917579961939851,0.52825296,bcc_csm2_mr,SSP2-4.5
2092,46.821285,0.14593853,825.0733,6.092915484187529,1.7902836,bcc_csm2_mr,SSP2-4.5
2093,41.752697,0.12705846,565.5517,6.625342431543225,0.7534776,bcc_csm2_mr,SSP2-4.5
2094,41.04735,0.12352702,605.60767,6.636124988983648,2.092879,bcc_csm2_mr,SSP2-4.5
2095,40.552475,0.12606303,482.01047,6.548116200753753,0.85879976,bcc_csm2_mr,SSP2-4.5
2096,43.847034,0.11589108,834.06165,7.683194139949415,0.20479488,bcc_csm2_mr,SSP2-4.5
2097,38.852337,0.12157775,648.55774,6.820524882051138,1.5843643,bcc_csm2_mr,SSP2-4.5
2098,43.26941,0.1308162,810.4111,6.880843165569442,0.558904,bcc_csm2_mr,SSP2-4.5
2099,45.874557,0.13860762,731.5948,6.002884293443607,0.41357544,bcc_csm2_mr,SSP2-4.5
2015,46.406284,0.15753332,789.7778,5.369261837541802,0.8478792,bcc_csm2_mr,SSP5-8.5
2016,43.440247,0.13332874,752.56903,5.217761536117769,0.54781234,bcc_csm2_mr,SSP5-8.5
2017,45.887035,0.14586677,524.7609,3.814714667225696,2.3973992,bcc_csm2_mr,SSP5-8.5
2018,51.909595,0.16423641,602.5639,4.499249709607568,6.8923573,bcc_csm2_mr,SSP5-8.5
2019,54.63033,0.17368257,896.79266,3.9887677551122374,6.7761765,bcc_csm2_mr,SSP5-8.5
2020,43.54115,0.15757473,351.4923,5.0042181291988035,9.53473,bcc_csm2_mr,SSP5-8.5
2021,49.655643,0.13324435,713.6896,4.949494742645169,0.7018208,bcc_csm2_mr,SSP5-8.5
2022,40.854256,0.13302886,590.575,6.023217264293631,1.4062867,bcc_csm2_mr,SSP5-8.5
2023,46.387466,0.15463172,813.24506,4.613267496602284,4.990339,bcc_csm2_mr,SSP5-8.5
2024,46.249012,0.16321205,844.2068,4.833547022134311,4.6978755,bcc_csm2_mr,SSP5-8.5
2025,46.445618,0.16285941,870.01825,5.081899749723672,5.2312274,bcc_csm2_mr,SSP5-8.5
2026,49.082066,0.17395192,527.90265,4.5826318382325315,4.252725,bcc_csm2_mr,SSP5-8.5
2027,46.11363,0.1489747,891.6535,5.3669606626457025,2.7618332,bcc_csm2_mr,SSP5-8.5
2028,44.80978,0.17277534,644.7293,5.346390022045539,1.6910518,bcc_csm2_mr,SSP5-8.5
2029,40.992702,0.13309601,599.1153,6.2676273408009004,0.26315352,bcc_csm2_mr,SSP5-8.5
2030,46.309704,0.15033488,650.4569,4.992961087127052,2.625799,bcc_csm2_mr,SSP5-8.5
2031,48.645294,0.17256701,753.96405,5.077182949009148,0.30891505,bcc_csm2_mr,SSP5-8.5
2032,44.27715,0.15163776,678.13,5.024164349461558,13.13827,bcc_csm2_mr,SSP5-8.5
2033,50.33717,0.17466795,616.019,5.135654719474261,3.1315992,bcc_csm2_mr,SSP5-8.5
2034,46.6232,0.15117955,750.89197,4.562001418228334,13.441307,bcc_csm2_mr,SSP5-8.5
2035,49.97475,0.1812607,450.15585,4.779616273133752,3.0149124,bcc_csm2_mr,SSP5-8.5
2036,45.714382,0.13789691,752.0124,4.719402452829537,2.4130762,bcc_csm2_mr,SSP5-8.5
2037,48.548206,0.13867846,796.71265,5.132424382434162,1.0905275,bcc_csm2_mr,SSP5-8.5
2038,44.382473,0.11527831,507.42297,5.5245439183841105,0.8176177,bcc_csm2_mr,SSP5-8.5
2039,44.84232,0.131944,663.106,6.4014415748079,0.716018,bcc_csm2_mr,SSP5-8.5
2040,45.260693,0.15118141,416.6355,5.3266634123126835,4.2355494,bcc_csm2_mr,SSP5-8.5
2041,45.118893,0.15760414,841.40436,5.279714549647529,2.9987547,bcc_csm2_mr,SSP5-8.5
2042,45.143566,0.12687922,827.5814,6.563643429683883,0.12479598,bcc_csm2_mr,SSP5-8.5
2043,42.187965,0.12061047,599.7574,5.837445924298518,3.0688105,bcc_csm2_mr,SSP5-8.5
2044,45.680256,0.123233825,721.9581,5.150667031275144,0.58444613,bcc_csm2_mr,SSP5-8.5
2045,40.086735,0.113139965,468.59714,6.059871098646958,2.1852446,bcc_csm2_mr,SSP5-8.5
2046,45.053333,0.1319976,771.85785,6.419055732004918,0.6555931,bcc_csm2_mr,SSP5-8.5
2047,44.57814,0.14494526,742.7285,5.74927190512955,1.9058318,bcc_csm2_mr,SSP5-8.5
2048,45.973682,0.12845044,369.56268,5.288267843998293,9.804129,bcc_csm2_mr,SSP5-8.5
2049,42.499546,0.12743628,784.4005,6.0379577698142475,0.9746254,bcc_csm2_mr,SSP5-8.5
2050,49.296375,0.14906386,895.5392,6.03448187042644,1.0907851,bcc_csm2_mr,SSP5-8.5
2051,41.562374,0.13859335,473.14105,6.040597426548235,0.703407,bcc_csm2_mr,SSP5-8.5
2052,40.34125,0.12937061,455.51462,6.778469263498544,0.5557061,bcc_csm2_mr,SSP5-8.5
2053,43.039764,0.1338103,735.4525,6.690715994941953,4.0158286,bcc_csm2_mr,SSP5-8.5
2054,42.383015,0.1538982,660.4453,6.817883564291264,1.9518296,bcc_csm2_mr,SSP5-8.5
2055,45.225315,0.13862473,877.62933,6.401903525519097,0.5714769,bcc_csm2_mr,SSP5-8.5
2056,42.940273,0.14753641,672.3454,6.367517407272426,2.576022,bcc_csm2_mr,SSP5-8.5
2057,47.002167,0.15452845,939.0371,5.996532437555675,0.106945395,bcc_csm2_mr,SSP5-8.5
2058,36.830593,0.13522442,434.7961,6.766417288295206,1.4552895,bcc_csm2_mr,SSP5-8.5
2059,42.355423,0.1345169,771.9412,6.185367303552379,0.30726996,bcc_csm2_mr,SSP5-8.5
2060,42.514114,0.13609608,586.25665,6.846213549106704,1.3957759,bcc_csm2_mr,SSP5-8.5
2061,46.38878,0.122145414,718.6328,6.249715334585329,0.30383715,bcc_csm2_mr,SSP5-8.5
2062,45.58926,0.14067356,554.0419,6.021471126645107,0.7083159,bcc_csm2_mr,SSP5-8.5
2063,38.14996,0.12596758,478.4978,7.22776555253517,0.31708857,bcc_csm2_mr,SSP5-8.5
2064,40.08203,0.1260084,583.14954,7.300562289846337,0.45556974,bcc_csm2_mr,SSP5-8.5
2065,43.740723,0.1357087,753.2203,6.615785841614504,1.8721713,bcc_csm2_mr,SSP5-8.5
2066,33.42655,0.12255633,440.54712,7.715258062134882,0.041273426,bcc_csm2_mr,SSP5-8.5
2067,40.0238,0.111957304,716.3567,8.424163128656184,0.26053417,bcc_csm2_mr,SSP5-8.5
2068,39.59519,0.1259726,700.2022,7.4134124684928056,0.63593626,bcc_csm2_mr,SSP5-8.5
2069,47.69278,0.13365906,628.0085,7.069169922259683,0.9839284,bcc_csm2_mr,SSP5-8.5
2070,47.615036,0.12493964,943.0779,7.989443181292258,0.7134585,bcc_csm2_mr,SSP5-8.5
2071,41.11423,0.122074865,798.45825,8.60819437584628,0.28853574,bcc_csm2_mr,SSP5-8.5
2072,39.730865,0.12101864,511.6654,7.511078404450443,0.121787034,bcc_csm2_mr,SSP5-8.5
2073,40.766006,0.11173442,531.65265,7.170467663957051,0.10582289,bcc_csm2_mr,SSP5-8.5
2074,42.06828,0.14570808,784.56866,8.980668833102287,1.2511533,bcc_csm2_mr,SSP5-8.5
2075,42.20858,0.14911155,828.55145,7.361748883504433,0.58988196,bcc_csm2_mr,SSP5-8.5
2076,41.46034,0.13960285,706.55695,7.355105114415743,0.4929365,bcc_csm2_mr,SSP5-8.5
2077,38.85178,0.12251019,731.16815,7.640713179762848,0.59051126,bcc_csm2_mr,SSP5-8.5
2078,42.850178,0.11836194,714.7771,7.72261339760183,0.27445808,bcc_csm2_mr,SSP5-8.5
2079,37.501713,0.12777258,451.20038,7.706828695354626,2.1215076,bcc_csm2_mr,SSP5-8.5
2080,43.959415,0.12393365,702.69244,7.891808358613076,0.6213252,bcc_csm2_mr,SSP5-8.5
2081,39.603447,0.13353808,753.632,8.88513610199764,0.14441435,bcc_csm2_mr,SSP5-8.5
2082,37.608917,0.094230056,616.35126,8.70086300774904,0.5142843,bcc_csm2_mr,SSP5-8.5
2083,38.72172,0.13964005,593.53784,9.045534479207193,0.5796092,bcc_csm2_mr,SSP5-8.5
2084,37.763237,0.12079081,722.8918,9.033555730599916,1.5980396,bcc_csm2_mr,SSP5-8.5
2085,38.308125,0.119788885,630.2224,8.299890345844634,0.04995968,bcc_csm2_mr,SSP5-8.5
2086,39.025066,0.13949475,616.17975,8.257920983956142,0.978132,bcc_csm2_mr,SSP5-8.5
2087,40.630207,0.15875883,619.8485,7.7031450933546965,0.3815587,bcc_csm2_mr,SSP5-8.5
2088,39.706226,0.13094236,822.61914,9.154313622967925,0.009704167,bcc_csm2_mr,SSP5-8.5
2089,36.81989,0.111575395,615.63885,8.618094725783129,0.4048802,bcc_csm2_mr,SSP5-8.5
2090,41.382294,0.12376686,739.73535,8.158429239842972,0.1544052,bcc_csm2_mr,SSP5-8.5
2091,37.411797,0.12405747,636.30286,9.336597898452679,0.24768935,bcc_csm2_mr,SSP5-8.5
2092,41.21553,0.12453217,687.7867,8.321302332527464,0.61021227,bcc_csm2_mr,SSP5-8.5
2093,35.987385,0.13870354,711.7466,10.201177652295788,0.1092509,bcc_csm2_mr,SSP5-8.5
2094,38.2258,0.117804416,805.18835,10.104663352418733,0.7482615,bcc_csm2_mr,SSP5-8.5
2095,40.910828,0.13066678,750.1155,8.848908352172705,0.2780436,bcc_csm2_mr,SSP5-8.5
2096,39.042355,0.11361528,678.85626,8.993787556608831,0.1936086,bcc_csm2_mr,SSP5-8.5
2097,35.110943,0.13325839,637.05634,9.404883222021512,0.24520494,bcc_csm2_mr,SSP5-8.5
2098,36.72226,0.13103586,487.4232,9.178715690844449,0.25589442,bcc_csm2_mr,SSP5-8.5
2099,40.475662,0.10246206,464.3263,8.562959036216382,0.93531895,bcc_csm2_mr,SSP5-8.5
2015,43.906097,0.17158224,663.69104,5.46798428880366,2.3530135,canesm5_canoe,SSP2-4.5
2016,51.31903,0.17274289,920.63696,4.856272952294209,6.213606,canesm5_canoe,SSP2-4.5
2017,44.997467,0.15204102,753.11334,5.324495566856809,7.0466366,canesm5_canoe,SSP2-4.5
2018,49.988026,0.201379,666.80304,4.878179892616452,5.8921075,canesm5_canoe,SSP2-4.5
2019,46.366898,0.16089611,965.2771,6.377816792362402,2.297875,canesm5_canoe,SSP2-4.5
2020,46.743206,0.12445366,789.38696,6.403172779754239,2.0614188,canesm5_canoe,SSP2-4.5
2021,46.473804,0.15628889,729.7008,5.813763906566027,3.248909,canesm5_canoe,SSP2-4.5
2022,45.000797,0.15951018,843.8119,6.370659613629104,5.1858563,canesm5_canoe,SSP2-4.5
2023,45.968525,0.1440671,855.5308,5.03615168906046,4.162846,canesm5_canoe,SSP2-4.5
2024,46.310764,0.16429631,803.0821,4.907812235862381,4.861568,canesm5_canoe,SSP2-4.5
2025,42.5948,0.13936734,978.3632,7.1722062216039815,2.3297336,canesm5_canoe,SSP2-4.5
2026,44.388042,0.16542588,1014.4696,6.619342281052929,0.37857863,canesm5_canoe,SSP2-4.5
2027,47.124233,0.13767122,758.7714,5.941728932505384,2.1418903,canesm5_canoe,SSP2-4.5
2028,43.401836,0.123363614,669.6899,5.8290325257288,8.04209,canesm5_canoe,SSP2-4.5
2029,48.088837,0.14992994,998.0566,6.166395072676149,2.82148,canesm5_canoe,SSP2-4.5
2030,47.393585,0.17759867,776.77356,5.917251982887753,1.3534994,canesm5_canoe,SSP2-4.5
2031,42.340458,0.15111865,767.80975,6.330995407666261,1.102257,canesm5_canoe,SSP2-4.5
2032,49.689957,0.15984066,1102.2281,6.263833996444661,2.9442627,canesm5_canoe,SSP2-4.5
2033,43.465847,0.12672304,882.46124,6.899247246211755,2.8617928,canesm5_canoe,SSP2-4.5
2034,47.409725,0.14681153,837.6578,5.733410892379694,6.812439,canesm5_canoe,SSP2-4.5
2035,46.913868,0.15881936,868.4499,6.794985091653509,6.8802032,canesm5_canoe,SSP2-4.5
2036,43.978878,0.15202776,934.3095,7.285565749811646,1.0426551,canesm5_canoe,SSP2-4.5
2037,42.67378,0.14167567,793.509,7.154352661905154,0.8907681,canesm5_canoe,SSP2-4.5
2038,46.88088,0.1619706,885.8512,6.689220510389468,2.0753222,canesm5_canoe,SSP2-4.5
2039,46.74178,0.13202718,795.0745,5.671101870793731,2.879199,canesm5_canoe,SSP2-4.5
2040,45.72379,0.14316429,770.2355,6.775333701904653,1.9109793,canesm5_canoe,SSP2-4.5
2041,44.873806,0.14126986,1022.01337,6.79604943488204,2.0834858,canesm5_canoe,SSP2-4.5
2042,46.42787,0.11821558,981.00366,6.645651272856679,3.7230997,canesm5_canoe,SSP2-4.5
2043,44.770267,0.14915283,786.252,7.331247685531566,2.442643,canesm5_canoe,SSP2-4.5
2044,40.396008,0.12935989,801.822,7.965477144729885,1.8789543,canesm5_canoe,SSP2-4.5
2045,44.868164,0.13250543,827.19403,6.910224539174184,2.3511975,canesm5_canoe,SSP2-4.5
2046,41.35589,0.1080934,824.82367,6.471464259027481,1.2670561,canesm5_canoe,SSP2-4.5
2047,38.77931,0.15381448,877.4393,7.247454697854042,0.5255826,canesm5_canoe,SSP2-4.5
2048,42.659943,0.15680332,1047.9708,7.752463412642545,1.5730424,canesm5_canoe,SSP2-4.5
2049,39.760708,0.10277188,898.6094,7.9820256165333445,1.0161707,canesm5_canoe,SSP2-4.5
2050,42.27215,0.1384028,907.2436,7.371151351050851,1.0489451,canesm5_canoe,SSP2-4.5
2051,43.445614,0.14192909,992.5809,7.257951983617441,0.20074046,canesm5_canoe,SSP2-4.5
2052,46.911213,0.14787297,1139.5234,7.037662049048095,1.861199,canesm5_canoe,SSP2-4.5
2053,41.27602,0.12874208,748.5484,7.260002156185916,3.221902,canesm5_canoe,SSP2-4.5
2054,43.08575,0.1373956,814.2786,7.265807445124569,1.5423256,canesm5_canoe,SSP2-4.5
2055,41.795937,0.11477064,808.40015,7.868944211484597,1.6220417,canesm5_canoe,SSP2-4.5
2056,46.059307,0.15298651,1088.5485,7.819139890095644,0.9243315,canesm5_canoe,SSP2-4.5
2057,42.929478,0.13565263,1134.3463,8.092483709296689,1.2789404,canesm5_canoe,SSP2-4.5
2058,47.836853,0.14655711,989.97424,7.366937357914914,1.4149398,canesm5_canoe,SSP2-4.5
2059,34.107666,0.112989955,916.5784,8.498659409635154,0.14414792,canesm5_canoe,SSP2-4.5
2060,40.17007,0.13975002,1045.9033,8.060983413712181,0.77537507,canesm5_canoe,SSP2-4.5
2061,43.862564,0.13971232,916.4029,7.995664676063573,0.41621777,canesm5_canoe,SSP2-4.5
2062,43.20523,0.14069527,927.1533,7.824677522850532,1.7661833,canesm5_canoe,SSP2-4.5
2063,42.740856,0.15524463,1058.8456,7.937247319684189,4.1325603,canesm5_canoe,SSP2-4.5
2064,38.52947,0.13446836,941.12177,8.259643822829338,0.6286735,canesm5_canoe,SSP2-4.5
2065,40.07971,0.12385702,834.9258,7.7921219157164705,0.089831054,canesm5_canoe,SSP2-4.5
2066,38.04887,0.11967259,897.8718,8.449636488958445,0.9484875,canesm5_canoe,SSP2-4.5
2067,42.121593,0.14595869,850.10736,7.825060998098899,0.55947286,canesm5_canoe,SSP2-4.5
2068,38.249947,0.115457065,851.0953,8.327241552710161,0.14585833,canesm5_canoe,SSP2-4.5
2069,43.429565,0.15929547,1216.9489,8.620753773314567,1.7187191,canesm5_canoe,SSP2-4.5
2070,37.782974,0.102446996,743.9076,8.978508558646663,1.3302507,canesm5_canoe,SSP2-4.5
2071,33.251846,0.07596493,860.15137,9.06642933014629,0.15886863,canesm5_canoe,SSP2-4.5
2072,39.439716,0.13898891,962.54095,8.715276774243515,0.53276443,canesm5_canoe,SSP2-4.5
2073,35.682125,0.10992374,865.4597,8.662981760948233,0.28697535,canesm5_canoe,SSP2-4.5
2074,38.486637,0.13267025,670.6223,7.9708153394417565,2.4937665,canesm5_canoe,SSP2-4.5
2075,39.661987,0.12398317,1022.1676,8.603719794772502,1.0318838,canesm5_canoe,SSP2-4.5
2076,36.392155,0.10872904,901.1084,8.631586665397522,0.22186221,canesm5_canoe,SSP2-4.5
2077,43.71689,0.1523012,971.09576,7.7497263619273395,1.2194296,canesm5_canoe,SSP2-4.5
2078,40.966778,0.13307855,720.0199,7.666704924605501,1.5420405,canesm5_canoe,SSP2-4.5
2079,40.616753,0.11329579,871.5003,8.717335032777038,0.9328378,canesm5_canoe,SSP2-4.5
2080,40.713184,0.14265096,1130.0631,8.535406867306252,0.93098813,canesm5_canoe,SSP2-4.5
2081,36.421383,0.120808475,895.67706,9.059711060881108,0.112909906,canesm5_canoe,SSP2-4.5
2082,41.580753,0.1330354,866.3624,7.806313457081994,1.3703111,canesm5_canoe,SSP2-4.5
2083,37.20812,0.081188604,926.7971,8.798317987498493,0.53849,canesm5_canoe,SSP2-4.5
2084,42.812534,0.11323031,957.87317,8.324486261124973,1.9694284,canesm5_canoe,SSP2-4.5
2085,37.83893,0.11519051,808.199,8.236725063044632,1.8103641,canesm5_canoe,SSP2-4.5
2086,36.749363,0.10615904,846.5438,9.091045144415904,0.70012856,canesm5_canoe,SSP2-4.5
2087,38.496014,0.11237707,1056.5913,9.307523783520859,0.20660038,canesm5_canoe,SSP2-4.5
2088,33.311054,0.14073712,821.74646,8.968577311227753,0.77319795,canesm5_canoe,SSP2-4.5
2089,38.767933,0.100123644,1054.9766,9.26902170987224,0.0531942,canesm5_canoe,SSP2-4.5
2090,42.568295,0.13002641,798.6091,8.112204911104564,1.0345374,canesm5_canoe,SSP2-4.5
2091,34.73845,0.10860471,981.17664,9.374270725593249,0.19173312,canesm5_canoe,SSP2-4.5
2092,40.282722,0.13917775,745.3811,8.467547133801762,1.6691647,canesm5_canoe,SSP2-4.5
2093,38.701263,0.13173564,827.4228,8.41641369748586,1.1018691,canesm5_canoe,SSP2-4.5
2094,39.489265,0.116447955,978.42523,8.970643091772976,0.81297064,canesm5_canoe,SSP2-4.5
2095,38.36983,0.117306165,954.80786,9.084208216119803,0.3760058,canesm5_canoe,SSP2-4.5
2096,42.300816,0.11702252,1065.2637,9.250464696404746,0.73569536,canesm5_canoe,SSP2-4.5
2097,36.95483,0.13725379,964.91534,9.0862258245611,0.58752793,canesm5_canoe,SSP2-4.5
2098,35.89121,0.10721642,782.70166,8.70713632624726,1.5000452,canesm5_canoe,SSP2-4.5
2099,42.066788,0.11708856,690.04443,8.561257833835414,0.7007566,canesm5_canoe,SSP2-4.5
2015,51.13594,0.15578668,970.39526,4.813470278500747,2.6393013,canesm5_canoe,SSP5-8.5
2016,48.81354,0.17156853,874.4186,4.70102537955695,7.214647,canesm5_canoe,SSP5-8.5
2017,44.09643,0.15356953,547.698,5.454583942864339,1.6908594,canesm5_canoe,SSP5-8.5
2018,45.612213,0.1823322,798.17566,5.552561795708173,5.9661374,canesm5_canoe,SSP5-8.5
2019,51.612778,0.17006117,868.96826,5.832965639145386,4.374212,canesm5_canoe,SSP5-8.5
2020,45.628178,0.16377582,716.42236,6.3045101348639685,1.5317078,canesm5_canoe,SSP5-8.5
2021,49.162037,0.15502203,999.30914,5.637439797513767,3.3600004,canesm5_canoe,SSP5-8.5
2022,43.62411,0.1369199,717.78253,5.062110608689147,6.0636196,canesm5_canoe,SSP5-8.5
2023,47.323086,0.15905714,762.2078,5.6229979098701754,3.3453,canesm5_canoe,SSP5-8.5
2024,47.826595,0.15578206,847.93207,6.589524232949913,2.717842,canesm5_canoe,SSP5-8.5
2025,48.38178,0.14339854,575.7558,5.82519342346689,1.4312967,canesm5_canoe,SSP5-8.5
2026,49.56584,0.14257683,1081.3743,5.800475351492175,1.444589,canesm5_canoe,SSP5-8.5
2027,39.501614,0.11367294,882.50653,6.892529134107459,3.1551247,canesm5_canoe,SSP5-8.5
2028,46.861217,0.1496107,1042.0895,5.743259786760547,1.6809968,canesm5_canoe,SSP5-8.5
2029,41.671555,0.12512551,688.1718,6.591693199831188,3.1414888,canesm5_canoe,SSP5-8.5
2030,48.970295,0.15826373,1093.7932,6.212685119930646,3.171119,canesm5_canoe,SSP5-8.5
2031,53.74037,0.1576729,815.33453,5.016078864077565,8.200456,canesm5_canoe,SSP5-8.5
2032,42.68651,0.16734542,743.94196,6.816653416553598,1.9380819,canesm5_canoe,SSP5-8.5
2033,45.236126,0.14325556,1026.273,7.18924306109317,0.49812973,canesm5_canoe,SSP5-8.5
2034,44.061222,0.12882915,1067.4783,7.342863130298327,0.44955835,canesm5_canoe,SSP5-8.5
2035,44.103146,0.14026345,798.1238,6.725401312403263,1.0090069,canesm5_canoe,SSP5-8.5
2036,41.654087,0.12006015,1035.8785,7.674981610466143,0.7316411,canesm5_canoe,SSP5-8.5
2037,45.640778,0.13928692,683.0097,6.758113605645355,1.619645,canesm5_canoe,SSP5-8.5
2038,41.073406,0.1227889,898.75073,7.459991028214578,0.9426429,canesm5_canoe,SSP5-8.5
2039,50.986786,0.1467306,1137.4281,6.4869916058827615,1.1780974,canesm5_canoe,SSP5-8.5
2040,42.176556,0.110464625,986.34467,8.209189660179169,0.9891096,canesm5_canoe,SSP5-8.5
2041,39.69781,0.1399961,607.3137,7.727655133126678,0.82072574,canesm5_canoe,SSP5-8.5
2042,39.857735,0.13440213,810.49585,7.3910624246039935,2.6161444,canesm5_canoe,SSP5-8.5
2043,44.316685,0.15545197,1067.3387,8.227686495659059,0.8538173,canesm5_canoe,SSP5-8.5
2044,40.040146,0.15339497,789.1182,7.855697595709045,3.610122,canesm5_canoe,SSP5-8.5
2045,33.96903,0.1131503,902.4289,8.70945783056496,0.47637466,canesm5_canoe,SSP5-8.5
2046,40.729992,0.13219778,862.025,7.79964665800975,1.7841592,canesm5_canoe,SSP5-8.5
2047,37.88976,0.112400495,677.7846,7.942866968844721,0.37601653,canesm5_canoe,SSP5-8.5
2048,39.595814,0.11680129,727.255,8.340349968531212,0.42669404,canesm5_canoe,SSP5-8.5
2049,41.194553,0.12044808,870.71265,8.273344605144564,1.6862859,canesm5_canoe,SSP5-8.5
2050,41.60139,0.13366096,946.4037,8.496275756186675,0.21502055,canesm5_canoe,SSP5-8.5
2051,42.722607,0.13701822,951.51624,8.695767016400426,1.6024746,canesm5_canoe,SSP5-8.5
2052,40.443493,0.10624647,889.0308,8.598253732923395,0.9079314,canesm5_canoe,SSP5-8.5
2053,41.86581,0.12686513,966.9939,8.824813869617996,0.38530457,canesm5_canoe,SSP5-8.5
2054,39.725967,0.11223135,1017.7805,8.816640087830924,0.25580677,canesm5_canoe,SSP5-8.5
2055,36.598984,0.103435345,885.7862,8.886932503563232,0.6888144,canesm5_canoe,SSP5-8.5
2056,37.886646,0.098595835,923.2344,9.387087724805534,0.5410927,canesm5_canoe,SSP5-8.5
2057,41.291172,0.08931892,857.44037,8.859196978734934,0.58250517,canesm5_canoe,SSP5-8.5
2058,40.065216,0.14664523,911.8436,9.323077659687765,0.86020714,canesm5_canoe,SSP5-8.5
2059,38.671856,0.11807967,1013.4447,9.658425069328151,0.7304013,canesm5_canoe,SSP5-8.5
2060,40.205105,0.109921575,766.2457,9.220039200696043,1.0157847,canesm5_canoe,SSP5-8.5
2061,39.460075,0.10715079,694.68225,8.933488620536059,1.3897349,canesm5_canoe,SSP5-8.5
2062,33.92098,0.11225767,879.7716,10.082671336483163,0.20061515,canesm5_canoe,SSP5-8.5
2063,38.05995,0.10849387,1193.2468,9.517106712330552,0.39453292,canesm5_canoe,SSP5-8.5
2064,37.86108,0.11921445,998.38934,9.536661695971668,0.24612685,canesm5_canoe,SSP5-8.5
2065,30.107697,0.087997906,893.15045,10.472089823559921,0.23088706,canesm5_canoe,SSP5-8.5
2066,34.689808,0.103336185,836.0937,9.691006788039418,0.9194965,canesm5_canoe,SSP5-8.5
2067,37.648407,0.14568955,966.30054,10.407649948681376,0.22411919,canesm5_canoe,SSP5-8.5
2068,33.93684,0.11865818,1065.1676,10.311620524122867,0.12065116,canesm5_canoe,SSP5-8.5
2069,32.015705,0.10457889,922.0438,10.943833089347683,0.021890761,canesm5_canoe,SSP5-8.5
2070,31.98082,0.108444005,1078.0375,11.117752767082058,0.03314395,canesm5_canoe,SSP5-8.5
2071,27.854586,0.09529515,891.4524,10.89555346201067,0.07995405,canesm5_canoe,SSP5-8.5
2072,29.602121,0.11770463,1084.8987,11.789882080233099,0.32537577,canesm5_canoe,SSP5-8.5
2073,32.956036,0.11975628,1129.7208,11.783687011873724,0.02891612,canesm5_canoe,SSP5-8.5
2074,31.427538,0.1245771,972.5397,11.851827677563827,0.09077043,canesm5_canoe,SSP5-8.5
2075,34.412064,0.09638328,925.0829,11.042715128735702,0.47888234,canesm5_canoe,SSP5-8.5
2076,28.073977,0.10359097,906.5446,11.568421102042995,0.15051495,canesm5_canoe,SSP5-8.5
2077,34.25669,0.11215294,1169.6201,11.755682047681015,0.1503789,canesm5_canoe,SSP5-8.5
2078,26.97326,0.09258846,897.36804,11.98458931493362,0.15136354,canesm5_canoe,SSP5-8.5
2079,33.290195,0.12388364,1213.33,12.504761434074245,0.023148641,canesm5_canoe,SSP5-8.5
2080,26.90754,0.063428625,836.2707,12.37131315119664,0.20382975,canesm5_canoe,SSP5-8.5
2081,30.61229,0.09657825,896.4251,11.858610209302109,0.3915148,canesm5_canoe,SSP5-8.5
2082,28.851305,0.09800482,1030.614,11.929863667960964,0.28343365,canesm5_canoe,SSP5-8.5
2083,27.618807,0.09837841,814.85065,12.256940897778671,0.07524533,canesm5_canoe,SSP5-8.5
2084,22.949125,0.09661305,783.9787,12.264733052726589,0.1801839,canesm5_canoe,SSP5-8.5
2085,32.1917,0.1041634,1060.6702,12.478282348787786,0.21722102,canesm5_canoe,SSP5-8.5
2086,29.906435,0.111686476,1016.4277,12.779526448722683,0.10583546,canesm5_canoe,SSP5-8.5
2087,22.092886,0.08662956,766.46106,12.714213745272161,0.1331522,canesm5_canoe,SSP5-8.5
2088,31.813913,0.0959447,772.0355,11.907885925447943,0.14715391,canesm5_canoe,SSP5-8.5
2089,27.436766,0.11881981,844.5983,12.663005249178411,0.030441431,canesm5_canoe,SSP5-8.5
2090,29.658743,0.10210367,1142.0536,13.09369971271659,0.06912448,canesm5_canoe,SSP5-8.5
2091,33.40316,0.09949792,907.22565,12.475688354647161,0.09733957,canesm5_canoe,SSP5-8.5
2092,22.75306,0.08066152,673.11304,13.673816101229193,0.08886528,canesm5_canoe,SSP5-8.5
2093,21.068493,0.080105476,843.7616,13.496442850903671,0.078035586,canesm5_canoe,SSP5-8.5
2094,22.347153,0.09384641,742.90295,13.647057271476589,0.020671835,canesm5_canoe,SSP5-8.5
2095,22.03692,0.09032491,873.14496,14.059138672029974,0.044550136,canesm5_canoe,SSP5-8.5
2096,31.625116,0.09722743,950.6243,12.719244059399765,0.5927036,canesm5_canoe,SSP5-8.5
2097,19.845232,0.07956347,743.432,14.495959655916693,0.028084693,canesm5_canoe,SSP5-8.5
2098,24.325563,0.0932056,972.2742,13.796087321118515,0.042550232,canesm5_canoe,SSP5-8.5
2099,24.102646,0.09521565,1053.1498,13.911710795239609,0.015697857,canesm5_canoe,SSP5-8.5
2015,46.55274,0.16112153,295.7974,4.256145612483304,10.514688,ec_earth3_cc,SSP2-4.5
2016,51.771572,0.16545804,737.1844,4.516304074999826,16.991617,ec_earth3_cc,SSP2-4.5
2017,46.034733,0.14553003,639.7846,4.697960776478302,31.642782,ec_earth3_cc,SSP2-4.5
2018,51.363544,0.17155783,715.6996,4.14943833946507,23.179413,ec_earth3_cc,SSP2-4.5
2019,49.555878,0.12656017,623.6094,5.045594001843284,38.188244,ec_earth3_cc,SSP2-4.5
2020,46.719418,0.12984645,544.475,4.827615124830465,11.84921,ec_earth3_cc,SSP2-4.5
2021,48.080837,0.18094154,699.8212,4.306945310086487,29.208033,ec_earth3_cc,SSP2-4.5
2022,50.709263,0.15888666,728.92,4.079673424769239,9.449746,ec_earth3_cc,SSP2-4.5
2023,46.91509,0.118280776,762.76605,4.835506789356391,10.683228,ec_earth3_cc,SSP2-4.5
2024,44.29302,0.14904387,786.17584,5.00856500234128,19.227608,ec_earth3_cc,SSP2-4.5
2025,42.688396,0.14284594,574.06445,5.32516877502697,3.6259441,ec_earth3_cc,SSP2-4.5
2026,52.025574,0.18496062,553.2468,4.073743880559545,22.744453,ec_earth3_cc,SSP2-4.5
2027,47.922394,0.13795228,785.7018,4.868708261370855,14.761138,ec_earth3_cc,SSP2-4.5
2028,42.49146,0.14344405,642.92694,5.132037063384204,24.680273,ec_earth3_cc,SSP2-4.5
2029,42.563046,0.14727415,430.12366,5.63048329973845,2.922041,ec_earth3_cc,SSP2-4.5
2030,45.56985,0.14632978,577.29297,5.275111134469368,24.630478,ec_earth3_cc,SSP2-4.5
2031,42.613003,0.13156809,570.5668,5.26725543275226,10.6107645,ec_earth3_cc,SSP2-4.5
2032,41.87497,0.13610293,742.7857,5.335015870382283,13.876132,ec_earth3_cc,SSP2-4.5
2033,42.47238,0.12571774,577.65894,6.075659378799853,3.570618,ec_earth3_cc,SSP2-4.5
2034,39.77336,0.12960596,483.55862,6.189900588131555,8.392262,ec_earth3_cc,SSP2-4.5
2035,50.09109,0.1676833,674.7614,4.1700491598258616,16.85041,ec_earth3_cc,SSP2-4.5
2036,42.640118,0.12093676,538.853,5.979876946856229,7.4182887,ec_earth3_cc,SSP2-4.5
2037,44.27965,0.1564668,876.9749,5.587232861134246,14.305683,ec_earth3_cc,SSP2-4.5
2038,45.100708,0.1399609,516.3928,4.406432898809051,11.583915,ec_earth3_cc,SSP2-4.5
2039,42.66496,0.13633764,628.6277,6.322797451416997,15.449425,ec_earth3_cc,SSP2-4.5
2040,49.746582,0.16960382,717.595,4.10006990592979,26.70135,ec_earth3_cc,SSP2-4.5
2041,40.08938,0.12837693,592.24756,5.658495881518924,13.649278,ec_earth3_cc,SSP2-4.5
2042,42.90772,0.1558714,641.5923,5.530055668083154,10.124073,ec_earth3_cc,SSP2-4.5
2043,42.613026,0.1357236,606.1614,5.5327680333996065,16.520683,ec_earth3_cc,SSP2-4.5
2044,45.747604,0.13317083,563.76733,5.182733107425368,6.0102897,ec_earth3_cc,SSP2-4.5
2045,43.72659,0.14128283,844.76044,6.207140935962145,6.5942383,ec_earth3_cc,SSP2-4.5
2046,48.66849,0.14688492,440.80438,5.1766608086544155,17.083536,ec_earth3_cc,SSP2-4.5
2047,40.79394,0.15861839,561.63617,5.84773726686115,23.642754,ec_earth3_cc,SSP2-4.5
2048,49.011524,0.14300121,800.31696,5.012431797018155,19.893303,ec_earth3_cc,SSP2-4.5
2049,45.57703,0.14276384,698.44775,6.096680000667547,11.311463,ec_earth3_cc,SSP2-4.5
2050,45.134094,0.15360016,623.55457,5.65807170767834,8.601803,ec_earth3_cc,SSP2-4.5
2051,54.788822,0.16752948,779.7942,3.8220781405513518,33.840717,ec_earth3_cc,SSP2-4.5
2052,51.81108,0.15522377,577.5894,4.760168342994597,16.030634,ec_earth3_cc,SSP2-4.5
2053,41.738087,0.12383991,627.34595,6.00275171814759,8.438249,ec_earth3_cc,SSP2-4.5
2054,43.133785,0.152623,780.5483,6.813921107149841,4.7487216,ec_earth3_cc,SSP2-4.5
2055,48.107365,0.1525737,462.56448,5.438441046943095,19.353207,ec_earth3_cc,SSP2-4.5
2056,46.82942,0.14682089,410.6757,4.746690208891477,23.82395,ec_earth3_cc,SSP2-4.5
2057,48.50957,0.12722504,624.6597,5.140065510874579,17.506453,ec_earth3_cc,SSP2-4.5
2058,44.052906,0.1638214,505.75174,6.002524332265218,14.0964155,ec_earth3_cc,SSP2-4.5
2059,49.03507,0.15683493,719.19116,4.949860466208164,13.220021,ec_earth3_cc,SSP2-4.5
2060,42.529285,0.14188354,378.1396,5.296697115470156,22.725363,ec_earth3_cc,SSP2-4.5
2061,45.587803,0.13051124,499.77692,5.481186218042012,24.335571,ec_earth3_cc,SSP2-4.5
2062,43.699795,0.13013534,712.71765,5.756395004901045,9.940808,ec_earth3_cc,SSP2-4.5
2063,43.808716,0.14890848,467.08127,5.889622006548644,5.661339,ec_earth3_cc,SSP2-4.5
2064,43.050552,0.14507937,657.80426,5.288572382419771,26.820976,ec_earth3_cc,SSP2-4.5
2065,44.18462,0.1745913,526.3712,5.271845567083049,26.37808,ec_earth3_cc,SSP2-4.5
2066,45.626923,0.15842624,536.56854,5.753888443909884,23.46845,ec_earth3_cc,SSP2-4.5
2067,48.577545,0.14544436,784.12177,5.127189492161078,31.58323,ec_earth3_cc,SSP2-4.5
2068,41.62528,0.14089194,552.48145,6.115700442861553,16.355639,ec_earth3_cc,SSP2-4.5
2069,48.325027,0.16378014,456.85828,4.985326901772494,20.59247,ec_earth3_cc,SSP2-4.5
2070,47.009842,0.13326873,649.9596,5.680054160180043,14.522914,ec_earth3_cc,SSP2-4.5
2071,45.89535,0.15539522,892.4403,5.399020060164589,15.687633,ec_earth3_cc,SSP2-4.5
2072,49.132385,0.11815902,566.7498,5.907664416974441,8.662457,ec_earth3_cc,SSP2-4.5
2073,44.718067,0.13515384,658.42535,5.794512096754541,17.954239,ec_earth3_cc,SSP2-4.5
2074,46.727238,0.12337657,882.76526,6.469665865513403,9.548773,ec_earth3_cc,SSP2-4.5
2075,40.09044,0.13150124,516.8309,6.275858519141316,20.599318,ec_earth3_cc,SSP2-4.5
2076,41.10091,0.14045037,614.83453,6.677720022345408,5.043987,ec_earth3_cc,SSP2-4.5
2077,46.18394,0.13428856,533.2516,5.51388251279949,14.09209,ec_earth3_cc,SSP2-4.5
2078,47.378048,0.14965412,769.7975,6.416019696421124,18.391386,ec_earth3_cc,SSP2-4.5
2079,45.51999,0.13706164,777.8862,6.752105813544755,3.4400122,ec_earth3_cc,SSP2-4.5
2080,35.529423,0.10337117,646.02356,7.409334944475012,8.342927,ec_earth3_cc,SSP2-4.5
2081,43.03894,0.14742112,566.50836,5.924717150691453,13.510741,ec_earth3_cc,SSP2-4.5
2082,48.094837,0.14142746,794.94977,6.272778009164444,10.8072405,ec_earth3_cc,SSP2-4.5
2083,42.696426,0.1352743,750.9011,6.7213472359002004,9.950553,ec_earth3_cc,SSP2-4.5
2084,43.691925,0.11574042,771.8112,7.433306888687244,5.6163955,ec_earth3_cc,SSP2-4.5
2085,40.841084,0.13962671,476.9102,5.321959365652607,23.275917,ec_earth3_cc,SSP2-4.5
2086,41.43463,0.12280509,595.6684,6.440649375141337,7.2797413,ec_earth3_cc,SSP2-4.5
2087,43.5719,0.15561964,567.6424,5.807808695806156,7.9550157,ec_earth3_cc,SSP2-4.5
2088,46.32617,0.1409165,540.5011,6.284506539815084,6.5529704,ec_earth3_cc,SSP2-4.5
2089,45.176968,0.16733785,544.7677,6.622561273899315,30.115694,ec_earth3_cc,SSP2-4.5
2090,42.91145,0.13991268,533.1523,6.601612946038244,4.202372,ec_earth3_cc,SSP2-4.5
2091,40.173935,0.16626084,483.31955,6.201139650846785,22.441961,ec_earth3_cc,SSP2-4.5
2092,42.72112,0.12805061,571.3917,6.472558019277546,15.846507,ec_earth3_cc,SSP2-4.5
2093,50.498352,0.14862663,741.7995,5.951844664415475,13.0106,ec_earth3_cc,SSP2-4.5
2094,39.875748,0.16374998,600.1963,7.10445777626918,23.924353,ec_earth3_cc,SSP2-4.5
2095,39.249435,0.10119011,690.8686,6.698812947760717,15.572643,ec_earth3_cc,SSP2-4.5
2096,38.87733,0.1221767,617.57556,6.918234302515304,9.116561,ec_earth3_cc,SSP2-4.5
2097,42.032074,0.14841153,450.84818,7.005536646665829,7.2019086,ec_earth3_cc,SSP2-4.5
2098,41.991955,0.119140245,759.4999,7.638216036342843,3.7539413,ec_earth3_cc,SSP2-4.5
2099,42.5784,0.146803,599.59485,6.161947992230846,25.04992,ec_earth3_cc,SSP2-4.5
2015,47.211945,0.12798883,638.8661,5.115276886879678,6.0008545,ec_earth3_cc,SSP5-8.5
2016,51.35297,0.22855671,623.54224,3.333294784781638,36.75035,ec_earth3_cc,SSP5-8.5
2017,47.426624,0.15454575,622.00665,4.399000230244318,52.167896,ec_earth3_cc,SSP5-8.5
2018,43.828335,0.14945595,819.0752,5.378767903997368,12.449019,ec_earth3_cc,SSP5-8.5
2019,43.317413,0.1269893,727.3415,4.988619091026492,11.80037,ec_earth3_cc,SSP5-8.5
2020,42.212803,0.1742834,468.87714,4.987935634441194,29.499857,ec_earth3_cc,SSP5-8.5
2021,48.672016,0.163438,582.811,3.932878986264351,32.44356,ec_earth3_cc,SSP5-8.5
2022,45.956894,0.14706889,503.6998,4.874615634025627,29.321184,ec_earth3_cc,SSP5-8.5
2023,43.171543,0.18233234,470.08624,5.152263562349149,6.142917,ec_earth3_cc,SSP5-8.5
2024,41.25094,0.1254326,756.15936,5.866155429431533,6.723742,ec_earth3_cc,SSP5-8.5
2025,53.26401,0.17446059,919.4971,4.563537795959632,27.626022,ec_earth3_cc,SSP5-8.5
2026,48.984325,0.1520899,775.82965,4.626672106827676,28.556883,ec_earth3_cc,SSP5-8.5
2027,47.047672,0.15281196,608.7989,5.51401601911433,16.372095,ec_earth3_cc,SSP5-8.5
2028,45.912136,0.12442383,887.18475,5.189092520521208,23.300932,ec_earth3_cc,SSP5-8.5
2029,46.88033,0.13515289,763.8398,5.198535506085409,9.295287,ec_earth3_cc,SSP5-8.5
2030,46.442234,0.13491699,777.384,4.470994948462181,30.605925,ec_earth3_cc,SSP5-8.5
2031,43.166843,0.15680508,536.239,4.16256753644896,37.01842,ec_earth3_cc,SSP5-8.5
2032,44.691273,0.16028346,520.99835,5.096133392064428,9.4873705,ec_earth3_cc,SSP5-8.5
2033,47.32848,0.16353805,629.6133,5.159271905855301,9.205705,ec_earth3_cc,SSP5-8.5
2034,55.555878,0.18502937,839.43304,4.465029855245304,23.195702,ec_earth3_cc,SSP5-8.5
2035,56.912777,0.21727699,849.69867,3.805279074518149,31.709284,ec_earth3_cc,SSP5-8.5
2036,44.03172,0.15930356,760.03326,5.924755751032902,30.212423,ec_earth3_cc,SSP5-8.5
2037,47.197636,0.118709885,613.80865,4.979535426442964,9.880337,ec_earth3_cc,SSP5-8.5
2038,45.857197,0.14067651,760.1048,5.8465758206791465,7.8761706,ec_earth3_cc,SSP5-8.5
2039,42.530926,0.14221342,440.13983,4.350781878927744,13.882218,ec_earth3_cc,SSP5-8.5
2040,46.008633,0.15780136,711.07355,5.535552022345628,15.564845,ec_earth3_cc,SSP5-8.5
2041,43.202587,0.15066485,595.9862,5.939923657665187,20.620613,ec_earth3_cc,SSP5-8.5
2042,44.976437,0.15139157,780.13605,5.24060491823421,9.807472,ec_earth3_cc,SSP5-8.5
2043,48.8114,0.17612232,804.5685,4.238011319101708,51.446354,ec_earth3_cc,SSP5-8.5
2044,42.735367,0.1194025,775.11646,6.282397911669065,9.492571,ec_earth3_cc,SSP5-8.5
2045,41.28505,0.14156044,561.2774,6.462994998036329,3.9692953,ec_earth3_cc,SSP5-8.5
2046,44.14983,0.12913583,693.10144,5.781570307619848,17.260954,ec_earth3_cc,SSP5-8.5
2047,43.286274,0.1549581,663.068,5.923639270656765,22.480936,ec_earth3_cc,SSP5-8.5
2048,47.536213,0.16664104,574.4469,5.1786410165946934,12.163109,ec_earth3_cc,SSP5-8.5
2049,48.548687,0.14312536,716.36316,5.50723321095126,16.047564,ec_earth3_cc,SSP5-8.5
2050,47.162,0.1301649,654.9831,4.862734275189816,21.54391,ec_earth3_cc,SSP5-8.5
2051,46.844715,0.15521456,871.0685,6.072436223176486,15.332916,ec_earth3_cc,SSP5-8.5
2052,44.60275,0.14427155,391.68948,5.292790381058395,20.21131,ec_earth3_cc,SSP5-8.5
2053,47.30721,0.15431188,883.154,6.702665080645597,18.861647,ec_earth3_cc,SSP5-8.5
2054,42.18227,0.13837577,530.71124,6.453543455914075,39.404087,ec_earth3_cc,SSP5-8.5
2055,48.985165,0.15070452,830.6148,5.779444084706392,12.365001,ec_earth3_cc,SSP5-8.5
2056,39.890976,0.1423934,688.14886,6.470441572537566,33.08871,ec_earth3_cc,SSP5-8.5
2057,39.850353,0.16179462,376.41263,6.248926555468756,7.798226,ec_earth3_cc,SSP5-8.5
2058,47.479595,0.13688093,652.64874,6.447463738223515,15.547043,ec_earth3_cc,SSP5-8.5
2059,46.724167,0.1237418,762.1011,6.160964086924363,10.088965,ec_earth3_cc,SSP5-8.5
2060,45.157375,0.14777471,764.2258,6.171152840859526,19.69995,ec_earth3_cc,SSP5-8.5
2061,47.336758,0.1383116,679.50757,6.88424493892682,8.002187,ec_earth3_cc,SSP5-8.5
2062,39.132572,0.13671781,672.9634,7.681689968337995,6.8480306,ec_earth3_cc,SSP5-8.5
2063,45.37283,0.15480813,523.81177,5.672022512294956,27.379913,ec_earth3_cc,SSP5-8.5
2064,44.343884,0.1402406,803.9776,6.6893524814536365,16.543907,ec_earth3_cc,SSP5-8.5
2065,38.26668,0.116783984,659.99725,7.029831880791506,10.192664,ec_earth3_cc,SSP5-8.5
2066,44.49117,0.14341058,729.1273,7.423809271235676,12.352105,ec_earth3_cc,SSP5-8.5
2067,47.969044,0.15442754,590.30066,6.445873645126979,8.175529,ec_earth3_cc,SSP5-8.5
2068,45.940945,0.14310916,463.3489,6.042131670523646,20.959509,ec_earth3_cc,SSP5-8.5
2069,40.731403,0.1391763,607.59314,7.087270147549428,31.479769,ec_earth3_cc,SSP5-8.5
2070,40.04163,0.16902797,510.26678,6.768210413261642,34.35659,ec_earth3_cc,SSP5-8.5
2071,37.498043,0.13537237,719.79443,8.471478303922938,4.03834,ec_earth3_cc,SSP5-8.5
2072,42.33134,0.14058155,737.86566,7.55967407122878,2.3395863,ec_earth3_cc,SSP5-8.5
2073,34.47102,0.0968845,586.4337,8.600924890646633,4.352763,ec_earth3_cc,SSP5-8.5
2074,33.42174,0.12615602,521.4545,9.24297358678576,4.085774,ec_earth3_cc,SSP5-8.5
2075,37.045254,0.12832285,654.8644,9.393017364475172,2.3344314,ec_earth3_cc,SSP5-8.5
2076,36.69298,0.11095437,397.96582,9.27165388133783,2.5880718,ec_earth3_cc,SSP5-8.5
2077,39.02872,0.13086303,441.63205,7.693560113427112,9.665767,ec_earth3_cc,SSP5-8.5
2078,36.07232,0.09499528,822.9177,8.76874886437084,1.1432444,ec_earth3_cc,SSP5-8.5
2079,40.708763,0.11067959,683.63995,8.553199129757868,2.615853,ec_earth3_cc,SSP5-8.5
2080,38.031437,0.13217829,652.77264,8.91015447477678,6.434303,ec_earth3_cc,SSP5-8.5
2081,38.491573,0.13178638,575.58905,8.783409557941576,8.630238,ec_earth3_cc,SSP5-8.5
2082,41.081257,0.1555532,594.8375,7.371391259151745,39.35552,ec_earth3_cc,SSP5-8.5
2083,40.174297,0.13080484,762.4143,8.736945139931453,16.896414,ec_earth3_cc,SSP5-8.5
2084,35.587513,0.10561603,781.08777,10.349940673983099,1.5360441,ec_earth3_cc,SSP5-8.5
2085,39.370983,0.093451224,823.22656,9.241211128962634,2.3302453,ec_earth3_cc,SSP5-8.5
2086,39.5047,0.12620115,879.1404,9.55257310147461,3.5596514,ec_earth3_cc,SSP5-8.5
2087,31.571577,0.098623626,570.6181,10.708390791790555,1.6759726,ec_earth3_cc,SSP5-8.5
2088,40.338562,0.10845687,735.96094,8.966306222309145,1.9591756,ec_earth3_cc,SSP5-8.5
2089,33.340923,0.06711896,730.40924,9.742435559624418,5.225096,ec_earth3_cc,SSP5-8.5
2090,39.43429,0.11570137,709.668,9.729161010410078,2.0328467,ec_earth3_cc,SSP5-8.5
2091,35.57291,0.099352755,738.1515,9.768585045980215,6.5555725,ec_earth3_cc,SSP5-8.5
2092,36.044422,0.087307654,717.11615,9.17435794511171,4.3505435,ec_earth3_cc,SSP5-8.5
2093,40.5833,0.12505148,714.2462,9.402348434180078,16.38913,ec_earth3_cc,SSP5-8.5
2094,37.312748,0.114549,1045.1636,10.623865429109443,2.1959255,ec_earth3_cc,SSP5-8.5
2095,35.906845,0.11343846,646.5853,10.798000804230739,8.767502,ec_earth3_cc,SSP5-8.5
2096,38.885258,0.13391541,648.1255,9.454004675357071,9.788298,ec_earth3_cc,SSP5-8.5
2097,33.04662,0.089966275,727.1139,11.315539322115585,4.67738,ec_earth3_cc,SSP5-8.5
2098,41.96739,0.1042349,708.95886,10.136144547469398,2.006108,ec_earth3_cc,SSP5-8.5
2099,34.492794,0.09596781,768.5691,10.785715544222887,3.5312765,ec_earth3_cc,SSP5-8.5
2015,46.058765,0.16501369,539.9375,5.48485744534618,3.5112054,ipsl_cm6a_lr,SSP2-4.5
2016,44.990402,0.15303883,783.88806,5.77977008630375,3.1733491,ipsl_cm6a_lr,SSP2-4.5
2017,49.57874,0.15116952,466.85977,4.2130198813142545,8.954228,ipsl_cm6a_lr,SSP2-4.5
2018,46.019684,0.16087805,502.1672,4.474569499154157,40.263336,ipsl_cm6a_lr,SSP2-4.5
2019,48.846775,0.16624351,926.43353,4.554178376001968,30.182669,ipsl_cm6a_lr,SSP2-4.5
2020,46.025665,0.16395317,720.06323,5.204230845825308,4.2106957,ipsl_cm6a_lr,SSP2-4.5
2021,48.05702,0.16407205,784.00085,5.630421186397105,10.103505,ipsl_cm6a_lr,SSP2-4.5
2022,43.682724,0.14186187,840.1577,5.024341324537814,22.340929,ipsl_cm6a_lr,SSP2-4.5
2023,41.64268,0.14292566,408.98364,5.452901797454356,1.8663405,ipsl_cm6a_lr,SSP2-4.5
2024,46.741604,0.16374816,704.2088,4.702870163249401,22.371046,ipsl_cm6a_lr,SSP2-4.5
2025,50.53683,0.16602321,893.81274,5.174097294989228,12.913026,ipsl_cm6a_lr,SSP2-4.5
2026,51.430378,0.16345759,796.99335,4.730152627391396,18.00636,ipsl_cm6a_lr,SSP2-4.5
2027,45.306213,0.17797838,576.389,4.7204659731770855,30.590353,ipsl_cm6a_lr,SSP2-4.5
2028,49.2222,0.12037482,775.73895,4.949894055733577,4.8584847,ipsl_cm6a_lr,SSP2-4.5
2029,46.42175,0.16894333,882.0893,5.9611701941139605,21.286055,ipsl_cm6a_lr,SSP2-4.5
2030,51.92735,0.14903285,779.26526,4.6639661019318615,40.48859,ipsl_cm6a_lr,SSP2-4.5
2031,53.142136,0.1605498,700.6258,4.2322236736858345,12.644859,ipsl_cm6a_lr,SSP2-4.5
2032,46.866253,0.16583689,596.7744,4.541443508496349,21.83042,ipsl_cm6a_lr,SSP2-4.5
2033,40.859093,0.13862303,686.5114,6.000444593036462,7.2667174,ipsl_cm6a_lr,SSP2-4.5
2034,45.134235,0.14700705,658.1664,4.908801934836572,12.85389,ipsl_cm6a_lr,SSP2-4.5
2035,46.98296,0.11990868,930.21814,5.586400041868487,5.079009,ipsl_cm6a_lr,SSP2-4.5
2036,47.28493,0.19598897,515.8582,4.7869344747415665,5.8205605,ipsl_cm6a_lr,SSP2-4.5
2037,43.28165,0.14655332,516.18524,6.0196244162873676,7.0255504,ipsl_cm6a_lr,SSP2-4.5
2038,43.289623,0.15367909,694.13184,6.338148246478315,3.1037827,ipsl_cm6a_lr,SSP2-4.5
2039,46.260162,0.124046214,726.30725,5.92680414462134,2.8706515,ipsl_cm6a_lr,SSP2-4.5
2040,41.15816,0.13492143,653.58655,6.3557642672961565,23.43097,ipsl_cm6a_lr,SSP2-4.5
2041,40.802185,0.13682412,490.08276,6.3435312818037906,5.0101604,ipsl_cm6a_lr,SSP2-4.5
2042,44.795242,0.14906794,834.44495,6.300801089325472,1.5102824,ipsl_cm6a_lr,SSP2-4.5
2043,41.675724,0.132783,539.4409,5.745344219808735,15.161659,ipsl_cm6a_lr,SSP2-4.5
2044,46.47185,0.12643829,757.71185,5.91996708836935,2.9892921,ipsl_cm6a_lr,SSP2-4.5
2045,44.261456,0.145458,744.19617,6.030651787478373,11.149978,ipsl_cm6a_lr,SSP2-4.5
2046,41.386242,0.14536779,654.50684,6.785047653692694,28.26504,ipsl_cm6a_lr,SSP2-4.5
2047,43.61319,0.14551018,579.6849,6.588448841061944,2.3483846,ipsl_cm6a_lr,SSP2-4.5
2048,43.721294,0.14075114,834.0946,6.154728387615947,4.166718,ipsl_cm6a_lr,SSP2-4.5
2049,42.588852,0.12592381,641.5735,6.698066336363593,4.115019,ipsl_cm6a_lr,SSP2-4.5
2050,46.325207,0.14481072,787.4453,6.230467446825632,4.8816457,ipsl_cm6a_lr,SSP2-4.5
2051,46.221985,0.12449634,662.6375,6.15035446829205,0.71356684,ipsl_cm6a_lr,SSP2-4.5
2052,41.898663,0.13900425,572.3347,5.799092783311462,4.2430863,ipsl_cm6a_lr,SSP2-4.5
2053,43.742718,0.14149903,710.1451,6.128869910526746,6.0230346,ipsl_cm6a_lr,SSP2-4.5
2054,45.629242,0.13428849,793.6741,7.153457834644461,4.031525,ipsl_cm6a_lr,SSP2-4.5
2055,43.386887,0.14111222,727.6429,6.637285239334396,5.005063,ipsl_cm6a_lr,SSP2-4.5
2056,39.84479,0.13804446,692.34906,7.057778913339168,2.6919043,ipsl_cm6a_lr,SSP2-4.5
2057,46.264633,0.15361042,549.5983,6.069834015278418,4.096762,ipsl_cm6a_lr,SSP2-4.5
2058,41.21211,0.12894215,702.1801,6.959408725474371,3.3220065,ipsl_cm6a_lr,SSP2-4.5
2059,49.884323,0.13741715,767.4803,6.870228666263817,5.3639293,ipsl_cm6a_lr,SSP2-4.5
2060,44.70169,0.14174457,734.42865,6.904840472646388,1.7819852,ipsl_cm6a_lr,SSP2-4.5
2061,49.824306,0.15189321,852.1152,6.277848618718646,4.7997546,ipsl_cm6a_lr,SSP2-4.5
2062,43.11667,0.1311584,913.2934,7.049410115827772,2.5575452,ipsl_cm6a_lr,SSP2-4.5
2063,43.928104,0.1356981,545.3802,6.617614334088955,9.2283125,ipsl_cm6a_lr,SSP2-4.5
2064,46.1109,0.12827991,657.15906,6.819959680139088,3.1243536,ipsl_cm6a_lr,SSP2-4.5
2065,39.837463,0.122443706,592.62177,6.698391033060301,14.217698,ipsl_cm6a_lr,SSP2-4.5
2066,42.984985,0.12619884,702.4096,7.121509721903467,2.1278694,ipsl_cm6a_lr,SSP2-4.5
2067,41.74773,0.13467358,654.52246,7.3993347205891675,1.3945159,ipsl_cm6a_lr,SSP2-4.5
2068,44.086445,0.1341339,591.8115,6.660539912723766,2.1651022,ipsl_cm6a_lr,SSP2-4.5
2069,42.112072,0.1522071,602.7263,6.811063125067288,15.917423,ipsl_cm6a_lr,SSP2-4.5
2070,40.957783,0.13541527,913.61035,8.144854362798212,3.2320929,ipsl_cm6a_lr,SSP2-4.5
2071,44.909527,0.122962534,588.81805,7.3163399440251595,1.3921341,ipsl_cm6a_lr,SSP2-4.5
2072,42.39948,0.13145836,777.5412,7.764901985029971,4.136129,ipsl_cm6a_lr,SSP2-4.5
2073,42.690006,0.1588476,561.79395,6.7379959482694085,9.924342,ipsl_cm6a_lr,SSP2-4.5
2074,42.1815,0.13267468,687.4674,7.3060932160167384,2.2468584,ipsl_cm6a_lr,SSP2-4.5
2075,43.14832,0.14285499,724.1304,6.772110204561414,2.67228,ipsl_cm6a_lr,SSP2-4.5
2076,41.87141,0.11344733,728.3409,7.628514917933096,2.510412,ipsl_cm6a_lr,SSP2-4.5
2077,39.034073,0.13868192,575.68884,7.479727900360795,2.7763636,ipsl_cm6a_lr,SSP2-4.5
2078,39.589565,0.12047177,588.269,7.130996017981193,3.6417332,ipsl_cm6a_lr,SSP2-4.5
2079,41.64074,0.114255734,857.45654,8.011799603059563,0.6618088,ipsl_cm6a_lr,SSP2-4.5
2080,43.159973,0.12891138,747.3193,6.830718744222125,3.6371746,ipsl_cm6a_lr,SSP2-4.5
2081,43.392376,0.13816427,675.5758,6.9302963502032355,2.366271,ipsl_cm6a_lr,SSP2-4.5
2082,41.08511,0.14279297,638.0331,7.301160532930287,5.542429,ipsl_cm6a_lr,SSP2-4.5
2083,40.69015,0.12765586,784.2977,7.805936882394948,2.1754854,ipsl_cm6a_lr,SSP2-4.5
2084,35.56537,0.11505457,891.37396,8.671918925122421,0.9505479,ipsl_cm6a_lr,SSP2-4.5
2085,45.311687,0.16077082,696.4027,6.703482846129403,5.0842967,ipsl_cm6a_lr,SSP2-4.5
2086,41.602497,0.13877572,672.7747,7.364075848719257,3.09661,ipsl_cm6a_lr,SSP2-4.5
2087,40.174747,0.1376468,721.12103,7.221520309659816,1.5874971,ipsl_cm6a_lr,SSP2-4.5
2088,38.16241,0.13065287,874.18677,7.28931803403178,4.4221983,ipsl_cm6a_lr,SSP2-4.5
2089,40.473324,0.12486849,695.4676,7.352011002556195,2.2368004,ipsl_cm6a_lr,SSP2-4.5
2090,40.39224,0.11971598,658.68024,7.68914978947427,1.6702791,ipsl_cm6a_lr,SSP2-4.5
2091,44.305313,0.140204,531.3543,6.3642668510372635,16.800692,ipsl_cm6a_lr,SSP2-4.5
2092,43.344532,0.13753654,692.3995,7.006473069551357,5.8468604,ipsl_cm6a_lr,SSP2-4.5
2093,46.24243,0.1485226,681.70776,6.9086391478036475,4.802447,ipsl_cm6a_lr,SSP2-4.5
2094,42.471577,0.134789,778.93945,7.381670444292543,3.683973,ipsl_cm6a_lr,SSP2-4.5
2095,40.087914,0.14195505,526.8565,7.478725701969236,4.3941426,ipsl_cm6a_lr,SSP2-4.5
2096,41.515133,0.13653299,701.36847,8.131802240311957,0.55927986,ipsl_cm6a_lr,SSP2-4.5
2097,39.596584,0.14538307,597.67444,6.883816359557815,0.6647753,ipsl_cm6a_lr,SSP2-4.5
2098,38.951897,0.123432435,785.99396,8.426185305649755,1.9390627,ipsl_cm6a_lr,SSP2-4.5
2099,41.431,0.14915091,724.5445,8.610848277486632,1.3635708,ipsl_cm6a_lr,SSP2-4.5
2015,50.054264,0.17092389,515.2571,4.58359735819564,10.967874,ipsl_cm6a_lr,SSP5-8.5
2016,48.824127,0.15475905,791.8464,4.411200824713984,20.85469,ipsl_cm6a_lr,SSP5-8.5
2017,46.336926,0.18952315,475.35022,4.04744392905763,26.223803,ipsl_cm6a_lr,SSP5-8.5
2018,49.890675,0.15328513,636.21045,4.733603539791904,2.9332829,ipsl_cm6a_lr,SSP5-8.5
2019,51.267933,0.14512391,633.79755,4.449012974093641,13.130792,ipsl_cm6a_lr,SSP5-8.5
2020,42.399582,0.12845063,724.78357,5.1929118686648605,16.119291,ipsl_cm6a_lr,SSP5-8.5
2021,46.907776,0.14708158,707.7974,5.336135517726567,7.7119203,ipsl_cm6a_lr,SSP5-8.5
2022,46.36339,0.14813085,721.17365,5.517404365910994,4.2990065,ipsl_cm6a_lr,SSP5-8.5
2023,44.046906,0.17155194,461.08698,4.647556006430402,23.75125,ipsl_cm6a_lr,SSP5-8.5
2024,51.876373,0.14312585,941.9297,3.9983103721761757,20.343958,ipsl_cm6a_lr,SSP5-8.5
2025,46.677094,0.17154372,416.11917,5.35980474705075,7.8241725,ipsl_cm6a_lr,SSP5-8.5
2026,45.72708,0.1534243,548.04553,4.623618841056571,16.730932,ipsl_cm6a_lr,SSP5-8.5
2027,50.02483,0.16201504,936.2231,5.54277958029457,13.464646,ipsl_cm6a_lr,SSP5-8.5
2028,50.878826,0.16358468,822.09204,4.938699840298248,12.4328375,ipsl_cm6a_lr,SSP5-8.5
2029,43.99396,0.13744466,589.44476,4.8985577025886755,41.293633,ipsl_cm6a_lr,SSP5-8.5
2030,44.739727,0.13650708,846.28235,5.542977224067548,14.448761,ipsl_cm6a_lr,SSP5-8.5
2031,47.517513,0.13832766,803.3317,5.905435812893633,3.4141428,ipsl_cm6a_lr,SSP5-8.5
2032,47.87616,0.16600281,778.88153,4.844421345528795,14.191319,ipsl_cm6a_lr,SSP5-8.5
2033,49.792843,0.1486371,1015.7007,5.08220449739745,3.9107912,ipsl_cm6a_lr,SSP5-8.5
2034,45.582096,0.15532874,803.08514,6.406554482452758,2.373523,ipsl_cm6a_lr,SSP5-8.5
2035,50.840317,0.16002364,748.6813,5.451694761467611,5.3327336,ipsl_cm6a_lr,SSP5-8.5
2036,45.602245,0.14532678,903.2867,5.933165186699381,5.115158,ipsl_cm6a_lr,SSP5-8.5
2037,46.846436,0.13908997,734.4612,5.417132742634737,3.75536,ipsl_cm6a_lr,SSP5-8.5
2038,42.988255,0.12995093,716.38855,6.914357163656611,5.602675,ipsl_cm6a_lr,SSP5-8.5
2039,46.560932,0.148078,721.85547,5.7540830698211325,3.6198575,ipsl_cm6a_lr,SSP5-8.5
2040,48.115253,0.12705031,825.0645,6.0299746259011044,8.807037,ipsl_cm6a_lr,SSP5-8.5
2041,40.782894,0.12804583,810.56177,6.817412158841663,3.015771,ipsl_cm6a_lr,SSP5-8.5
2042,46.055096,0.15909378,452.88382,5.381965647955377,3.5946743,ipsl_cm6a_lr,SSP5-8.5
2043,44.940826,0.17842026,710.55975,5.9268293957280775,5.216743,ipsl_cm6a_lr,SSP5-8.5
2044,43.512882,0.11959276,615.61035,6.70834757898383,2.729962,ipsl_cm6a_lr,SSP5-8.5
2045,40.833714,0.13732028,648.8119,5.67858847710687,9.847381,ipsl_cm6a_lr,SSP5-8.5
2046,46.61157,0.14396875,1017.82764,6.491382890962947,4.0868554,ipsl_cm6a_lr,SSP5-8.5
2047,43.850025,0.13647528,729.0179,6.457107298439123,4.3857417,ipsl_cm6a_lr,SSP5-8.5
2048,41.201176,0.13001378,620.23627,6.448758578420435,7.5001183,ipsl_cm6a_lr,SSP5-8.5
2049,43.693745,0.13971323,487.4093,6.751517641210994,4.392866,ipsl_cm6a_lr,SSP5-8.5
2050,38.16113,0.13869536,600.6702,6.521165140324602,9.466635,ipsl_cm6a_lr,SSP5-8.5
2051,45.155346,0.14966212,677.9433,6.7678489180079175,19.090174,ipsl_cm6a_lr,SSP5-8.5
2052,43.45352,0.13163543,673.2557,6.680813191729943,4.3941593,ipsl_cm6a_lr,SSP5-8.5
2053,40.430668,0.12628786,602.6801,7.218743446538453,1.3313583,ipsl_cm6a_lr,SSP5-8.5
2054,41.43583,0.108935975,777.3889,7.284482726553947,2.9785383,ipsl_cm6a_lr,SSP5-8.5
2055,43.180126,0.10728734,586.1835,6.554261795734246,1.7026383,ipsl_cm6a_lr,SSP5-8.5
2056,44.380035,0.123009466,663.69257,7.049777719769117,1.747001,ipsl_cm6a_lr,SSP5-8.5
2057,39.72063,0.12261813,828.0597,7.976550317859558,1.5168009,ipsl_cm6a_lr,SSP5-8.5
2058,41.281788,0.11348585,725.50665,7.98158968933944,1.751089,ipsl_cm6a_lr,SSP5-8.5
2059,40.762756,0.1344739,469.58044,7.271527021348938,4.1702867,ipsl_cm6a_lr,SSP5-8.5
2060,40.599655,0.14712857,732.5539,8.092190287964984,1.1460891,ipsl_cm6a_lr,SSP5-8.5
2061,38.162018,0.1188268,757.37933,7.9225930205991055,1.9784875,ipsl_cm6a_lr,SSP5-8.5
2062,41.335964,0.12894855,1060.8668,8.521379834438376,0.6931369,ipsl_cm6a_lr,SSP5-8.5
2063,44.954967,0.12831338,705.7577,7.4115081711004835,1.7194513,ipsl_cm6a_lr,SSP5-8.5
2064,40.905025,0.10118089,702.50116,8.159207635059834,1.8506289,ipsl_cm6a_lr,SSP5-8.5
2065,45.467052,0.1315393,581.2073,6.858803972639144,7.499349,ipsl_cm6a_lr,SSP5-8.5
2066,37.325035,0.12331441,611.7854,8.531326730164478,2.35626,ipsl_cm6a_lr,SSP5-8.5
2067,39.48382,0.109965414,744.0124,8.796614501088895,1.4770592,ipsl_cm6a_lr,SSP5-8.5
2068,36.966515,0.117366016,697.88617,9.208763897751487,0.36545697,ipsl_cm6a_lr,SSP5-8.5
2069,42.111935,0.14212178,759.7224,8.28381448926848,3.8581371,ipsl_cm6a_lr,SSP5-8.5
2070,41.492188,0.12914346,858.72876,8.565652936307371,1.9662,ipsl_cm6a_lr,SSP5-8.5
2071,40.639038,0.11984134,646.41156,7.705918398779044,7.3668766,ipsl_cm6a_lr,SSP5-8.5
2072,38.21052,0.11376896,698.92474,9.484973301574398,0.45329356,ipsl_cm6a_lr,SSP5-8.5
2073,38.386272,0.115074806,587.0866,8.721886819321469,1.1752315,ipsl_cm6a_lr,SSP5-8.5
2074,34.2889,0.11119768,710.20825,9.19389835215861,0.22447564,ipsl_cm6a_lr,SSP5-8.5
2075,36.63329,0.105492115,831.2902,10.307506101728302,0.85562605,ipsl_cm6a_lr,SSP5-8.5
2076,44.608616,0.14790194,653.74365,7.726342454675351,1.4510568,ipsl_cm6a_lr,SSP5-8.5
2077,34.857372,0.10254249,616.6355,10.030586934562526,0.8092467,ipsl_cm6a_lr,SSP5-8.5
2078,32.1954,0.09415439,654.7317,9.394376810864609,0.68613815,ipsl_cm6a_lr,SSP5-8.5
2079,38.745983,0.12991053,630.1096,9.60263220164483,1.022976,ipsl_cm6a_lr,SSP5-8.5
2080,37.81869,0.12193798,565.924,9.343516562616694,1.58531,ipsl_cm6a_lr,SSP5-8.5
2081,37.820698,0.11972027,685.9607,9.889549454034286,1.5607662,ipsl_cm6a_lr,SSP5-8.5
2082,31.671507,0.1004923,911.51184,10.496297892407577,0.20091014,ipsl_cm6a_lr,SSP5-8.5
2083,39.207947,0.114888616,635.42645,9.33737558988807,0.8994835,ipsl_cm6a_lr,SSP5-8.5
2084,29.593351,0.098315604,461.0776,10.746099528149765,1.0938941,ipsl_cm6a_lr,SSP5-8.5
2085,36.65523,0.11796731,735.6371,10.489788932208304,0.9169791,ipsl_cm6a_lr,SSP5-8.5
2086,35.43933,0.11156404,550.0288,9.133722523721312,2.2532382,ipsl_cm6a_lr,SSP5-8.5
2087,33.206234,0.1034331,871.9536,11.21323209650914,0.36283484,ipsl_cm6a_lr,SSP5-8.5
2088,35.634922,0.12635307,970.982,10.560830523565356,0.44680858,ipsl_cm6a_lr,SSP5-8.5
2089,29.598495,0.098736875,771.6845,11.385941243644558,0.3636018,ipsl_cm6a_lr,SSP5-8.5
2090,35.55615,0.11871583,651.833,11.319148437654974,0.462993,ipsl_cm6a_lr,SSP5-8.5
2091,36.27078,0.098441005,836.3969,11.097691843083227,0.33937147,ipsl_cm6a_lr,SSP5-8.5
2092,32.08638,0.10855358,441.68958,10.292665187159566,1.1933144,ipsl_cm6a_lr,SSP5-8.5
2093,33.88916,0.120424904,848.8162,10.96002135822628,0.30477652,ipsl_cm6a_lr,SSP5-8.5
2094,31.616354,0.09291425,842.48456,12.003792500968776,0.25117692,ipsl_cm6a_lr,SSP5-8.5
2095,29.858736,0.10170617,459.50912,11.863996561841171,0.65916747,ipsl_cm6a_lr,SSP5-8.5
2096,34.90891,0.12622897,912.2247,11.638682739412786,0.58714443,ipsl_cm6a_lr,SSP5-8.5
2097,27.499651,0.09469486,806.5832,12.020994242505234,0.7882039,ipsl_cm6a_lr,SSP5-8.5
2098,38.613876,0.10227833,810.7675,11.152645538737666,0.41963616,ipsl_cm6a_lr,SSP5-8.5
2099,27.500238,0.09563702,586.6445,11.897682881828151,0.74912375,ipsl_cm6a_lr,SSP5-8.5
2015,48.59261,0.16136608,982.01544,4.8612144112926865,0.3102149,miroc6,SSP2-4.5
2016,52.31595,0.15446393,578.35266,3.8311110091561926,0.65791094,miroc6,SSP2-4.5
2017,57.027447,0.18888122,899.34753,3.5891339721975335,0.2564849,miroc6,SSP2-4.5
2018,50.303997,0.18070132,696.7192,4.149241378748429,4.016791,miroc6,SSP2-4.5
2019,53.558533,0.14530489,806.703,4.484640708193749,0.683521,miroc6,SSP2-4.5
2020,50.774765,0.18966365,685.1933,4.870290695219272,0.4959949,miroc6,SSP2-4.5
2021,47.09967,0.16641314,822.25336,5.741031358207696,0.04647365,miroc6,SSP2-4.5
2022,47.34345,0.15935849,809.0828,5.726295803449964,0.0016896516,miroc6,SSP2-4.5
2023,50.14256,0.14289449,879.3384,5.279509513571409,0.010028587,miroc6,SSP2-4.5
2024,48.771404,0.16185677,613.0381,5.34732923746365,0.012040057,miroc6,SSP2-4.5
2025,50.039337,0.17794687,681.36755,5.321930170677715,0.3545829,miroc6,SSP2-4.5
2026,49.19368,0.20306261,728.2773,5.3549811277935255,2.1250684,miroc6,SSP2-4.5
2027,52.6895,0.19921623,806.49695,4.858293037106662,0.3837435,miroc6,SSP2-4.5
2028,48.547237,0.17178439,604.8077,3.8683653364662995,0.4523777,miroc6,SSP2-4.5
2029,51.849804,0.15594764,915.9752,5.284721871611107,0.58472794,miroc6,SSP2-4.5
2030,48.86687,0.17920123,637.0181,5.2087468331025315,0.18873782,miroc6,SSP2-4.5
2031,44.27289,0.17046882,645.41095,5.482643604454331,0.11761933,miroc6,SSP2-4.5
2032,50.853928,0.16590574,599.59924,4.936336484692926,0.005583361,miroc6,SSP2-4.5
2033,48.013138,0.15668315,798.31915,5.805900991932325,0.058321234,miroc6,SSP2-4.5
2034,46.814617,0.16138668,974.9695,6.46216316398008,0.08047546,miroc6,SSP2-4.5
2035,45.97009,0.18434982,836.44556,7.004569146382984,0.08376943,miroc6,SSP2-4.5
2036,46.515167,0.17977928,691.88104,5.839461443577734,3.885017e-05,miroc6,SSP2-4.5
2037,46.122025,0.12957726,859.5328,7.185911493337099,0.4422227,miroc6,SSP2-4.5
2038,49.817432,0.14624096,785.68945,5.223602180434343,0.18714984,miroc6,SSP2-4.5
2039,46.43732,0.16179419,731.74585,5.774725675063746,0.06602574,miroc6,SSP2-4.5
2040,47.48837,0.16276604,848.7032,6.714878364825075,0.0016743821,miroc6,SSP2-4.5
2041,49.62533,0.16374764,984.66956,6.134017490123711,0.00044206958,miroc6,SSP2-4.5
2042,50.451458,0.16613485,505.06427,4.743192188199143,0.21788318,miroc6,SSP2-4.5
2043,51.269176,0.14679478,701.9546,4.890552396712093,0.7355141,miroc6,SSP2-4.5
2044,46.863476,0.1798435,753.18085,5.681268133386827,0.4849995,miroc6,SSP2-4.5
2045,43.987713,0.14658684,882.9232,7.326341251346265,1.1018118e-05,miroc6,SSP2-4.5
2046,41.762215,0.13182516,1008.3592,7.372297325556045,0.0,miroc6,SSP2-4.5
2047,49.613525,0.13849178,791.8711,6.51095096188359,0.013063298,miroc6,SSP2-4.5
2048,51.87454,0.19478516,685.73047,4.454228883698025,2.1756861,miroc6,SSP2-4.5
2049,51.163563,0.16986866,761.23627,5.168712401002431,1.2541399,miroc6,SSP2-4.5
2050,44.80254,0.15577844,879.10443,6.885732844202505,4.6575806e-06,miroc6,SSP2-4.5
2051,50.549984,0.17115076,956.6247,6.2637946084328044,0.036506187,miroc6,SSP2-4.5
2052,49.23454,0.16589166,797.3304,6.123144851664507,0.005875658,miroc6,SSP2-4.5
2053,48.886257,0.16276635,846.3602,5.798058614198844,0.50077635,miroc6,SSP2-4.5
2054,45.154682,0.16013941,774.3842,6.7033738735321196,0.10406929,miroc6,SSP2-4.5
2055,46.53922,0.15469852,856.1796,7.111814346514173,0.000686896,miroc6,SSP2-4.5
2056,49.09853,0.16797824,776.7771,6.8188980868454765,0.098940246,miroc6,SSP2-4.5
2057,50.282513,0.15415,981.7778,6.170694620657165,0.28674257,miroc6,SSP2-4.5
2058,53.541767,0.15274422,970.7088,5.473693054373839,0.08873135,miroc6,SSP2-4.5
2059,53.104504,0.18847537,684.8553,4.974586040006715,1.2288698,miroc6,SSP2-4.5
2060,48.39818,0.18541609,685.25354,4.641161414525967,1.5730969,miroc6,SSP2-4.5
2061,46.36092,0.17941166,754.04047,6.3666290732157504,4.893207e-05,miroc6,SSP2-4.5
2062,45.396038,0.16525458,844.47595,6.725553951997071,0.0,miroc6,SSP2-4.5
2063,47.532043,0.16067423,760.9386,7.078448675285503,0.023168968,miroc6,SSP2-4.5
2064,45.812897,0.1804051,890.50714,7.058142693069331,0.3225738,miroc6,SSP2-4.5
2065,41.048603,0.140267,689.9597,6.527683597197985,0.004127224,miroc6,SSP2-4.5
2066,45.355534,0.14801405,756.6122,5.820224463406784,0.07848968,miroc6,SSP2-4.5
2067,49.527782,0.14686407,1029.0454,7.239456697827595,0.0003409054,miroc6,SSP2-4.5
2068,46.722607,0.1452673,854.0533,6.639237196518875,0.019816501,miroc6,SSP2-4.5
2069,45.837605,0.15376727,808.2008,6.740797597689361,0.6532698,miroc6,SSP2-4.5
2070,49.548336,0.15452439,758.7562,7.160976215716512,0.052028645,miroc6,SSP2-4.5
2071,40.169262,0.13549668,946.3556,7.809058981754757,0.044142973,miroc6,SSP2-4.5
2072,49.097794,0.15760295,868.34937,6.738028641835656,0.0,miroc6,SSP2-4.5
2073,45.229725,0.16965018,791.2592,6.732627406980588,0.008756441,miroc6,SSP2-4.5
2074,49.700775,0.16197497,773.2348,6.446965026048219,0.07911027,miroc6,SSP2-4.5
2075,45.73538,0.17363258,756.49243,7.221429218924342,0.20914145,miroc6,SSP2-4.5
2076,44.41307,0.1276393,753.6565,7.296476161703435,0.0052952766,miroc6,SSP2-4.5
2077,49.24443,0.16683696,1026.9714,6.750701405446374,0.03581494,miroc6,SSP2-4.5
2078,41.169506,0.122547895,736.3006,6.531783493068605,0.008646735,miroc6,SSP2-4.5
2079,45.97179,0.15130545,807.19507,7.247492210903185,0.08030451,miroc6,SSP2-4.5
2080,50.942486,0.17906897,758.8473,6.757779968898345,0.00025091885,miroc6,SSP2-4.5
2081,47.57265,0.14877167,894.947,6.246188003804934,0.43015382,miroc6,SSP2-4.5
2082,44.025517,0.14882319,789.8615,7.458545109430889,0.066729136,miroc6,SSP2-4.5
2083,48.79381,0.16573605,814.90216,6.2432982423964924,2.5730891,miroc6,SSP2-4.5
2084,46.42165,0.18523405,802.27563,7.20332630448772,0.061375067,miroc6,SSP2-4.5
2085,42.495773,0.14596255,795.3939,7.3715664608360205,0.0,miroc6,SSP2-4.5
2086,49.920147,0.17840044,847.99054,6.389444920318393,0.15681855,miroc6,SSP2-4.5
2087,46.743683,0.15726513,799.38086,7.244932775201204,0.014558491,miroc6,SSP2-4.5
2088,49.71518,0.15607753,763.8457,7.150246016045993,0.08649421,miroc6,SSP2-4.5
2089,45.791943,0.15566216,738.30786,6.714564292450004,0.077499576,miroc6,SSP2-4.5
2090,47.298702,0.1546378,941.38416,7.320251655827714,0.0024584308,miroc6,SSP2-4.5
2091,47.10136,0.14014061,801.8983,6.201842713678917,0.081985325,miroc6,SSP2-4.5
2092,41.453407,0.13854253,820.9961,6.990566224295061,0.0799052,miroc6,SSP2-4.5
2093,45.29421,0.15312408,822.2075,7.171746771413187,1.8816299e-06,miroc6,SSP2-4.5
2094,46.058453,0.16269,882.8146,7.168278261015018,0.0041305223,miroc6,SSP2-4.5
2095,46.336452,0.16709585,787.9977,7.301138488541319,0.00038165925,miroc6,SSP2-4.5
2096,45.055927,0.1568148,799.4708,7.623049343854706,0.0028197423,miroc6,SSP2-4.5
2097,43.8546,0.1431201,834.074,7.668815126702124,0.0023862289,miroc6,SSP2-4.5
2098,47.757824,0.14530802,792.66895,6.246057940335766,0.21182759,miroc6,SSP2-4.5
2099,45.459255,0.15453634,688.5366,6.179992919850963,0.0005205473,miroc6,SSP2-4.5
2015,50.04117,0.1909094,625.1775,4.812615266414586,0.65856767,miroc6,SSP5-8.5
2016,51.308777,0.19432802,715.67694,4.969322781586604,0.066118844,miroc6,SSP5-8.5
2017,54.91722,0.17870279,849.24896,4.480459360940023,0.00917014,miroc6,SSP5-8.5
2018,48.62891,0.17788045,464.06122,4.562442382586361,0.46653506,miroc6,SSP5-8.5
2019,53.853428,0.18661799,880.4298,5.068752389791453,0.33267137,miroc6,SSP5-8.5
2020,53.036617,0.18765022,830.1232,4.132383325014902,0.5236034,miroc6,SSP5-8.5
2021,47.26511,0.14603241,641.39484,5.280480596141289,0.36914483,miroc6,SSP5-8.5
2022,49.420765,0.15788294,751.6505,5.2635011880457165,0.032903288,miroc6,SSP5-8.5
2023,50.388397,0.17249651,933.3265,5.554620734995744,0.46273264,miroc6,SSP5-8.5
2024,48.6844,0.14177252,708.48834,4.755945200132668,1.1306887,miroc6,SSP5-8.5
2025,51.64539,0.19196415,790.4954,4.755867085332672,0.40133715,miroc6,SSP5-8.5
2026,48.79005,0.15893142,646.83966,4.36622497738615,3.4405625,miroc6,SSP5-8.5
2027,48.598232,0.15710248,748.46277,5.2021217487204,0.15661217,miroc6,SSP5-8.5
2028,51.274296,0.17093593,869.444,4.633280538189734,0.5280145,miroc6,SSP5-8.5
2029,54.920177,0.15723044,827.2941,4.240201574031988,0.25311682,miroc6,SSP5-8.5
2030,43.82375,0.14499295,1038.4161,7.288252123626587,0.00479495,miroc6,SSP5-8.5
2031,49.629436,0.1772678,724.1303,6.301914726079951,0.034306947,miroc6,SSP5-8.5
2032,50.938858,0.15628414,757.748,4.681238696982803,0.13308376,miroc6,SSP5-8.5
2033,44.323406,0.1576671,783.72766,6.563491799358502,0.0,miroc6,SSP5-8.5
2034,49.24069,0.15817942,708.30493,5.58218305772261,0.096919544,miroc6,SSP5-8.5
2035,49.924725,0.18163909,748.4779,5.910845761946379,0.019072792,miroc6,SSP5-8.5
2036,47.69975,0.1582252,525.3967,5.053229621158695,0.05536692,miroc6,SSP5-8.5
2037,50.382538,0.16160278,891.75104,5.529547142238769,0.09158254,miroc6,SSP5-8.5
2038,49.17506,0.19775385,729.9367,5.9730373354645225,0.24381562,miroc6,SSP5-8.5
2039,54.722286,0.16380195,1024.2349,5.493579400643958,0.13640796,miroc6,SSP5-8.5
2040,47.794094,0.1712063,631.1688,5.321130971590965,0.23145245,miroc6,SSP5-8.5
2041,46.713818,0.15014614,769.7198,5.857725426217396,0.14155182,miroc6,SSP5-8.5
2042,50.75778,0.17457171,773.2428,5.817137570386705,0.022261562,miroc6,SSP5-8.5
2043,47.174835,0.16692579,800.2037,6.580881694882163,0.3446964,miroc6,SSP5-8.5
2044,45.969486,0.13933037,912.3275,7.005969861702641,0.00030590835,miroc6,SSP5-8.5
2045,45.46056,0.14237137,714.71484,6.3213269134866374,1.679511e-05,miroc6,SSP5-8.5
2046,47.08875,0.16091186,804.9027,6.203973757620627,0.0,miroc6,SSP5-8.5
2047,46.19481,0.17298384,745.0458,6.376190986703592,0.107153095,miroc6,SSP5-8.5
2048,44.670307,0.14994822,918.1406,7.3704990911650095,0.00057407294,miroc6,SSP5-8.5
2049,46.539276,0.14847335,739.2881,6.104926586279448,0.0030683249,miroc6,SSP5-8.5
2050,44.227036,0.12932795,885.52924,7.018693498614493,0.035816785,miroc6,SSP5-8.5
2051,50.019028,0.1933155,791.8423,6.2469626903068916,0.34370518,miroc6,SSP5-8.5
2052,44.50861,0.15707387,801.48035,6.926599611097363,0.19526215,miroc6,SSP5-8.5
2053,47.317562,0.15951934,711.6769,6.60511498486461,0.004602877,miroc6,SSP5-8.5
2054,46.525433,0.1658044,798.0817,6.6252727280795485,0.003493757,miroc6,SSP5-8.5
2055,42.900715,0.1685005,985.9147,7.623461272876393,0.009633469,miroc6,SSP5-8.5
2056,50.871197,0.17083031,885.3964,7.040703310491748,0.03045735,miroc6,SSP5-8.5
2057,47.427414,0.15688473,865.8756,5.684749775437651,1.3603559,miroc6,SSP5-8.5
2058,45.052555,0.15242127,825.47363,8.249986101165158,0.10177318,miroc6,SSP5-8.5
2059,44.13246,0.14907485,740.26056,7.526873297776448,0.23143856,miroc6,SSP5-8.5
2060,42.531506,0.13236715,835.47424,7.457090983671997,0.054366697,miroc6,SSP5-8.5
2061,41.74104,0.1219801,866.1928,8.135619907744504,0.012131687,miroc6,SSP5-8.5
2062,43.563732,0.14805336,854.58105,7.011198152989077,0.21994628,miroc6,SSP5-8.5
2063,44.93297,0.15380296,756.32996,6.922418534565981,0.09191508,miroc6,SSP5-8.5
2064,43.187763,0.15264209,922.0849,8.250406629808708,0.040893484,miroc6,SSP5-8.5
2065,45.600067,0.14806552,880.44385,7.203908984201739,0.09153688,miroc6,SSP5-8.5
2066,45.85023,0.16769403,714.8438,6.72563865835063,0.046114102,miroc6,SSP5-8.5
2067,47.96934,0.1547669,950.0524,7.007168099912785,0.21649499,miroc6,SSP5-8.5
2068,44.123158,0.15046345,899.97205,8.398480601081587,0.20545918,miroc6,SSP5-8.5
2069,46.15105,0.15399818,888.5568,7.3169013445427,0.0,miroc6,SSP5-8.5
2070,42.76444,0.13387264,768.70807,8.352717584612952,0.0,miroc6,SSP5-8.5
2071,45.383255,0.16149327,982.16046,8.464126494588317,0.0014745853,miroc6,SSP5-8.5
2072,43.04187,0.14854608,869.66376,8.446263243344802,0.0004070974,miroc6,SSP5-8.5
2073,40.110302,0.122172795,959.2589,8.514190225867955,0.0,miroc6,SSP5-8.5
2074,45.307358,0.15297048,838.3518,7.780822086087095,0.022173055,miroc6,SSP5-8.5
2075,45.869198,0.14827971,847.589,7.853109073473507,0.1808551,miroc6,SSP5-8.5
2076,45.020035,0.14497118,947.6261,9.249451375480495,1.0105022e-06,miroc6,SSP5-8.5
2077,45.4929,0.15376131,869.0472,9.194915330460738,0.03359324,miroc6,SSP5-8.5
2078,38.132713,0.13928607,902.776,9.731391862383402,0.0,miroc6,SSP5-8.5
2079,44.015537,0.13555439,930.5826,8.720118531700162,0.00234587,miroc6,SSP5-8.5
2080,43.84543,0.13351828,932.28235,8.05704110127325,0.0,miroc6,SSP5-8.5
2081,47.094707,0.15204798,902.1159,8.257164861231045,0.37874708,miroc6,SSP5-8.5
2082,38.489697,0.1327373,883.19684,10.592423177238308,0.0,miroc6,SSP5-8.5
2083,44.73251,0.17239529,974.54926,8.848718252830105,0.0,miroc6,SSP5-8.5
2084,43.808964,0.16092114,910.8797,9.114147529423372,6.9948637e-06,miroc6,SSP5-8.5
2085,35.289204,0.11492625,901.4887,9.255530534553579,0.0007418964,miroc6,SSP5-8.5
2086,44.01318,0.16665782,876.7709,8.256576015808784,0.0006961026,miroc6,SSP5-8.5
2087,37.39171,0.14786282,862.8016,10.481896138664089,0.0,miroc6,SSP5-8.5
2088,40.678318,0.1481935,899.5805,9.837598856763046,0.0,miroc6,SSP5-8.5
2089,39.39634,0.12814517,907.46515,9.65036265381843,0.0,miroc6,SSP5-8.5
2090,46.561474,0.13948657,852.19495,8.82319265390885,0.00084719126,miroc6,SSP5-8.5
2091,41.23187,0.12642033,860.2604,10.265982409138347,0.0003882381,miroc6,SSP5-8.5
2092,40.986904,0.1293029,852.48267,10.390056171452281,0.0028144706,miroc6,SSP5-8.5
2093,44.32047,0.1279158,1137.796,9.868438228013874,9.9635705e-05,miroc6,SSP5-8.5
2094,42.11428,0.11910393,928.5673,9.617539400597204,0.0,miroc6,SSP5-8.5
2095,42.833683,0.17125867,857.2869,9.738045835943986,0.0014706649,miroc6,SSP5-8.5
2096,39.653202,0.13950069,1005.58014,10.642955200350286,0.0016529419,miroc6,SSP5-8.5
2097,38.949345,0.13878445,783.7616,10.389051436991801,0.040574465,miroc6,SSP5-8.5
2098,40.30016,0.1396399,1027.7478,10.71167915865479,0.0,miroc6,SSP5-8.5
2099,44.284607,0.14268291,895.24457,9.984086390316937,0.0,miroc6,SSP5-8.5
2015,55.044662,0.17601202,892.0073,4.5104861235044815,0.007841772,miroc_es2l,SSP2-4.5
2016,48.75974,0.16401486,798.7374,5.229478100702608,0.0066404287,miroc_es2l,SSP2-4.5
2017,48.097565,0.1512717,665.36914,4.901073315566461,0.09754744,miroc_es2l,SSP2-4.5
2018,50.616943,0.18962115,698.1727,4.660695643730726,0.006349379,miroc_es2l,SSP2-4.5
2019,48.105164,0.14597751,683.602,4.394447074847053,0.07023019,miroc_es2l,SSP2-4.5
2020,50.58579,0.19496207,709.56195,4.43468894392598,0.04612639,miroc_es2l,SSP2-4.5
2021,53.004406,0.16951601,892.8915,4.44787785866916,0.015824115,miroc_es2l,SSP2-4.5
2022,47.170605,0.16623794,549.0755,5.11041972689514,0.00048861816,miroc_es2l,SSP2-4.5
2023,46.85377,0.12761153,943.13293,6.142055378547892,0.0010912676,miroc_es2l,SSP2-4.5
2024,49.72112,0.16008484,735.87134,4.980839409425147,0.0329584,miroc_es2l,SSP2-4.5
2025,48.72141,0.15838428,467.69586,4.562076232134275,0.07204613,miroc_es2l,SSP2-4.5
2026,48.23348,0.16530257,896.85,5.113632773632094,0.39104965,miroc_es2l,SSP2-4.5
2027,48.131165,0.15863495,779.68024,5.124153302477866,0.05075404,miroc_es2l,SSP2-4.5
2028,48.108295,0.14830022,657.4002,4.8988554240105655,0.009344061,miroc_es2l,SSP2-4.5
2029,51.609722,0.16246045,558.17065,4.368756375360985,0.04602161,miroc_es2l,SSP2-4.5
2030,46.005436,0.14408106,691.8307,5.045696748976947,0.21336381,miroc_es2l,SSP2-4.5
2031,46.868057,0.133791,830.72125,6.446340459612707,0.0026393582,miroc_es2l,SSP2-4.5
2032,47.9882,0.15289624,815.49695,5.4691626627308,0.00011575099,miroc_es2l,SSP2-4.5
2033,51.02751,0.17324233,551.5866,3.728399844571298,0.17220803,miroc_es2l,SSP2-4.5
2034,52.925335,0.15083565,740.07135,4.484879155873784,0.036372878,miroc_es2l,SSP2-4.5
2035,48.049618,0.14318965,711.55945,4.935883970297723,0.16413261,miroc_es2l,SSP2-4.5
2036,53.525745,0.1735514,748.9366,5.06037503139973,0.007827525,miroc_es2l,SSP2-4.5
2037,54.13959,0.17447345,893.5515,4.793253462069004,0.015389773,miroc_es2l,SSP2-4.5
2038,49.753643,0.16568287,681.2942,4.647225945652984,0.0013747524,miroc_es2l,SSP2-4.5
2039,48.903423,0.13670565,548.58826,4.929325924195099,0.0030786954,miroc_es2l,SSP2-4.5
2040,51.94521,0.17428662,728.15125,4.78588458341743,0.037345093,miroc_es2l,SSP2-4.5
2041,47.62685,0.14855447,613.6296,5.515545865796407,0.00041483596,miroc_es2l,SSP2-4.5
2042,47.497387,0.15965512,817.42993,6.099012902016149,0.023308575,miroc_es2l,SSP2-4.5
2043,48.830326,0.15638594,804.9128,6.488392438470001,0.0033058885,miroc_es2l,SSP2-4.5
2044,49.325176,0.16900063,728.71497,5.425393198890373,0.0022092243,miroc_es2l,SSP2-4.5
2045,45.739094,0.144271,633.64343,5.951253961731974,4.756829e-05,miroc_es2l,SSP2-4.5
2046,48.31462,0.14001118,597.5343,5.026235239605222,5.9305163e-05,miroc_es2l,SSP2-4.5
2047,47.99475,0.15305673,795.1411,5.6822750515224,0.023998186,miroc_es2l,SSP2-4.5
2048,50.148926,0.13827218,794.7187,5.257218766476108,0.023280477,miroc_es2l,SSP2-4.5
2049,49.739136,0.17277938,767.6168,5.521938572542658,0.033354934,miroc_es2l,SSP2-4.5
2050,49.31653,0.14663269,702.391,5.683199875858972,0.005600694,miroc_es2l,SSP2-4.5
2051,54.011475,0.17068917,985.35315,4.956065743215984,0.008876949,miroc_es2l,SSP2-4.5
2052,49.9698,0.16414368,726.25287,4.496625176297196,0.07633824,miroc_es2l,SSP2-4.5
2053,45.09717,0.1591716,569.4978,5.86701142935744,0.0003076182,miroc_es2l,SSP2-4.5
2054,48.402054,0.15406448,840.08185,5.687221454803855,0.0015434194,miroc_es2l,SSP2-4.5
2055,46.67087,0.16088973,905.604,6.991720341109854,0.06261936,miroc_es2l,SSP2-4.5
2056,48.59329,0.13924791,875.11224,6.409192650066889,0.0112873055,miroc_es2l,SSP2-4.5
2057,45.298634,0.13428028,686.95825,5.479826211920712,0.058971014,miroc_es2l,SSP2-4.5
2058,49.829132,0.18176001,814.2161,6.317387875309282,0.00028662267,miroc_es2l,SSP2-4.5
2059,44.25545,0.15291975,731.3449,7.059924050493213,9.1684306e-05,miroc_es2l,SSP2-4.5
2060,43.05573,0.14237441,626.2979,5.939953079235937,0.044873845,miroc_es2l,SSP2-4.5
2061,44.27978,0.14647429,725.7519,6.146135867530243,0.0011245225,miroc_es2l,SSP2-4.5
2062,46.889572,0.16003375,661.07324,6.019315109670959,0.060397122,miroc_es2l,SSP2-4.5
2063,42.15073,0.12754738,804.80676,6.17852794365819,0.16551352,miroc_es2l,SSP2-4.5
2064,46.01443,0.14519528,823.1811,6.091762587692133,0.005477698,miroc_es2l,SSP2-4.5
2065,44.346294,0.16616812,914.60986,7.228261545776402,0.0032272127,miroc_es2l,SSP2-4.5
2066,50.55507,0.1753295,883.3955,6.417968004497496,0.5062538,miroc_es2l,SSP2-4.5
2067,47.87892,0.17421627,602.2169,5.9133832889774185,0.27709416,miroc_es2l,SSP2-4.5
2068,49.208492,0.13027729,624.9375,4.827819429078251,0.048181713,miroc_es2l,SSP2-4.5
2069,44.12355,0.13237137,727.88934,6.111047398920705,0.006237369,miroc_es2l,SSP2-4.5
2070,43.685165,0.13979433,649.571,6.447046304846739,0.08228632,miroc_es2l,SSP2-4.5
2071,43.250187,0.14512452,683.23584,6.970378081824243,2.0087061e-06,miroc_es2l,SSP2-4.5
2072,44.876278,0.15103604,752.7284,6.183169434951403,0.13486777,miroc_es2l,SSP2-4.5
2073,45.290096,0.14666271,953.39307,7.489895155906854,0.0036372747,miroc_es2l,SSP2-4.5
2074,42.84819,0.15342937,880.49384,7.228551803813764,0.0,miroc_es2l,SSP2-4.5
2075,43.27161,0.17038666,577.1831,6.326768093428552,0.0052998257,miroc_es2l,SSP2-4.5
2076,42.764668,0.145317,802.57825,7.150524499568643,4.8050424e-05,miroc_es2l,SSP2-4.5
2077,44.326794,0.16760243,641.7968,7.04291656241963,0.00014843224,miroc_es2l,SSP2-4.5
2078,51.74292,0.16521627,692.48584,5.434535862698202,0.02260601,miroc_es2l,SSP2-4.5
2079,44.916683,0.13057311,612.3787,5.947449483603357,0.07375718,miroc_es2l,SSP2-4.5
2080,42.916386,0.14851327,736.93054,7.046483536976134,0.013602994,miroc_es2l,SSP2-4.5
2081,45.21816,0.14465311,742.8777,6.830794702773794,1.1592227e-05,miroc_es2l,SSP2-4.5
2082,49.840775,0.15138827,719.0645,5.346015357326142,0.28377277,miroc_es2l,SSP2-4.5
2083,43.65971,0.13470027,760.45605,6.83698785043661,0.027143797,miroc_es2l,SSP2-4.5
2084,43.165173,0.1555552,750.8706,6.847736111234728,0.0,miroc_es2l,SSP2-4.5
2085,42.38568,0.14206485,885.49023,7.033756767552435,2.5254762e-06,miroc_es2l,SSP2-4.5
2086,46.40816,0.14714886,662.1362,5.444695084284365,0.027542355,miroc_es2l,SSP2-4.5
2087,51.831543,0.17713739,694.7022,5.3388401756721935,0.0067648683,miroc_es2l,SSP2-4.5
2088,48.489086,0.15335387,725.8953,7.155659327205652,0.003235233,miroc_es2l,SSP2-4.5
2089,42.79024,0.13647783,820.2552,7.740238728056734,0.0,miroc_es2l,SSP2-4.5
2090,41.946888,0.13124342,672.1631,7.097611282608732,0.0285355,miroc_es2l,SSP2-4.5
2091,46.288586,0.14993815,733.83777,6.586199682439233,0.00016772508,miroc_es2l,SSP2-4.5
2092,42.503937,0.13923596,702.94495,6.680998540021718,0.0014183711,miroc_es2l,SSP2-4.5
2093,44.686737,0.13922937,822.3428,7.273462378219619,0.00080357003,miroc_es2l,SSP2-4.5
2094,41.403606,0.14548306,809.1155,8.517165478022067,0.0,miroc_es2l,SSP2-4.5
2095,40.293873,0.1303889,610.7815,7.326568831726395,0.0,miroc_es2l,SSP2-4.5
2096,46.888554,0.15253443,744.09186,7.088788689470207,0.000926212,miroc_es2l,SSP2-4.5
2097,48.102493,0.1377225,849.70074,6.752352402890588,0.0015949658,miroc_es2l,SSP2-4.5
2098,45.05215,0.16879606,816.8442,6.966056484234514,0.0002203309,miroc_es2l,SSP2-4.5
2099,43.688385,0.11496687,688.8653,6.927599472130208,0.0659967,miroc_es2l,SSP2-4.5
2015,46.2379,0.16332963,520.2828,4.984856537944394,0.025837414,miroc_es2l,SSP5-8.5
2016,55.141327,0.16108775,705.32776,4.040768028736039,0.048226353,miroc_es2l,SSP5-8.5
2017,50.540615,0.14741841,554.5745,4.188319906276155,0.0014707452,miroc_es2l,SSP5-8.5
2018,47.04593,0.1639899,813.1573,4.91181847863136,0.049156886,miroc_es2l,SSP5-8.5
2019,56.430088,0.19648825,900.2422,3.702726309627461,0.12933753,miroc_es2l,SSP5-8.5
2020,54.229992,0.15321104,727.5499,3.8439398525952178,0.019025328,miroc_es2l,SSP5-8.5
2021,48.330868,0.15279552,727.55865,4.977587122547673,0.23402844,miroc_es2l,SSP5-8.5
2022,46.746704,0.15536262,820.802,5.783873218658457,0.79860544,miroc_es2l,SSP5-8.5
2023,52.532276,0.14756654,861.9578,5.738329502302872,0.016527163,miroc_es2l,SSP5-8.5
2024,45.751293,0.16931981,630.8496,4.944759087438318,0.16145568,miroc_es2l,SSP5-8.5
2025,50.6826,0.14417623,723.63385,4.892853598511402,0.008934856,miroc_es2l,SSP5-8.5
2026,49.841244,0.12667774,823.75995,5.817605365234152,0.0053466237,miroc_es2l,SSP5-8.5
2027,51.425278,0.14575282,668.3965,4.819556511373658,0.050737645,miroc_es2l,SSP5-8.5
2028,51.41359,0.15884523,756.7071,4.940601478412011,9.005424e-05,miroc_es2l,SSP5-8.5
2029,47.863995,0.14942862,615.81604,4.649073087118172,0.013372026,miroc_es2l,SSP5-8.5
2030,50.211864,0.15502357,549.7029,5.0956354217698125,0.0013745251,miroc_es2l,SSP5-8.5
2031,51.921787,0.15251748,841.4021,5.120460924304243,0.025365917,miroc_es2l,SSP5-8.5
2032,49.86781,0.1584866,792.8972,5.420431321419085,2.3891605e-05,miroc_es2l,SSP5-8.5
2033,45.156696,0.15250559,787.90204,6.64530162956071,7.6383796e-05,miroc_es2l,SSP5-8.5
2034,48.706055,0.13297504,806.29535,5.819656343181641,0.006366424,miroc_es2l,SSP5-8.5
2035,49.240322,0.14291959,711.8032,5.029068406179213,0.012360395,miroc_es2l,SSP5-8.5
2036,48.754757,0.16668962,719.8315,6.043748756837064,4.882406e-05,miroc_es2l,SSP5-8.5
2037,47.216312,0.18659633,767.2141,5.98052025662697,0.002297658,miroc_es2l,SSP5-8.5
2038,45.396374,0.15475,742.9304,6.000393656152508,0.07226156,miroc_es2l,SSP5-8.5
2039,52.91766,0.15941368,674.19354,4.777214881528299,0.2196392,miroc_es2l,SSP5-8.5
2040,44.030346,0.14705412,586.9219,5.446728846054875,0.049483906,miroc_es2l,SSP5-8.5
2041,49.561554,0.16738425,512.8919,4.834096463315173,0.006831471,miroc_es2l,SSP5-8.5
2042,45.593613,0.13075912,547.7582,5.0765732473906695,0.075751774,miroc_es2l,SSP5-8.5
2043,48.13504,0.14743657,526.7663,5.135053261789543,0.0036345914,miroc_es2l,SSP5-8.5
2044,46.536427,0.13494042,648.3089,5.479850211470583,0.0005032715,miroc_es2l,SSP5-8.5
2045,50.687656,0.18129969,785.744,5.380926763460102,0.012474294,miroc_es2l,SSP5-8.5
2046,49.880337,0.14948724,785.4262,5.190674953472722,0.03233661,miroc_es2l,SSP5-8.5
2047,46.301456,0.14521568,681.09973,5.7942051615260235,0.024455009,miroc_es2l,SSP5-8.5
2048,43.732525,0.13365124,767.566,6.027425321835636,0.054618582,miroc_es2l,SSP5-8.5
2049,49.032562,0.13699536,795.13245,6.099105616095907,0.00038576196,miroc_es2l,SSP5-8.5
2050,49.014038,0.15718697,740.25836,5.031840143539883,0.10520959,miroc_es2l,SSP5-8.5
2051,50.180805,0.1399364,766.2172,5.171823816300999,0.20682842,miroc_es2l,SSP5-8.5
2052,50.76746,0.15592733,730.6037,5.838830675106903,0.03621559,miroc_es2l,SSP5-8.5
2053,50.833103,0.17445166,942.97504,6.816758295162384,0.0065880213,miroc_es2l,SSP5-8.5
2054,48.370678,0.16453288,752.4747,5.65337476934332,0.036805756,miroc_es2l,SSP5-8.5
2055,45.815754,0.14675838,810.94366,6.564920670159274,0.12007926,miroc_es2l,SSP5-8.5
2056,42.426094,0.15049368,737.8806,7.216853738851757,0.00348818,miroc_es2l,SSP5-8.5
2057,43.619686,0.15652873,763.9621,7.4174884079475385,0.0,miroc_es2l,SSP5-8.5
2058,47.820797,0.13592726,824.23035,6.67704367254182,0.0012416424,miroc_es2l,SSP5-8.5
2059,46.803814,0.13633776,723.95276,5.993739507877795,0.007482355,miroc_es2l,SSP5-8.5
2060,47.360775,0.14884262,924.4464,6.67237698310899,0.27291638,miroc_es2l,SSP5-8.5
2061,51.815296,0.15625581,916.81494,6.750218220705283,0.019509682,miroc_es2l,SSP5-8.5
2062,43.5491,0.1428171,878.96204,7.632820167470835,0.00010686578,miroc_es2l,SSP5-8.5
2063,46.114277,0.14785169,641.0812,6.839172432051359,0.0043125297,miroc_es2l,SSP5-8.5
2064,46.414875,0.16128343,661.21454,6.241190788577721,0.009126028,miroc_es2l,SSP5-8.5
2065,44.81676,0.15850891,806.4908,7.440574893150525,0.0061400887,miroc_es2l,SSP5-8.5
2066,37.989754,0.10979185,749.8328,7.803853479349595,0.002504494,miroc_es2l,SSP5-8.5
2067,41.67654,0.14550348,759.6039,7.891454926625356,4.04616e-05,miroc_es2l,SSP5-8.5
2068,41.609547,0.13880181,746.7776,7.382087394057092,0.016433595,miroc_es2l,SSP5-8.5
2069,45.30072,0.16969436,556.08527,6.866097814252359,0.031290412,miroc_es2l,SSP5-8.5
2070,45.026844,0.16391575,787.2566,7.559196494145373,2.0271194e-05,miroc_es2l,SSP5-8.5
2071,48.98968,0.15181403,759.75525,6.567939780696517,0.00038732064,miroc_es2l,SSP5-8.5
2072,47.02745,0.152819,699.33057,6.694664235548156,0.015548061,miroc_es2l,SSP5-8.5
2073,45.47162,0.14158797,649.0077,6.941311655283111,0.0036022596,miroc_es2l,SSP5-8.5
2074,45.01816,0.14266706,645.4949,7.327043875545807,0.036141593,miroc_es2l,SSP5-8.5
2075,43.19167,0.15001687,814.89624,8.470500342987972,1.5879323e-06,miroc_es2l,SSP5-8.5
2076,39.728233,0.13573416,783.2739,8.218630584082893,0.0,miroc_es2l,SSP5-8.5
2077,39.726498,0.12387615,678.55255,8.406602579703055,0.0,miroc_es2l,SSP5-8.5
2078,43.184376,0.14137815,636.2696,7.161907467437017,7.279393e-05,miroc_es2l,SSP5-8.5
2079,40.75474,0.14560252,844.1667,8.961591538716307,0.00037079907,miroc_es2l,SSP5-8.5
2080,45.082428,0.13746731,764.42725,9.289105297821365,0.0039294274,miroc_es2l,SSP5-8.5
2081,44.39072,0.13921262,750.9633,8.511976184344197,0.0007412813,miroc_es2l,SSP5-8.5
2082,44.345325,0.15325011,685.4649,6.8021272612719335,0.104991704,miroc_es2l,SSP5-8.5
2083,46.849514,0.14667095,772.28156,7.627204660880001,0.0039141877,miroc_es2l,SSP5-8.5
2084,43.704773,0.15342917,799.5827,8.183589882716863,0.11386761,miroc_es2l,SSP5-8.5
2085,41.602314,0.12265596,872.6931,8.971187011873724,0.0,miroc_es2l,SSP5-8.5
2086,39.347675,0.1253122,722.54346,8.323916809237005,2.2150545e-05,miroc_es2l,SSP5-8.5
2087,45.01708,0.16029705,864.5027,8.48643162630599,0.0013233888,miroc_es2l,SSP5-8.5
2088,45.16276,0.15216042,740.91296,8.157998667385842,0.00215086,miroc_es2l,SSP5-8.5
2089,36.357227,0.1336463,622.6182,8.955673556913366,0.0,miroc_es2l,SSP5-8.5
2090,39.097454,0.14892326,611.72675,9.259881651480827,0.0022359956,miroc_es2l,SSP5-8.5
2091,41.90591,0.15200005,1031.572,9.984326004232114,0.0,miroc_es2l,SSP5-8.5
2092,42.931225,0.13647372,872.4151,9.844437018604175,1.6288976e-05,miroc_es2l,SSP5-8.5
2093,43.944607,0.1416668,903.2627,9.116956766919296,0.0,miroc_es2l,SSP5-8.5
2094,40.849686,0.13244769,658.14606,8.077751166841457,4.8840386e-05,miroc_es2l,SSP5-8.5
2095,43.24411,0.15870522,780.0577,8.961657969849403,0.018880444,miroc_es2l,SSP5-8.5
2096,40.353302,0.15254532,997.8677,10.52024982763532,0.0,miroc_es2l,SSP5-8.5
2097,41.93928,0.14063336,866.2248,9.423783040519558,0.015334125,miroc_es2l,SSP5-8.5
2098,41.136448,0.1456932,811.74915,9.238868330503378,1.1686036e-05,miroc_es2l,SSP5-8.5
2099,43.94804,0.12338439,667.7527,8.435819258173884,0.011042836,miroc_es2l,SSP5-8.5
2015,49.891346,0.14523336,672.40924,4.399781232541643,1.5815893,mpi_esm1_2_lr,SSP2-4.5
2016,48.42236,0.15139048,642.3924,4.511254557988241,1.8560091,mpi_esm1_2_lr,SSP2-4.5
2017,49.66776,0.18363686,851.50336,4.143837421750363,2.4571419,mpi_esm1_2_lr,SSP2-4.5
2018,50.047836,0.14943644,736.28577,3.497398875915938,1.6789436,mpi_esm1_2_lr,SSP2-4.5
2019,44.721607,0.12447125,782.49854,4.917624799358063,0.7915497,mpi_esm1_2_lr,SSP2-4.5
2020,49.02477,0.16574474,783.5876,3.6363838355497644,3.8456917,mpi_esm1_2_lr,SSP2-4.5
2021,45.008163,0.18774493,679.5254,4.607694342445758,0.67742664,mpi_esm1_2_lr,SSP2-4.5
2022,42.722073,0.14199845,637.1615,4.635310980197608,2.1829605,mpi_esm1_2_lr,SSP2-4.5
2023,45.76501,0.14015774,531.85376,5.035531156485157,0.114123024,mpi_esm1_2_lr,SSP2-4.5
2024,47.412594,0.1319632,703.0751,4.576214635628674,0.9054343,mpi_esm1_2_lr,SSP2-4.5
2025,45.84256,0.16778404,792.6255,5.3532772538970255,1.1011759,mpi_esm1_2_lr,SSP2-4.5
2026,48.04103,0.13632269,850.60785,4.248845822702859,0.7651647,mpi_esm1_2_lr,SSP2-4.5
2027,45.469837,0.15729722,657.3274,4.282591828163766,1.2947718,mpi_esm1_2_lr,SSP2-4.5
2028,49.256344,0.16230643,908.95654,4.44342561998071,0.42565665,mpi_esm1_2_lr,SSP2-4.5
2029,40.966343,0.12867977,577.28546,5.429642389450623,0.30994415,mpi_esm1_2_lr,SSP2-4.5
2030,47.9901,0.13675444,943.54034,6.017920220267233,0.1055797,mpi_esm1_2_lr,SSP2-4.5
2031,41.649677,0.13476036,678.226,5.4718881040289205,1.563708,mpi_esm1_2_lr,SSP2-4.5
2032,41.677204,0.15369733,621.3097,4.989339955587686,4.6081543,mpi_esm1_2_lr,SSP2-4.5
2033,40.015068,0.13313805,530.0585,5.414863585814686,0.26226044,mpi_esm1_2_lr,SSP2-4.5
2034,48.014587,0.12625264,826.93726,4.94459908734006,0.72050095,mpi_esm1_2_lr,SSP2-4.5
2035,45.486866,0.13131036,622.78467,4.614685326162175,1.6276041,mpi_esm1_2_lr,SSP2-4.5
2036,45.119892,0.12191372,759.92285,5.477148172935326,0.35238266,mpi_esm1_2_lr,SSP2-4.5
2037,48.147663,0.12771623,588.8977,5.40275535684795,0.29770532,mpi_esm1_2_lr,SSP2-4.5
2038,45.40541,0.15476204,602.5605,5.521279479137152,0.579834,mpi_esm1_2_lr,SSP2-4.5
2039,46.642025,0.15346046,601.1781,4.035004075209538,1.9381841,mpi_esm1_2_lr,SSP2-4.5
2040,49.89958,0.1801634,494.40063,4.435031142026358,0.84495544,mpi_esm1_2_lr,SSP2-4.5
2041,48.490345,0.13159625,575.451,4.707912957000137,0.5048116,mpi_esm1_2_lr,SSP2-4.5
2042,49.098484,0.12535575,793.36084,5.146188802367623,0.22133191,mpi_esm1_2_lr,SSP2-4.5
2043,45.852535,0.16062982,723.0947,5.261115400872675,0.60208637,mpi_esm1_2_lr,SSP2-4.5
2044,51.20821,0.17584372,953.76953,4.628013798255032,4.7334037,mpi_esm1_2_lr,SSP2-4.5
2045,41.115864,0.121961296,543.8653,5.21402215688101,0.65231323,mpi_esm1_2_lr,SSP2-4.5
2046,42.487095,0.17298593,587.99994,5.205735865023146,1.9365946,mpi_esm1_2_lr,SSP2-4.5
2047,45.31917,0.1368506,458.42517,4.553324778361483,1.272122,mpi_esm1_2_lr,SSP2-4.5
2048,47.885365,0.13716164,760.4331,5.345152161824373,0.09648005,mpi_esm1_2_lr,SSP2-4.5
2049,41.106346,0.13160817,577.6628,5.879934033412095,0.49304962,mpi_esm1_2_lr,SSP2-4.5
2050,50.38367,0.16369466,676.7004,4.751373263684643,0.6550153,mpi_esm1_2_lr,SSP2-4.5
2051,45.056366,0.1421674,713.2176,5.420471634962378,1.36439,mpi_esm1_2_lr,SSP2-4.5
2052,45.67201,0.1506987,507.9405,4.312957582214239,3.347079,mpi_esm1_2_lr,SSP2-4.5
2053,44.709217,0.13207379,807.24884,5.583485167821742,2.187411,mpi_esm1_2_lr,SSP2-4.5
2054,45.983578,0.17516206,338.3791,4.429928283932592,5.7117143,mpi_esm1_2_lr,SSP2-4.5
2055,49.532074,0.16917737,460.53604,5.185069468715219,2.3376148,mpi_esm1_2_lr,SSP2-4.5
2056,45.932064,0.1352982,561.99945,5.882345891313224,0.17007191,mpi_esm1_2_lr,SSP2-4.5
2057,42.96109,0.1429071,756.75336,6.233999066164091,0.08440018,mpi_esm1_2_lr,SSP2-4.5
2058,47.519817,0.138003,994.7319,5.525542415903998,1.5584627,mpi_esm1_2_lr,SSP2-4.5
2059,41.567265,0.12324839,761.158,6.094557456896104,1.5273094,mpi_esm1_2_lr,SSP2-4.5
2060,45.041195,0.1535577,650.43207,5.235937807434245,1.3710657,mpi_esm1_2_lr,SSP2-4.5
2061,46.934757,0.11392656,649.928,6.166270024850128,0.4623731,mpi_esm1_2_lr,SSP2-4.5
2062,46.736195,0.11113697,566.5808,5.878916814666123,0.1853307,mpi_esm1_2_lr,SSP2-4.5
2063,44.026936,0.14557502,597.7081,4.4622823020558,0.2456506,mpi_esm1_2_lr,SSP2-4.5
2064,42.32661,0.13103087,692.8959,5.72207869169679,0.8196831,mpi_esm1_2_lr,SSP2-4.5
2065,33.60464,0.11063077,307.12292,6.887031403159938,0.42470297,mpi_esm1_2_lr,SSP2-4.5
2066,45.286266,0.15924424,652.1884,6.477533387280318,0.55805844,mpi_esm1_2_lr,SSP2-4.5
2067,42.629307,0.17515464,544.17035,4.698592075554284,6.384293,mpi_esm1_2_lr,SSP2-4.5
2068,43.613216,0.13308837,439.17685,6.047206524260605,1.838843,mpi_esm1_2_lr,SSP2-4.5
2069,42.90186,0.13127214,715.29803,5.994710015274918,0.8591016,mpi_esm1_2_lr,SSP2-4.5
2070,46.16179,0.15535308,773.4157,5.744616519208371,0.11348724,mpi_esm1_2_lr,SSP2-4.5
2071,44.77532,0.13085158,613.1425,6.256955590863463,0.35492578,mpi_esm1_2_lr,SSP2-4.5
2072,46.631912,0.14412048,781.72845,4.906493105833567,1.4511744,mpi_esm1_2_lr,SSP2-4.5
2073,46.287216,0.1588967,818.8667,5.153471168396859,1.6835531,mpi_esm1_2_lr,SSP2-4.5
2074,46.062572,0.16630046,956.58545,4.640959247088148,0.7073085,mpi_esm1_2_lr,SSP2-4.5
2075,41.324707,0.13215998,683.1629,6.403977206206889,0.06484985,mpi_esm1_2_lr,SSP2-4.5
2076,38.627674,0.11645948,670.1442,6.53390720098124,1.472632,mpi_esm1_2_lr,SSP2-4.5
2077,47.545197,0.13862507,687.1394,5.682681794770025,0.2864202,mpi_esm1_2_lr,SSP2-4.5
2078,49.814373,0.15579951,664.73975,5.3967842323529505,0.33775964,mpi_esm1_2_lr,SSP2-4.5
2079,44.56068,0.14383833,497.95062,5.257230154477468,0.11599064,mpi_esm1_2_lr,SSP2-4.5
2080,42.759888,0.10916251,548.3538,6.455114503591779,0.08853277,mpi_esm1_2_lr,SSP2-4.5
2081,36.198425,0.11121618,482.6932,6.523605759998239,0.3452301,mpi_esm1_2_lr,SSP2-4.5
2082,39.006184,0.115833335,591.8353,6.349389208313647,1.5220642,mpi_esm1_2_lr,SSP2-4.5
2083,40.169155,0.13372944,742.1897,6.633235645946008,0.03306071,mpi_esm1_2_lr,SSP2-4.5
2084,44.754013,0.14777218,634.629,4.932761069969666,0.91012317,mpi_esm1_2_lr,SSP2-4.5
2085,43.809673,0.15710035,835.8672,6.1411455826029675,0.16673405,mpi_esm1_2_lr,SSP2-4.5
2086,35.22575,0.11696277,535.6089,7.126155639252096,0.14162064,mpi_esm1_2_lr,SSP2-4.5
2087,39.42252,0.1335115,657.81995,6.266635768580219,0.57315826,mpi_esm1_2_lr,SSP2-4.5
2088,43.863064,0.12220383,602.0505,5.884169868005093,0.1393954,mpi_esm1_2_lr,SSP2-4.5
2089,39.8342,0.12792827,652.39905,6.198757108573109,0.055631,mpi_esm1_2_lr,SSP2-4.5
2090,41.362778,0.14329506,569.314,6.049756370719286,0.21616618,mpi_esm1_2_lr,SSP2-4.5
2091,38.776844,0.1383498,562.35284,6.152012598356752,1.1615753,mpi_esm1_2_lr,SSP2-4.5
2092,44.822327,0.14633568,501.00687,5.658607048026279,0.2757708,mpi_esm1_2_lr,SSP2-4.5
2093,40.251846,0.13745391,947.52844,6.811625252434502,0.12397766,mpi_esm1_2_lr,SSP2-4.5
2094,39.16531,0.11943769,622.8536,7.071320458193576,0.19137065,mpi_esm1_2_lr,SSP2-4.5
2095,36.99007,0.13274513,550.7926,6.4007861340380385,0.034809113,mpi_esm1_2_lr,SSP2-4.5
2096,41.885418,0.13283552,546.2105,6.265121534492136,0.20186107,mpi_esm1_2_lr,SSP2-4.5
2097,42.334606,0.1490897,501.60596,7.216143404664568,0.23460388,mpi_esm1_2_lr,SSP2-4.5
2098,36.073948,0.14033046,503.61093,6.921028760233651,0.055154163,mpi_esm1_2_lr,SSP2-4.5
2099,41.777786,0.12699163,690.8052,6.583191937192808,0.15433629,mpi_esm1_2_lr,SSP2-4.5
2015,54.877808,0.16804302,940.89984,4.418644878805224,1.7863909,mpi_esm1_2_lr,SSP5-8.5
2016,48.219166,0.1345259,653.1655,4.409443431907802,2.4779637,mpi_esm1_2_lr,SSP5-8.5
2017,48.689327,0.1364446,579.4313,4.64441417855717,0.4251798,mpi_esm1_2_lr,SSP5-8.5
2018,46.673763,0.1675818,586.4496,4.169039612177444,2.9904048,mpi_esm1_2_lr,SSP5-8.5
2019,51.46138,0.15407401,875.1515,4.492771135254828,3.9162636,mpi_esm1_2_lr,SSP5-8.5
2020,46.117443,0.12504046,744.8591,4.716049007531635,0.28546652,mpi_esm1_2_lr,SSP5-8.5
2021,50.22992,0.14628448,647.97064,4.39240484851896,0.44409433,mpi_esm1_2_lr,SSP5-8.5
2022,54.63551,0.1672524,890.1211,3.929433949942405,1.5425682,mpi_esm1_2_lr,SSP5-8.5
2023,48.639996,0.1533279,835.03564,4.171785871808253,0.3903707,mpi_esm1_2_lr,SSP5-8.5
2024,45.785538,0.15136914,513.9883,4.3524268536947055,0.21394093,mpi_esm1_2_lr,SSP5-8.5
2025,45.71356,0.1414935,615.306,4.80049000271347,0.14893214,mpi_esm1_2_lr,SSP5-8.5
2026,46.53449,0.16033642,847.8456,5.102921203429812,0.3821055,mpi_esm1_2_lr,SSP5-8.5
2027,48.869778,0.15964836,659.1325,4.552052413391032,1.3789335,mpi_esm1_2_lr,SSP5-8.5
2028,51.486042,0.14263317,623.99835,4.0643366837379356,1.5198389,mpi_esm1_2_lr,SSP5-8.5
2029,47.190754,0.16919176,599.3566,4.691732137640415,0.8735657,mpi_esm1_2_lr,SSP5-8.5
2030,46.624924,0.12657584,503.06525,4.060279145537542,0.70317584,mpi_esm1_2_lr,SSP5-8.5
2031,46.099396,0.123958915,627.7343,5.591819967674694,0.084241234,mpi_esm1_2_lr,SSP5-8.5
2032,43.1515,0.15124814,541.8829,5.557365609330148,0.5639394,mpi_esm1_2_lr,SSP5-8.5
2033,44.076565,0.14545363,635.39276,5.102927244461734,0.32456717,mpi_esm1_2_lr,SSP5-8.5
2034,43.73453,0.12911592,643.01324,5.649360542186618,0.29595694,mpi_esm1_2_lr,SSP5-8.5
2035,41.59567,0.1557328,806.77454,5.3339333900194505,9.18897,mpi_esm1_2_lr,SSP5-8.5
2036,45.548157,0.1368362,789.6345,5.615082625448923,0.63769025,mpi_esm1_2_lr,SSP5-8.5
2037,41.332455,0.1429423,445.0358,5.218062021862813,1.5700659,mpi_esm1_2_lr,SSP5-8.5
2038,49.622025,0.17138755,834.23175,4.282769640147852,4.958471,mpi_esm1_2_lr,SSP5-8.5
2039,45.560684,0.12435535,719.68066,5.218117213099873,0.58078766,mpi_esm1_2_lr,SSP5-8.5
2040,46.46103,0.13207653,705.97906,5.077491806022383,2.433141,mpi_esm1_2_lr,SSP5-8.5
2041,43.97148,0.13478878,586.13983,5.458096516122187,0.2910296,mpi_esm1_2_lr,SSP5-8.5
2042,50.542572,0.15715434,816.1492,4.794068258304205,0.9285609,mpi_esm1_2_lr,SSP5-8.5
2043,48.275192,0.13678405,615.9156,5.286155664190053,0.61130524,mpi_esm1_2_lr,SSP5-8.5
2044,45.240932,0.168251,418.67474,4.3408030355721445,1.9798279,mpi_esm1_2_lr,SSP5-8.5
2045,43.78511,0.14261469,457.1164,6.2016190026164,0.7785161,mpi_esm1_2_lr,SSP5-8.5
2046,46.911594,0.1263899,691.7039,4.56537489053908,0.07756551,mpi_esm1_2_lr,SSP5-8.5
2047,45.234486,0.14868383,509.11084,5.230012135276028,2.4075508,mpi_esm1_2_lr,SSP5-8.5
2048,43.82922,0.14949532,527.5942,5.7173537302334365,0.9403229,mpi_esm1_2_lr,SSP5-8.5
2049,45.48998,0.14136927,491.37683,5.265288535877752,0.244538,mpi_esm1_2_lr,SSP5-8.5
2050,44.508408,0.17703985,451.91202,5.104685278911718,5.1871934,mpi_esm1_2_lr,SSP5-8.5
2051,45.797596,0.14110701,553.065,5.702580317122391,0.73417026,mpi_esm1_2_lr,SSP5-8.5
2052,47.570126,0.14361621,726.96857,5.486245815389218,0.50640106,mpi_esm1_2_lr,SSP5-8.5
2053,45.040035,0.16444461,633.5111,5.002398785964059,1.1445681,mpi_esm1_2_lr,SSP5-8.5
2054,44.770992,0.13142827,729.0476,6.506638839072894,0.03703435,mpi_esm1_2_lr,SSP5-8.5
2055,42.940113,0.13279055,740.99725,6.37604012118317,2.3730595,mpi_esm1_2_lr,SSP5-8.5
2056,44.771805,0.15722571,495.1927,5.799843636093446,0.6200473,mpi_esm1_2_lr,SSP5-8.5
2057,47.698742,0.119955756,647.5279,5.608398081204659,1.0294914,mpi_esm1_2_lr,SSP5-8.5
2058,42.675488,0.1277641,542.8499,6.098982534250968,0.39990744,mpi_esm1_2_lr,SSP5-8.5
2059,35.73192,0.108052224,737.0282,6.859479841788027,0.31932196,mpi_esm1_2_lr,SSP5-8.5
2060,39.39232,0.12300867,704.00977,6.550296993251332,0.36414465,mpi_esm1_2_lr,SSP5-8.5
2061,41.188362,0.121538825,816.9501,6.74054491077203,0.043233234,mpi_esm1_2_lr,SSP5-8.5
2062,40.764923,0.1454418,469.58215,5.566598087478227,6.108761,mpi_esm1_2_lr,SSP5-8.5
2063,39.27782,0.12905292,539.3777,7.750814976719689,0.052452087,mpi_esm1_2_lr,SSP5-8.5
2064,42.96874,0.12964842,555.00995,6.335139757161065,0.4529953,mpi_esm1_2_lr,SSP5-8.5
2065,36.550137,0.14303976,752.0034,7.133288240394275,0.8653005,mpi_esm1_2_lr,SSP5-8.5
2066,37.846878,0.10822052,823.04297,7.893294539338627,0.24731953,mpi_esm1_2_lr,SSP5-8.5
2067,40.749,0.1401308,581.148,6.85646725414788,0.045140583,mpi_esm1_2_lr,SSP5-8.5
2068,37.064903,0.11366963,484.83615,7.0173433302430555,0.30231476,mpi_esm1_2_lr,SSP5-8.5
2069,42.512012,0.12212429,495.9398,6.015556076670794,0.42120615,mpi_esm1_2_lr,SSP5-8.5
2070,41.13731,0.110333085,512.9369,6.6744308750647106,1.2527307,mpi_esm1_2_lr,SSP5-8.5
2071,39.10916,0.12408135,844.88684,7.774311255859086,0.17261505,mpi_esm1_2_lr,SSP5-8.5
2072,44.658955,0.13073945,704.215,7.105465947924137,0.12667973,mpi_esm1_2_lr,SSP5-8.5
2073,37.842705,0.1439187,666.8871,8.065741331759702,0.32031536,mpi_esm1_2_lr,SSP5-8.5
2074,44.07783,0.12955098,420.63144,7.079302815683275,0.53898495,mpi_esm1_2_lr,SSP5-8.5
2075,37.50396,0.12160636,591.05896,6.97124061646229,0.7125537,mpi_esm1_2_lr,SSP5-8.5
2076,37.54479,0.115711,516.1462,8.142983865580183,0.22363663,mpi_esm1_2_lr,SSP5-8.5
2077,40.481632,0.13906963,515.1749,7.632729049799171,0.15981992,mpi_esm1_2_lr,SSP5-8.5
2078,38.829247,0.14254022,640.95087,8.305517967364166,0.011126201,mpi_esm1_2_lr,SSP5-8.5
2079,38.76907,0.11509755,651.65845,7.612694433599881,0.112215675,mpi_esm1_2_lr,SSP5-8.5
2080,39.869316,0.12577826,668.23645,7.6594430196695305,0.4029274,mpi_esm1_2_lr,SSP5-8.5
2081,36.72981,0.12507503,760.8183,8.112648680058728,0.0106493635,mpi_esm1_2_lr,SSP5-8.5
2082,41.02022,0.12369335,778.92896,7.772636435952266,0.08455912,mpi_esm1_2_lr,SSP5-8.5
2083,41.27385,0.10386587,540.4739,6.516636101225843,0.17293294,mpi_esm1_2_lr,SSP5-8.5
2084,38.516373,0.09856839,692.9287,7.157289802665448,0.20535786,mpi_esm1_2_lr,SSP5-8.5
2085,38.44451,0.10568907,475.58124,8.102084728555555,0.102996826,mpi_esm1_2_lr,SSP5-8.5
2086,40.584694,0.106818415,624.5913,8.800564101343976,0.07851919,mpi_esm1_2_lr,SSP5-8.5
2087,37.11217,0.13948266,686.99664,8.502895824962566,0.1133283,mpi_esm1_2_lr,SSP5-8.5
2088,31.244644,0.09596037,777.147,9.200232390422329,0.0058809915,mpi_esm1_2_lr,SSP5-8.5
2089,40.717106,0.12671627,707.57574,7.735539883704352,0.55201846,mpi_esm1_2_lr,SSP5-8.5
2090,39.345165,0.13717067,671.72943,7.827690257679941,0.107447304,mpi_esm1_2_lr,SSP5-8.5
2091,40.282986,0.116641164,416.6384,7.201447884225348,0.6319682,mpi_esm1_2_lr,SSP5-8.5
2092,35.62404,0.12762691,640.38586,9.506689973424239,0.27863184,mpi_esm1_2_lr,SSP5-8.5
2093,38.14629,0.13387384,552.42847,8.267581626199476,0.9133021,mpi_esm1_2_lr,SSP5-8.5
2094,35.370926,0.11938837,753.91516,9.368607158777591,0.14130275,mpi_esm1_2_lr,SSP5-8.5
2095,36.604694,0.11792567,678.54614,8.738745690442292,0.02749761,mpi_esm1_2_lr,SSP5-8.5
2096,41.02266,0.13592683,612.79987,8.784550269021436,0.04474322,mpi_esm1_2_lr,SSP5-8.5
2097,37.84791,0.11388946,648.03827,9.355767553719504,0.12127558,mpi_esm1_2_lr,SSP5-8.5
2098,37.026783,0.118397154,511.39017,8.407051708686476,0.104904175,mpi_esm1_2_lr,SSP5-8.5
2099,36.287697,0.11365622,458.02783,8.765030278863334,0.22617976,mpi_esm1_2_lr,SSP5-8.5
2015,46.120026,0.16366987,616.7984,4.638912099422826,11.0852995,mri_esm2_0,SSP2-4.5
2016,46.792744,0.17029983,572.5073,3.815333259835814,14.346486,mri_esm2_0,SSP2-4.5
2017,45.271,0.15272562,798.1006,4.702080624172216,9.248466,mri_esm2_0,SSP2-4.5
2018,44.8134,0.16502726,590.80457,5.049106954164922,19.363646,mri_esm2_0,SSP2-4.5
2019,49.49281,0.16187619,618.47437,4.6633479522717325,24.0162,mri_esm2_0,SSP2-4.5
2020,51.551914,0.15709856,899.11505,3.724048812549993,36.371265,mri_esm2_0,SSP2-4.5
2021,42.943787,0.13228501,817.8728,4.956272967944376,20.152592,mri_esm2_0,SSP2-4.5
2022,42.159725,0.12808563,810.6418,6.412228462720865,9.207276,mri_esm2_0,SSP2-4.5
2023,40.338398,0.123044245,742.10724,6.090146168645453,3.338855,mri_esm2_0,SSP2-4.5
2024,38.624172,0.12992707,541.95306,6.143000557675376,2.9323874,mri_esm2_0,SSP2-4.5
2025,43.227833,0.17992179,297.694,5.0831849594815495,6.5883617,mri_esm2_0,SSP2-4.5
2026,51.38159,0.17212819,818.33136,4.684021228108765,9.424778,mri_esm2_0,SSP2-4.5
2027,37.78448,0.111072086,547.5139,5.088344070209271,27.343737,mri_esm2_0,SSP2-4.5
2028,45.843052,0.11859664,674.2799,4.6046143937027955,22.605238,mri_esm2_0,SSP2-4.5
2029,50.45279,0.14029595,831.9269,4.4387394251887065,18.650187,mri_esm2_0,SSP2-4.5
2030,39.580914,0.17741996,443.37967,5.194284348091704,24.819185,mri_esm2_0,SSP2-4.5
2031,47.094128,0.14677645,700.21155,5.781285290950842,15.004696,mri_esm2_0,SSP2-4.5
2032,49.263676,0.13059932,498.17682,5.341542480886363,8.986135,mri_esm2_0,SSP2-4.5
2033,46.0954,0.1322445,539.4207,4.97482509197716,17.0568,mri_esm2_0,SSP2-4.5
2034,51.2242,0.17372054,589.82153,4.039986383325561,15.900996,mri_esm2_0,SSP2-4.5
2035,44.154083,0.15614077,573.43933,4.920736568162542,32.94087,mri_esm2_0,SSP2-4.5
2036,50.049946,0.1970609,757.6299,4.550505336327582,52.834705,mri_esm2_0,SSP2-4.5
2037,45.865147,0.19571018,325.2547,5.215528629478632,14.99195,mri_esm2_0,SSP2-4.5
2038,44.575413,0.1525578,552.8919,5.286438184575656,10.543946,mri_esm2_0,SSP2-4.5
2039,46.6245,0.14848,962.00714,5.980770765559771,24.433355,mri_esm2_0,SSP2-4.5
2040,43.12611,0.1561641,711.5497,5.659732779590389,15.571419,mri_esm2_0,SSP2-4.5
2041,42.42056,0.15210392,715.14325,6.0734839763904445,5.8742766,mri_esm2_0,SSP2-4.5
2042,44.960846,0.14684838,662.5307,5.541833002904074,17.287703,mri_esm2_0,SSP2-4.5
2043,40.8513,0.16753797,529.16266,5.351473913106599,31.571032,mri_esm2_0,SSP2-4.5
2044,47.321415,0.16274099,702.91113,5.4982053861819224,14.064118,mri_esm2_0,SSP2-4.5
2045,44.465927,0.13971673,458.62384,5.344785912584492,13.248418,mri_esm2_0,SSP2-4.5
2046,46.52757,0.17199141,497.19476,5.706063910798292,15.639369,mri_esm2_0,SSP2-4.5
2047,49.3963,0.14815648,1158.977,6.158050120807617,8.955129,mri_esm2_0,SSP2-4.5
2048,44.614704,0.14606278,625.7549,6.042021091823865,7.295632,mri_esm2_0,SSP2-4.5
2049,48.15978,0.14156254,863.6354,5.168965786039848,16.70186,mri_esm2_0,SSP2-4.5
2050,51.81837,0.1512781,766.5947,5.329340842679131,9.341431,mri_esm2_0,SSP2-4.5
2051,48.315807,0.13879412,799.273,5.812003937251242,10.846363,mri_esm2_0,SSP2-4.5
2052,47.662533,0.1527689,779.0959,5.340256628975013,20.355951,mri_esm2_0,SSP2-4.5
2053,42.1769,0.14593513,619.2246,5.639197256990978,11.060121,mri_esm2_0,SSP2-4.5
2054,40.404854,0.1635165,575.5036,5.976014618084971,11.978148,mri_esm2_0,SSP2-4.5
2055,43.30757,0.16453654,711.2378,6.435542364659736,10.353033,mri_esm2_0,SSP2-4.5
2056,42.920406,0.1373161,689.6926,5.675115292407263,7.357649,mri_esm2_0,SSP2-4.5
2057,40.784927,0.1305335,717.6992,6.473611922087905,2.8928497,mri_esm2_0,SSP2-4.5
2058,39.591843,0.13579401,648.3232,6.615988625291192,9.032908,mri_esm2_0,SSP2-4.5
2059,41.072643,0.14227054,927.3977,6.333455393358374,3.113794,mri_esm2_0,SSP2-4.5
2060,43.22212,0.16259931,753.101,5.0781298093683604,29.951834,mri_esm2_0,SSP2-4.5
2061,41.043156,0.12559156,638.51154,6.17587648093233,6.3991294,mri_esm2_0,SSP2-4.5
2062,39.812786,0.14445347,359.17444,5.671435889683221,7.313638,mri_esm2_0,SSP2-4.5
2063,39.279232,0.15850338,585.3008,6.423716659999289,3.9091218,mri_esm2_0,SSP2-4.5
2064,41.946476,0.13159765,736.5642,7.740495110961092,3.2707586,mri_esm2_0,SSP2-4.5
2065,43.435455,0.12640946,566.9295,5.382371698621314,17.782946,mri_esm2_0,SSP2-4.5
2066,41.44315,0.12189836,602.63434,6.2348833703504924,5.2723746,mri_esm2_0,SSP2-4.5
2067,44.07083,0.15414391,674.9257,6.534965664074483,2.8954322,mri_esm2_0,SSP2-4.5
2068,44.020473,0.1335425,675.1281,5.853147131518223,5.0618596,mri_esm2_0,SSP2-4.5
2069,44.36484,0.152855,384.01462,5.463324860943136,9.354682,mri_esm2_0,SSP2-4.5
2070,43.083782,0.14919011,493.50406,6.5335913314442955,2.189864,mri_esm2_0,SSP2-4.5
2071,44.38873,0.15363662,802.3973,5.8401403082599215,16.74023,mri_esm2_0,SSP2-4.5
2072,44.20396,0.14212713,705.7157,6.545989801105313,6.804155,mri_esm2_0,SSP2-4.5
2073,46.102615,0.16224828,673.479,5.263731382522733,6.421936,mri_esm2_0,SSP2-4.5
2074,45.011383,0.15996636,560.9206,5.644665653704361,20.298227,mri_esm2_0,SSP2-4.5
2075,42.320698,0.14801246,664.2078,5.923682908507449,7.8333073,mri_esm2_0,SSP2-4.5
2076,40.691578,0.10147839,579.69666,6.145216917896126,11.735837,mri_esm2_0,SSP2-4.5
2077,37.729443,0.121373884,655.58484,8.008354241323568,2.37917,mri_esm2_0,SSP2-4.5
2078,41.64692,0.14269756,586.5824,6.288720250339861,4.944303,mri_esm2_0,SSP2-4.5
2079,44.827206,0.15186499,543.5725,5.9715716515670865,11.529373,mri_esm2_0,SSP2-4.5
2080,42.987965,0.15797661,542.1591,6.135071339420993,5.7987247,mri_esm2_0,SSP2-4.5
2081,41.844627,0.14297222,701.83844,6.5276752880839695,3.9405382,mri_esm2_0,SSP2-4.5
2082,38.97889,0.14160688,890.8018,7.2119485278305975,7.08852,mri_esm2_0,SSP2-4.5
2083,41.13666,0.12767564,686.7927,6.555189875072145,6.792065,mri_esm2_0,SSP2-4.5
2084,39.553402,0.14024246,701.0511,7.348582546917096,5.0471015,mri_esm2_0,SSP2-4.5
2085,44.528126,0.13538437,891.3316,6.437388050176643,6.841291,mri_esm2_0,SSP2-4.5
2086,40.509365,0.13402869,566.5778,5.954477217837169,3.4189367,mri_esm2_0,SSP2-4.5
2087,40.918762,0.11544778,591.3955,7.037383614111178,4.6660824,mri_esm2_0,SSP2-4.5
2088,41.839985,0.12153098,762.6245,7.184690675529672,2.7314136,mri_esm2_0,SSP2-4.5
2089,41.222073,0.1248132,572.7046,6.782197093103835,9.419358,mri_esm2_0,SSP2-4.5
2090,41.059734,0.1573111,619.0511,6.788273425659551,7.3800645,mri_esm2_0,SSP2-4.5
2091,42.746277,0.13073197,715.15594,6.91546400135666,3.7818706,mri_esm2_0,SSP2-4.5
2092,46.206196,0.15818809,414.5764,5.089673742129677,12.02711,mri_esm2_0,SSP2-4.5
2093,35.96704,0.13718171,559.9764,5.837500687742597,39.581467,mri_esm2_0,SSP2-4.5
2094,38.677822,0.11873121,914.47864,7.547906837953086,1.2398597,mri_esm2_0,SSP2-4.5
2095,35.55192,0.12817185,536.1705,7.4130458982592735,4.779596,mri_esm2_0,SSP2-4.5
2096,46.88116,0.14304335,743.83936,5.329647940146283,12.823948,mri_esm2_0,SSP2-4.5
2097,41.040333,0.15525968,563.4628,5.596281059892642,32.07091,mri_esm2_0,SSP2-4.5
2098,43.093678,0.12931211,927.934,6.939874646190006,1.7669544,mri_esm2_0,SSP2-4.5
2099,45.154907,0.15950908,572.1059,5.30102703352261,20.330046,mri_esm2_0,SSP2-4.5
2015,46.5696,0.16298269,777.0938,5.026895136957651,7.1261253,mri_esm2_0,SSP5-8.5
2016,44.825153,0.17417556,299.14087,4.216938837571396,39.565506,mri_esm2_0,SSP5-8.5
2017,47.97516,0.14434488,765.87836,5.086142718398324,9.67937,mri_esm2_0,SSP5-8.5
2018,48.535126,0.16628498,736.04095,4.454883525184722,6.299221,mri_esm2_0,SSP5-8.5
2019,47.006077,0.17772096,780.18524,4.749136924099623,19.840052,mri_esm2_0,SSP5-8.5
2020,46.834377,0.14603816,631.1018,5.090368196355284,49.34366,mri_esm2_0,SSP5-8.5
2021,48.9183,0.1823247,478.4614,4.252770682647294,11.86785,mri_esm2_0,SSP5-8.5
2022,44.929943,0.15850098,691.55566,5.2786744314911225,8.875428,mri_esm2_0,SSP5-8.5
2023,44.229755,0.1749116,465.9055,4.582412597623555,10.299249,mri_esm2_0,SSP5-8.5
2024,44.148117,0.13559166,949.61475,5.453740565946441,22.610212,mri_esm2_0,SSP5-8.5
2025,46.981457,0.13483338,581.81934,4.9511139217724125,46.92603,mri_esm2_0,SSP5-8.5
2026,45.325714,0.15272556,716.9111,4.912995846562509,14.859374,mri_esm2_0,SSP5-8.5
2027,48.09541,0.13130434,771.4206,5.200411543435558,13.516795,mri_esm2_0,SSP5-8.5
2028,48.261623,0.1408294,566.237,4.615855180136026,11.55404,mri_esm2_0,SSP5-8.5
2029,41.23963,0.14207478,643.6335,6.284663959505735,9.007293,mri_esm2_0,SSP5-8.5
2030,44.71269,0.13896854,629.5083,4.68265304867166,15.867489,mri_esm2_0,SSP5-8.5
2031,45.130035,0.15892357,696.6897,5.304043385506843,17.101171,mri_esm2_0,SSP5-8.5
2032,40.723473,0.14788476,559.8577,5.88332876268752,1.7051088,mri_esm2_0,SSP5-8.5
2033,43.33873,0.13258407,640.42126,6.1218832794777915,8.810076,mri_esm2_0,SSP5-8.5
2034,43.66048,0.14514603,579.2114,5.2214370666607275,18.599413,mri_esm2_0,SSP5-8.5
2035,36.63897,0.114386626,602.4146,6.564450757187276,9.686288,mri_esm2_0,SSP5-8.5
2036,46.898914,0.1739168,743.11646,5.536668679904573,25.857996,mri_esm2_0,SSP5-8.5
2037,50.128307,0.12867981,837.9921,5.441681519347333,13.569045,mri_esm2_0,SSP5-8.5
2038,40.32397,0.15576051,438.72968,5.117551873602351,38.33241,mri_esm2_0,SSP5-8.5
2039,44.177532,0.16266914,647.49536,4.678369355803053,32.955147,mri_esm2_0,SSP5-8.5
2040,37.73956,0.14092848,583.49396,6.211140993580929,8.330691,mri_esm2_0,SSP5-8.5
2041,42.638557,0.1642895,532.4872,6.044200018808222,7.6612916,mri_esm2_0,SSP5-8.5
2042,43.60496,0.1257402,598.0919,4.621472369395546,32.903675,mri_esm2_0,SSP5-8.5
2043,40.979115,0.13345478,822.6873,6.653655470058844,3.6156337,mri_esm2_0,SSP5-8.5
2044,43.03091,0.16068257,551.85504,5.985282246707719,7.9797893,mri_esm2_0,SSP5-8.5
2045,44.855145,0.13798168,661.0526,6.1175352981219016,5.0675445,mri_esm2_0,SSP5-8.5
2046,42.611874,0.1328871,818.2894,6.16189235574048,4.697292,mri_esm2_0,SSP5-8.5
2047,41.91371,0.139064,611.5442,6.179143478727589,5.794428,mri_esm2_0,SSP5-8.5
2048,43.394756,0.113205515,751.7803,6.661924593971938,8.736734,mri_esm2_0,SSP5-8.5
2049,41.7609,0.15947023,721.38293,6.483013952431662,2.8208096,mri_esm2_0,SSP5-8.5
2050,40.482002,0.14232086,622.82715,5.930656899540096,14.150767,mri_esm2_0,SSP5-8.5
2051,41.9319,0.11800783,617.703,6.263687599993436,10.723891,mri_esm2_0,SSP5-8.5
2052,40.215748,0.1335099,615.3727,6.855138495998312,2.155234,mri_esm2_0,SSP5-8.5
2053,41.194965,0.12574889,647.0958,5.892607892777499,7.793449,mri_esm2_0,SSP5-8.5
2054,40.590878,0.13596459,606.25476,7.670606043046489,2.3163915,mri_esm2_0,SSP5-8.5
2055,41.73058,0.121150024,687.18555,7.470872361065563,1.7220049,mri_esm2_0,SSP5-8.5
2056,39.646862,0.13388607,762.79944,7.02944270250448,5.2098384,mri_esm2_0,SSP5-8.5
2057,35.622112,0.11425062,858.8346,8.386040889153616,1.0630324,mri_esm2_0,SSP5-8.5
2058,43.121384,0.12564951,939.6481,6.888513559510581,14.9964285,mri_esm2_0,SSP5-8.5
2059,37.308758,0.13783452,697.9905,7.508678153271973,1.8953524,mri_esm2_0,SSP5-8.5
2060,37.037354,0.12185221,785.6601,7.794897940766577,1.9035577,mri_esm2_0,SSP5-8.5
2061,39.918674,0.140868,580.9428,9.033640333270222,2.8268826,mri_esm2_0,SSP5-8.5
2062,39.453743,0.12586267,667.19653,7.166316511239025,6.150372,mri_esm2_0,SSP5-8.5
2063,42.12557,0.12570648,697.9818,6.502203129226376,4.8899946,mri_esm2_0,SSP5-8.5
2064,39.338734,0.13317436,752.08984,7.397554071206167,3.3055484,mri_esm2_0,SSP5-8.5
2065,37.800808,0.12707366,668.3094,6.508579815089266,20.604267,mri_esm2_0,SSP5-8.5
2066,40.141644,0.11809645,616.86597,7.786176913871977,3.725503,mri_esm2_0,SSP5-8.5
2067,36.46848,0.13798848,613.98737,8.461294648144282,1.7539096,mri_esm2_0,SSP5-8.5
2068,30.572737,0.109481454,729.7528,9.127769639228886,0.83133596,mri_esm2_0,SSP5-8.5
2069,34.197132,0.105494775,544.963,8.39762054676747,3.3428736,mri_esm2_0,SSP5-8.5
2070,39.362003,0.1327334,770.67737,8.13672093767083,4.6322093,mri_esm2_0,SSP5-8.5
2071,41.282352,0.14541698,1049.0575,8.146812288279095,1.7115351,mri_esm2_0,SSP5-8.5
2072,38.006344,0.122123905,658.3232,7.797959541151923,4.6443377,mri_esm2_0,SSP5-8.5
2073,38.959904,0.121114396,752.1431,8.44061653896892,1.6187006,mri_esm2_0,SSP5-8.5
2074,35.272083,0.13925868,609.63275,7.777890737835296,6.087627,mri_esm2_0,SSP5-8.5
2075,36.932934,0.118779935,730.142,7.643424882696022,2.2472026,mri_esm2_0,SSP5-8.5
2076,40.77907,0.107097365,769.83545,8.123570984400818,2.716922,mri_esm2_0,SSP5-8.5
2077,42.919376,0.11933968,672.07886,6.856073817109169,6.1392746,mri_esm2_0,SSP5-8.5
2078,39.62701,0.10969276,586.8317,7.624559092635771,4.4897895,mri_esm2_0,SSP5-8.5
2079,37.66304,0.11297613,909.5043,9.94876422134638,1.6304296,mri_esm2_0,SSP5-8.5
2080,44.4576,0.12249508,594.2484,6.856539491575468,2.3426504,mri_esm2_0,SSP5-8.5
2081,44.290478,0.12871294,855.12054,7.7859312939515535,3.017646,mri_esm2_0,SSP5-8.5
2082,39.047462,0.10796976,632.9678,7.779476195899932,7.287043,mri_esm2_0,SSP5-8.5
2083,43.12677,0.11445644,672.8907,7.974006998382333,5.5808187,mri_esm2_0,SSP5-8.5
2084,31.665594,0.09654855,611.5615,9.411606526847683,1.7960764,mri_esm2_0,SSP5-8.5
2085,31.059402,0.105656065,575.42395,8.65887091351737,5.499515,mri_esm2_0,SSP5-8.5
2086,36.96126,0.13169058,535.69086,8.474047941539848,3.1178877,mri_esm2_0,SSP5-8.5
2087,39.40395,0.12174401,733.3408,8.343303423428816,1.472064,mri_esm2_0,SSP5-8.5
2088,34.168137,0.1114996,851.1252,8.459956036146062,0.88385445,mri_esm2_0,SSP5-8.5
2089,34.485928,0.10725119,558.5791,9.982491006601578,1.6333131,mri_esm2_0,SSP5-8.5
2090,36.694862,0.12660973,675.63196,8.380447061471857,3.052037,mri_esm2_0,SSP5-8.5
2091,38.723686,0.1322186,574.7499,8.474641004420937,4.757217,mri_esm2_0,SSP5-8.5
2092,38.72224,0.1373236,769.3197,9.627742374197235,0.59923315,mri_esm2_0,SSP5-8.5
2093,34.451138,0.10479501,678.4542,8.94012562231898,0.9129524,mri_esm2_0,SSP5-8.5
2094,31.846682,0.09674403,501.62674,9.296758963536725,2.6739833,mri_esm2_0,SSP5-8.5
2095,37.398052,0.11632634,722.81256,9.341375407056015,1.0086192,mri_esm2_0,SSP5-8.5
2096,34.2374,0.119456835,648.7007,8.97391729231252,0.6736855,mri_esm2_0,SSP5-8.5
2097,32.08899,0.10692686,523.02234,9.171784077080153,3.3711975,mri_esm2_0,SSP5-8.5
2098,36.44134,0.1188091,841.8494,9.77731392430862,1.6232666,mri_esm2_0,SSP5-8.5
2099,35.45721,0.13005152,752.06714,9.695154613410416,3.7969382,mri_esm2_0,SSP5-8.5
2015,49.877407,0.1741457,775.57654,5.065219518455944,3.274125,noresm2_mm,SSP2-4.5
2016,48.664505,0.1698901,658.3885,4.4164948915811175,10.479103,noresm2_mm,SSP2-4.5
2017,54.100067,0.19296117,738.27515,4.529597482964518,3.333929,noresm2_mm,SSP2-4.5
2018,43.988403,0.15863524,836.2242,4.0986513122945505,13.070474,noresm2_mm,SSP2-4.5
2019,44.959866,0.1733344,550.50977,4.727030537694912,5.4514327,noresm2_mm,SSP2-4.5
2020,44.676716,0.16410892,593.4298,4.503281150690733,3.7129917,noresm2_mm,SSP2-4.5
2021,47.48064,0.16784793,794.8736,4.789270700471125,2.660045,noresm2_mm,SSP2-4.5
2022,46.042892,0.15568145,606.78656,5.244978908876553,2.8412352,noresm2_mm,SSP2-4.5
2023,46.901073,0.18474716,731.6657,4.976447780252548,5.9455876,noresm2_mm,SSP2-4.5
2024,42.23377,0.14632757,452.46436,5.109280853205463,4.886531,noresm2_mm,SSP2-4.5
2025,45.226044,0.15267333,610.9649,5.78624560085636,3.8618615,noresm2_mm,SSP2-4.5
2026,45.963654,0.14448598,774.0969,5.001748347243642,2.421645,noresm2_mm,SSP2-4.5
2027,47.31319,0.16538079,802.72687,4.4364054586953685,7.105308,noresm2_mm,SSP2-4.5
2028,46.37779,0.14789137,842.1507,5.392057650091005,9.460308,noresm2_mm,SSP2-4.5
2029,48.9493,0.16850156,832.31464,4.781868944633049,4.542693,noresm2_mm,SSP2-4.5
2030,44.418198,0.17630464,462.24014,5.1962955552530135,0.89217734,noresm2_mm,SSP2-4.5
2031,42.93959,0.13696508,555.0153,5.66105821555731,1.2107399,noresm2_mm,SSP2-4.5
2032,50.15617,0.15021786,497.33447,4.454422403300569,2.8326025,noresm2_mm,SSP2-4.5
2033,45.38571,0.14313023,682.6948,5.836335652193601,1.0996826,noresm2_mm,SSP2-4.5
2034,39.20758,0.1395828,521.195,5.158868489854697,9.192945,noresm2_mm,SSP2-4.5
2035,44.255283,0.14191963,766.58234,6.021609032919798,1.1176318,noresm2_mm,SSP2-4.5
2036,45.97032,0.14792196,1179.2722,6.282138568138723,0.028280145,noresm2_mm,SSP2-4.5
2037,46.59787,0.15791892,672.6572,5.638040795994162,0.24559897,noresm2_mm,SSP2-4.5
2038,45.000423,0.16254278,599.8952,5.574385463687726,3.7461243,noresm2_mm,SSP2-4.5
2039,45.57735,0.17286755,571.3391,5.408442731755666,2.76068,noresm2_mm,SSP2-4.5
2040,44.90091,0.14875978,575.8983,5.443159367688412,6.351086,noresm2_mm,SSP2-4.5
2041,44.167828,0.13080071,798.2267,5.810313487307552,4.0168686,noresm2_mm,SSP2-4.5
2042,45.977497,0.13981047,842.9689,5.81637668025675,4.1656604,noresm2_mm,SSP2-4.5
2043,43.934376,0.15058134,567.2096,5.4202209156371595,1.9834965,noresm2_mm,SSP2-4.5
2044,47.3343,0.15798503,696.7278,4.570311300885433,4.509827,noresm2_mm,SSP2-4.5
2045,40.10527,0.13678642,473.8097,6.514569769660745,0.3703576,noresm2_mm,SSP2-4.5
2046,43.202698,0.15112646,502.5463,5.599541391697797,2.2342227,noresm2_mm,SSP2-4.5
2047,43.243378,0.11770103,786.79034,6.044385744197072,1.6691853,noresm2_mm,SSP2-4.5
2048,45.487183,0.13591866,655.88696,5.645943555860775,0.42398682,noresm2_mm,SSP2-4.5
2049,44.627502,0.15132222,847.469,6.297182021101904,6.1805058,noresm2_mm,SSP2-4.5
2050,44.164795,0.13249902,657.64575,6.433161301183425,0.5145559,noresm2_mm,SSP2-4.5
2051,45.53581,0.14381859,617.69525,6.525007953404298,0.48283815,noresm2_mm,SSP2-4.5
2052,46.133198,0.13958909,542.61755,5.8847127697837465,2.2366135,noresm2_mm,SSP2-4.5
2053,43.772903,0.1369924,785.4589,6.088026139477104,1.3497643,noresm2_mm,SSP2-4.5
2054,40.360363,0.16866405,496.78,5.998976391251468,0.9511521,noresm2_mm,SSP2-4.5
2055,41.69343,0.14648058,476.1464,5.474609301820841,0.99200135,noresm2_mm,SSP2-4.5
2056,40.918148,0.112287275,545.4148,5.990029527051431,2.1861765,noresm2_mm,SSP2-4.5
2057,43.683945,0.16402186,383.05026,5.804234575262029,1.3585529,noresm2_mm,SSP2-4.5
2058,44.37559,0.15468967,575.7328,5.462596065976729,8.46751,noresm2_mm,SSP2-4.5
2059,50.480755,0.15650843,541.86914,5.12853519679822,1.9436105,noresm2_mm,SSP2-4.5
2060,42.542843,0.15974547,340.29453,4.9631574632024895,8.083066,noresm2_mm,SSP2-4.5
2061,41.50069,0.14093316,739.7685,6.413880377723228,1.408439,noresm2_mm,SSP2-4.5
2062,47.089447,0.13258655,719.2593,5.523255043742612,2.4551957,noresm2_mm,SSP2-4.5
2063,45.416515,0.12945922,499.3746,5.684452694447445,6.136007,noresm2_mm,SSP2-4.5
2064,42.377235,0.121836394,936.27106,6.005522634987238,4.373101,noresm2_mm,SSP2-4.5
2065,43.241238,0.14673555,768.83453,6.674765000162171,1.7940412,noresm2_mm,SSP2-4.5
2066,44.306835,0.16264938,414.7009,5.929578814452717,8.248414,noresm2_mm,SSP2-4.5
2067,39.608345,0.12792037,606.89465,6.290804319103903,1.1442801,noresm2_mm,SSP2-4.5
2068,47.22758,0.14443828,500.8021,5.7750463670062,0.94092345,noresm2_mm,SSP2-4.5
2069,40.737274,0.119321086,660.7518,6.5763644249215725,0.5211839,noresm2_mm,SSP2-4.5
2070,38.237774,0.14423002,377.62253,6.0481080478037486,3.4074755,noresm2_mm,SSP2-4.5
2071,40.27381,0.11143246,587.57355,6.850542385569671,2.481642,noresm2_mm,SSP2-4.5
2072,43.75984,0.13280188,791.71436,6.78288209258701,0.1612707,noresm2_mm,SSP2-4.5
2073,45.070583,0.1316781,793.2015,6.140302334444699,1.2172586,noresm2_mm,SSP2-4.5
2074,44.012524,0.13429205,636.9125,6.382206557055732,1.8986317,noresm2_mm,SSP2-4.5
2075,40.803726,0.13911243,835.5323,6.629244005758142,0.82585675,noresm2_mm,SSP2-4.5
2076,45.17069,0.14981951,722.46454,5.96437865306804,3.0498905,noresm2_mm,SSP2-4.5
2077,41.121235,0.14675139,599.65436,6.250413912688855,0.4751359,noresm2_mm,SSP2-4.5
2078,41.70386,0.13006778,711.0214,6.503227187503467,1.5490637,noresm2_mm,SSP2-4.5
2079,47.493454,0.16145532,414.48376,6.074217963607804,0.7743709,noresm2_mm,SSP2-4.5
2080,47.37692,0.13193174,658.2251,5.416910884374491,5.167917,noresm2_mm,SSP2-4.5
2081,42.1428,0.13319932,1006.65125,7.105446689437851,6.520972,noresm2_mm,SSP2-4.5
2082,41.19623,0.13921282,499.77853,6.504972401741498,0.80316216,noresm2_mm,SSP2-4.5
2083,44.751873,0.1378962,652.7281,6.673302713617161,3.196226,noresm2_mm,SSP2-4.5
2084,42.06149,0.14257391,700.90283,6.4784680953759555,0.78861874,noresm2_mm,SSP2-4.5
2085,46.405396,0.13886818,851.6314,5.950889287923666,4.164084,noresm2_mm,SSP2-4.5
2086,44.575863,0.16589618,678.1227,5.791421769199399,3.821586,noresm2_mm,SSP2-4.5
2087,42.19826,0.12797277,505.88046,6.357371935422343,0.8699765,noresm2_mm,SSP2-4.5
2088,46.813686,0.1338147,890.42114,6.61675156638136,1.6476585,noresm2_mm,SSP2-4.5
2089,46.041077,0.13374005,881.1838,6.175921460844402,1.224382,noresm2_mm,SSP2-4.5
2090,43.945843,0.13403346,741.37256,6.258645338300645,0.5170761,noresm2_mm,SSP2-4.5
2091,39.9115,0.12501328,586.9939,6.2950993076980835,4.770866,noresm2_mm,SSP2-4.5
2092,42.40304,0.12782608,554.2573,6.697983748795207,2.2269084,noresm2_mm,SSP2-4.5
2093,41.64846,0.12033171,999.07007,7.224344320894853,0.43073043,noresm2_mm,SSP2-4.5
2094,42.46617,0.13754787,676.56006,7.087699354353371,0.23844014,noresm2_mm,SSP2-4.5
2095,47.944927,0.1450776,686.6489,6.0630142428242415,1.093512,noresm2_mm,SSP2-4.5
2096,41.917828,0.15132631,409.75803,5.537751337693383,7.1008873,noresm2_mm,SSP2-4.5
2097,41.882046,0.13725583,824.401,6.836143117685787,1.5408072,noresm2_mm,SSP2-4.5
2098,40.229965,0.111825734,698.8442,7.495905085237486,0.096395575,noresm2_mm,SSP2-4.5
2099,42.03796,0.13142271,934.0951,7.516768606627153,0.6544935,noresm2_mm,SSP2-4.5
2015,49.03247,0.17994742,766.3631,4.033345220269102,7.217877,noresm2_mm,SSP5-8.5
2016,48.177677,0.17129624,785.5152,5.0128621988641715,2.7743852,noresm2_mm,SSP5-8.5
2017,46.90333,0.16698925,753.9196,4.973568826751408,5.578542,noresm2_mm,SSP5-8.5
2018,47.8346,0.15891431,695.09125,4.20350658825452,14.64532,noresm2_mm,SSP5-8.5
2019,46.81001,0.15268052,527.5554,5.224563428066747,3.6132715,noresm2_mm,SSP5-8.5
2020,49.81712,0.19072026,806.9852,4.792351486573114,1.8028035,noresm2_mm,SSP5-8.5
2021,46.418133,0.1631251,688.9907,4.9527024530649495,4.0284348,noresm2_mm,SSP5-8.5
2022,44.080868,0.19598193,420.09012,5.048964182832561,3.1409702,noresm2_mm,SSP5-8.5
2023,42.367786,0.15496899,509.7324,5.012079309541518,2.2393672,noresm2_mm,SSP5-8.5
2024,39.656166,0.1251605,595.4309,5.321031195627378,4.1531186,noresm2_mm,SSP5-8.5
2025,49.26419,0.14826705,792.9593,4.369667394977886,1.3092252,noresm2_mm,SSP5-8.5
2026,41.08351,0.12349898,630.68555,6.017001938346131,0.99400306,noresm2_mm,SSP5-8.5
2027,47.667095,0.13403018,848.1662,5.519436068785043,0.74033815,noresm2_mm,SSP5-8.5
2028,49.704746,0.17310657,485.56622,4.9043515802191155,3.7856333,noresm2_mm,SSP5-8.5
2029,42.287796,0.122762255,585.5235,4.945555154586072,5.945068,noresm2_mm,SSP5-8.5
2030,47.126892,0.1445903,661.6308,5.617282991505861,2.5342762,noresm2_mm,SSP5-8.5
2031,41.39442,0.13078988,836.68494,5.931289160903226,1.3533815,noresm2_mm,SSP5-8.5
2032,45.460037,0.17538397,620.3965,4.8853191101361455,16.282852,noresm2_mm,SSP5-8.5
2033,46.326786,0.15423118,782.11755,4.472658699883653,22.408987,noresm2_mm,SSP5-8.5
2034,44.65088,0.1292644,595.783,5.0569724014287845,4.2118683,noresm2_mm,SSP5-8.5
2035,44.66565,0.1510605,767.83636,5.701264870535873,1.9358635,noresm2_mm,SSP5-8.5
2036,41.97531,0.12199941,950.824,6.328355132759698,1.2810297,noresm2_mm,SSP5-8.5
2037,41.195457,0.15123898,452.54678,6.029826337773858,3.6878815,noresm2_mm,SSP5-8.5
2038,44.855206,0.13119338,752.34296,5.714192665037944,3.174016,noresm2_mm,SSP5-8.5
2039,41.86626,0.12989643,594.5174,5.964634028262302,2.6628218,noresm2_mm,SSP5-8.5
2040,48.171764,0.15817341,761.24554,5.235244874412822,3.4605138,noresm2_mm,SSP5-8.5
2041,44.918076,0.12473643,746.0194,5.565269577722632,5.8272095,noresm2_mm,SSP5-8.5
2042,41.77627,0.14261012,642.64984,6.111522353933534,7.241221,noresm2_mm,SSP5-8.5
2043,44.207825,0.13709484,775.27783,6.7389131061375265,1.007337,noresm2_mm,SSP5-8.5
2044,44.46983,0.1417027,775.4663,5.783429510511254,2.1813238,noresm2_mm,SSP5-8.5
2045,48.37387,0.14679809,712.2489,5.997206637418205,0.512965,noresm2_mm,SSP5-8.5
2046,40.112522,0.13755704,770.54974,6.275871576341555,8.04601,noresm2_mm,SSP5-8.5
2047,42.578762,0.16450238,531.22107,5.901237870350902,7.815842,noresm2_mm,SSP5-8.5
2048,46.72459,0.16170916,456.60898,5.359405284654389,3.2712076,noresm2_mm,SSP5-8.5
2049,41.883266,0.12771277,771.0958,6.223326772555186,7.278595,noresm2_mm,SSP5-8.5
2050,43.078247,0.13029958,1082.7168,6.731356926314078,3.2279398,noresm2_mm,SSP5-8.5
2051,42.149887,0.12681374,602.98895,6.994885834634451,0.5956554,noresm2_mm,SSP5-8.5
2052,47.907665,0.14965853,754.81934,5.590294036566983,4.066831,noresm2_mm,SSP5-8.5
2053,44.15062,0.14924796,394.92548,5.119552255918113,8.126321,noresm2_mm,SSP5-8.5
2054,44.095917,0.12296953,733.0381,6.493876724051461,1.6683859,noresm2_mm,SSP5-8.5
2055,41.392338,0.14173608,916.9629,7.552683362314116,0.10748749,noresm2_mm,SSP5-8.5
2056,43.26181,0.1611918,503.03354,6.6377340338072885,1.3037595,noresm2_mm,SSP5-8.5
2057,44.230255,0.13869762,681.77106,6.676302910981486,1.7992123,noresm2_mm,SSP5-8.5
2058,46.773617,0.15055911,629.2045,6.547042399391672,1.1063182,noresm2_mm,SSP5-8.5
2059,42.01517,0.15781195,687.5431,6.636603595836802,4.981677,noresm2_mm,SSP5-8.5
2060,39.460842,0.1327405,755.9211,7.82809623024263,0.38515398,noresm2_mm,SSP5-8.5
2061,40.439007,0.12693168,632.6926,7.373205681120908,1.4387177,noresm2_mm,SSP5-8.5
2062,39.827953,0.119756095,813.271,7.840977433342725,0.08305159,noresm2_mm,SSP5-8.5
2063,42.469654,0.14684555,718.58716,6.99074871756902,1.1304995,noresm2_mm,SSP5-8.5
2064,40.526806,0.119626276,652.84937,6.771785529284788,0.85116905,noresm2_mm,SSP5-8.5
2065,44.470673,0.12409254,921.28687,7.415035295418183,1.3069633,noresm2_mm,SSP5-8.5
2066,39.821438,0.108922236,835.249,7.686567531891175,0.47823036,noresm2_mm,SSP5-8.5
2067,42.27392,0.13790047,788.90436,7.128670867826375,0.83092266,noresm2_mm,SSP5-8.5
2068,44.735806,0.15617198,888.7904,6.9786641663228295,1.170409,noresm2_mm,SSP5-8.5
2069,38.95393,0.109176,900.79517,8.3353318192971,0.43582478,noresm2_mm,SSP5-8.5
2070,37.239582,0.10534028,983.33264,8.257071122627936,0.24169834,noresm2_mm,SSP5-8.5
2071,38.468197,0.11689112,478.22437,7.800434483831112,0.27054623,noresm2_mm,SSP5-8.5
2072,39.874554,0.12516244,741.6681,7.896065851475606,0.33475438,noresm2_mm,SSP5-8.5
2073,38.56463,0.12765077,724.9815,7.8312850959485685,1.1262677,noresm2_mm,SSP5-8.5
2074,40.286335,0.14672567,634.9407,7.688003678953611,0.54855144,noresm2_mm,SSP5-8.5
2075,43.827106,0.13328107,759.4768,7.333585014059224,0.5655035,noresm2_mm,SSP5-8.5
2076,37.20528,0.111422904,776.0789,8.335207024480658,0.27455652,noresm2_mm,SSP5-8.5
2077,41.598286,0.10258401,510.46024,8.106717904737357,0.08491907,noresm2_mm,SSP5-8.5
2078,40.649582,0.10984376,774.899,7.720857607429852,3.042475,noresm2_mm,SSP5-8.5
2079,38.158497,0.118234776,893.53815,9.252848593505021,0.16422105,noresm2_mm,SSP5-8.5
2080,39.390476,0.10478699,716.179,8.219134997500275,0.30074874,noresm2_mm,SSP5-8.5
2081,36.68752,0.10541215,763.7479,8.503379084849167,0.28069374,noresm2_mm,SSP5-8.5
2082,42.42954,0.14381191,748.8142,8.740428196611644,0.23477097,noresm2_mm,SSP5-8.5
2083,39.77605,0.1418315,524.1123,7.475700202552098,0.53452873,noresm2_mm,SSP5-8.5
2084,38.31416,0.14803575,799.3885,8.381967316245523,0.39270148,noresm2_mm,SSP5-8.5
2085,36.21052,0.1021063,757.4509,8.706917269373525,0.0703933,noresm2_mm,SSP5-8.5
2086,39.892307,0.12426994,989.14294,9.231382426098984,0.098133504,noresm2_mm,SSP5-8.5
2087,35.77191,0.12757741,652.9303,8.494506608660599,0.232315,noresm2_mm,SSP5-8.5
2088,40.465794,0.13300495,894.78894,8.29980690447803,0.49585196,noresm2_mm,SSP5-8.5
2089,37.91026,0.11747536,611.5463,9.37088081883987,0.06855522,noresm2_mm,SSP5-8.5
2090,39.192474,0.1073449,849.70905,8.464591113592409,0.550668,noresm2_mm,SSP5-8.5
2091,33.069244,0.11768211,714.4816,9.400135819468844,0.94196796,noresm2_mm,SSP5-8.5
2092,35.611248,0.11880541,1130.8834,10.491816894686224,0.016940817,noresm2_mm,SSP5-8.5
2093,35.786495,0.109252445,901.6099,9.94593524823375,0.060990233,noresm2_mm,SSP5-8.5
2094,42.34003,0.09966574,911.1433,9.042679574010103,0.74116445,noresm2_mm,SSP5-8.5
2095,38.705036,0.10695646,802.8698,9.214697124716244,0.42431545,noresm2_mm,SSP5-8.5
2096,39.54775,0.1183449,695.6178,9.150023591891784,0.42626607,noresm2_mm,SSP5-8.5
2097,36.931095,0.1258095,867.1033,9.403094665682318,0.11896702,noresm2_mm,SSP5-8.5
2098,36.699295,0.1001282,813.8586,9.971967293669325,0.21330881,noresm2_mm,SSP5-8.5
2099,35.260612,0.09940663,680.61676,9.498683349764349,0.37108305,noresm2_mm,SSP5-8.5
2015,45.05426,0.17366804,657.12933,4.412502687496278,7.536514,taiesm1,SSP2-4.5
2016,46.968384,0.16725315,689.908,4.616380931016167,1.3929781,taiesm1,SSP2-4.5
2017,48.48593,0.16088925,769.10986,4.655045126177299,1.8354362,taiesm1,SSP2-4.5
2018,51.012424,0.17714398,606.332,3.667897690991243,1.9282898,taiesm1,SSP2-4.5
2019,46.458447,0.13789283,677.3208,4.860243902146958,1.2934242,taiesm1,SSP2-4.5
2020,45.328827,0.12545069,653.1413,5.285620145491212,0.36521116,taiesm1,SSP2-4.5
2021,48.802654,0.17747492,763.95776,4.452661049582437,4.326447,taiesm1,SSP2-4.5
2022,46.813904,0.16652583,674.3748,4.94237908281609,0.25526214,taiesm1,SSP2-4.5
2023,44.570774,0.14453758,723.95996,5.927324962195539,0.23413444,taiesm1,SSP2-4.5
2024,46.064648,0.15391226,710.0901,4.848578550629431,0.4308184,taiesm1,SSP2-4.5
2025,44.585785,0.14745845,861.30115,5.870937976999408,0.119155414,taiesm1,SSP2-4.5
2026,41.340412,0.10676723,969.15656,6.423130946339999,0.06658623,taiesm1,SSP2-4.5
2027,43.005314,0.14913033,649.75806,6.21103483163385,0.22579707,taiesm1,SSP2-4.5
2028,50.57458,0.12501071,848.88727,5.27117219648382,1.0116779,taiesm1,SSP2-4.5
2029,44.56723,0.14056061,667.40533,5.918265975668407,0.27413878,taiesm1,SSP2-4.5
2030,45.01684,0.13955277,566.107,6.044684066202297,0.45992908,taiesm1,SSP2-4.5
2031,48.56833,0.1460065,706.1311,5.0923435520700915,1.3118166,taiesm1,SSP2-4.5
2032,41.31988,0.14156692,787.3575,6.539019326905091,1.2362013,taiesm1,SSP2-4.5
2033,43.466587,0.13539778,608.00476,5.466612006997226,4.1720033,taiesm1,SSP2-4.5
2034,46.808014,0.14039008,705.38385,5.203057920202572,3.0462549,taiesm1,SSP2-4.5
2035,49.170956,0.16557385,495.87463,5.118749382507889,1.7299389,taiesm1,SSP2-4.5
2036,41.690945,0.14540464,450.6487,5.344353563838017,2.0696483,taiesm1,SSP2-4.5
2037,43.33011,0.13976742,543.2763,6.403963781676425,0.1838125,taiesm1,SSP2-4.5
2038,44.971344,0.15207778,744.04224,5.591567800607184,0.85731345,taiesm1,SSP2-4.5
2039,38.2502,0.11253945,533.5233,6.489081560886921,0.15912223,taiesm1,SSP2-4.5
2040,44.814533,0.14907458,810.4211,5.87629424700998,1.644863,taiesm1,SSP2-4.5
2041,47.46234,0.1248312,710.91205,4.587576369094758,4.602228,taiesm1,SSP2-4.5
2042,40.254604,0.1524327,510.3199,5.904503693090693,1.1396729,taiesm1,SSP2-4.5
2043,39.586624,0.12749077,574.52374,6.477641640307883,0.00086358166,taiesm1,SSP2-4.5
2044,40.873436,0.1417192,757.8362,6.559918122861403,0.83366996,taiesm1,SSP2-4.5
2045,43.094727,0.14379227,670.1132,6.700067724561708,0.74759334,taiesm1,SSP2-4.5
2046,42.49531,0.15191472,568.442,6.314965858563901,0.84894973,taiesm1,SSP2-4.5
2047,42.59851,0.12354868,585.6478,6.64320697827965,0.17077237,taiesm1,SSP2-4.5
2048,44.45464,0.123696774,863.7996,6.769731295573312,0.7997987,taiesm1,SSP2-4.5
2049,39.375626,0.114877395,644.01447,6.933560023662614,1.9825531,taiesm1,SSP2-4.5
2050,41.930798,0.14089115,674.98627,6.6585621231585455,5.122166,taiesm1,SSP2-4.5
2051,36.693195,0.113065965,839.93445,7.826687965647822,0.33224744,taiesm1,SSP2-4.5
2052,38.92294,0.15054291,516.121,6.922374580039064,2.186979,taiesm1,SSP2-4.5
2053,38.467594,0.124830835,766.1596,7.352260731000153,0.1274063,taiesm1,SSP2-4.5
2054,41.006027,0.13991593,435.2174,6.732231482346929,2.099438,taiesm1,SSP2-4.5
2055,42.822433,0.116574176,786.77374,6.4395259130468725,0.26155382,taiesm1,SSP2-4.5
2056,36.088955,0.117829,397.25464,7.024676752089196,0.05365284,taiesm1,SSP2-4.5
2057,38.989246,0.11479979,760.13477,7.990540225727938,0.03436156,taiesm1,SSP2-4.5
2058,41.399185,0.14006954,641.9567,7.108641405355839,0.21554278,taiesm1,SSP2-4.5
2059,41.06781,0.13818683,457.23685,7.138056056708508,1.303948,taiesm1,SSP2-4.5
2060,37.84867,0.11355898,615.9363,7.448123413466685,1.6744205,taiesm1,SSP2-4.5
2061,40.032738,0.119800426,820.67786,7.583435130616215,1.5923672,taiesm1,SSP2-4.5
2062,37.406982,0.1304513,589.3082,6.849014759979036,0.10881558,taiesm1,SSP2-4.5
2063,35.871567,0.10415422,550.1255,8.302246314451665,0.23384427,taiesm1,SSP2-4.5
2064,45.5312,0.12477378,653.8187,6.67818970375125,0.7012601,taiesm1,SSP2-4.5
2065,41.703236,0.124629565,712.5953,7.7594804036650835,0.4730452,taiesm1,SSP2-4.5
2066,43.91345,0.11329052,742.1744,7.0365995911103205,0.26946834,taiesm1,SSP2-4.5
2067,42.5443,0.14308959,939.38776,8.149074817605465,0.93136954,taiesm1,SSP2-4.5
2068,42.620907,0.13238208,539.5457,6.603007286266515,1.6389852,taiesm1,SSP2-4.5
2069,34.310055,0.10893562,612.5286,7.779296307171176,0.8307135,taiesm1,SSP2-4.5
2070,41.186565,0.13039228,719.4602,7.367070141346275,0.4150759,taiesm1,SSP2-4.5
2071,36.78133,0.11888044,661.0851,8.183452535605559,0.3061377,taiesm1,SSP2-4.5
2072,43.539326,0.10237864,836.4985,7.898262801151322,0.13072307,taiesm1,SSP2-4.5
2073,37.04568,0.12809971,629.9752,7.097966234222486,0.997117,taiesm1,SSP2-4.5
2074,42.55587,0.112021275,968.98773,8.402474141593776,0.21706372,taiesm1,SSP2-4.5
2075,40.015614,0.1316336,799.9802,8.604366613475406,0.06295566,taiesm1,SSP2-4.5
2076,36.21262,0.118692786,607.4433,7.3630189077911075,0.037290074,taiesm1,SSP2-4.5
2077,40.163254,0.13152687,729.55023,8.144418412444564,0.04700719,taiesm1,SSP2-4.5
2078,43.029316,0.14895318,792.5857,7.75556518231804,0.071875475,taiesm1,SSP2-4.5
2079,37.484974,0.123498075,796.64,8.290410973826303,0.24987487,taiesm1,SSP2-4.5
2080,38.686905,0.10446938,693.33276,8.041528341150366,0.082835585,taiesm1,SSP2-4.5
2081,38.761932,0.1348977,449.002,7.348387172141558,0.034763515,taiesm1,SSP2-4.5
2082,40.1472,0.13296317,422.91696,7.883164904303498,0.4051548,taiesm1,SSP2-4.5
2083,36.767475,0.11899423,685.7713,8.596682922518255,0.22618681,taiesm1,SSP2-4.5
2084,39.35429,0.13058679,645.47144,8.247312892059165,0.2028293,taiesm1,SSP2-4.5
2085,39.144295,0.12169848,717.8656,8.300776107806875,0.0082074525,taiesm1,SSP2-4.5
2086,36.44177,0.11895496,576.81354,8.841863770207867,0.009917822,taiesm1,SSP2-4.5
2087,38.72642,0.10860157,938.24005,8.40065329121524,0.0056990795,taiesm1,SSP2-4.5
2088,33.206604,0.1110163,398.54977,8.025685730621072,0.1462828,taiesm1,SSP2-4.5
2089,30.736923,0.08313999,524.34436,8.79477161411256,0.079023995,taiesm1,SSP2-4.5
2090,38.644047,0.119576216,875.87756,8.531499193383413,0.117343545,taiesm1,SSP2-4.5
2091,39.355198,0.10031396,697.49585,7.796488796694639,0.042993437,taiesm1,SSP2-4.5
2092,38.629597,0.12458506,784.6571,8.51975065119664,0.022180883,taiesm1,SSP2-4.5
2093,42.22003,0.14849162,670.5418,8.070786025110399,0.2961054,taiesm1,SSP2-4.5
2094,38.150536,0.12614179,538.9265,7.733910273884413,0.8007907,taiesm1,SSP2-4.5
2095,45.00856,0.13924031,736.2547,7.598767733926503,0.59648687,taiesm1,SSP2-4.5
2096,36.526104,0.126179,667.48895,8.703109565052333,0.09663663,taiesm1,SSP2-4.5
2097,32.362263,0.09546867,885.6494,9.508949971671901,0.021162787,taiesm1,SSP2-4.5
2098,42.121143,0.10031577,786.95233,7.960611943701687,0.0054806937,taiesm1,SSP2-4.5
2099,39.51609,0.10783913,709.4311,9.000563984807554,0.071499646,taiesm1,SSP2-4.5
2015,46.69421,0.15269046,779.02185,4.978754917053622,4.47547,taiesm1,SSP5-8.5
2016,48.624615,0.16614482,657.86304,4.847744644278933,0.025530003,taiesm1,SSP5-8.5
2017,51.48469,0.1852392,531.5425,3.9933678335677816,0.8443156,taiesm1,SSP5-8.5
2018,39.487644,0.13265988,607.0578,6.214355248505069,0.39549455,taiesm1,SSP5-8.5
2019,43.90074,0.16071546,605.007,5.716690461486457,1.1979582,taiesm1,SSP5-8.5
2020,43.69316,0.13996354,824.94806,5.5328731762705745,0.03436334,taiesm1,SSP5-8.5
2021,44.649258,0.14749199,866.0824,5.346333396756813,1.4901323,taiesm1,SSP5-8.5
2022,50.200287,0.1651914,856.2133,5.321513544664861,0.2516559,taiesm1,SSP5-8.5
2023,46.342815,0.16425347,242.25584,4.39591302002185,3.4011421,taiesm1,SSP5-8.5
2024,46.861378,0.16357844,657.435,4.956436411820339,8.588052,taiesm1,SSP5-8.5
2025,48.376003,0.157234,365.93613,5.173114781423366,0.6176616,taiesm1,SSP5-8.5
2026,45.014908,0.18502791,529.14014,6.067951792151313,0.92365724,taiesm1,SSP5-8.5
2027,47.939037,0.18881923,457.59863,5.343045794064758,2.0740454,taiesm1,SSP5-8.5
2028,45.59696,0.16169833,454.46982,5.077090726715382,0.75561285,taiesm1,SSP5-8.5
2029,42.284084,0.12775911,499.66788,5.655159302284588,1.2205619,taiesm1,SSP5-8.5
2030,43.96138,0.14309844,648.15485,6.256556535004205,0.59784704,taiesm1,SSP5-8.5
2031,42.349854,0.14419122,644.8859,5.768836793264704,1.1239043,taiesm1,SSP5-8.5
2032,46.64503,0.16947298,667.1551,6.490569029092653,0.9444379,taiesm1,SSP5-8.5
2033,39.978764,0.15350637,437.74622,6.249295137892365,1.2096802,taiesm1,SSP5-8.5
2034,41.348774,0.14615913,552.64685,5.522756666183756,2.4987047,taiesm1,SSP5-8.5
2035,47.699814,0.14754798,654.63385,5.50974817418986,0.719177,taiesm1,SSP5-8.5
2036,37.76178,0.115505494,498.70004,5.775654402196089,3.3579147,taiesm1,SSP5-8.5
2037,37.824177,0.1218535,697.2825,7.6299761776865935,0.09392483,taiesm1,SSP5-8.5
2038,40.013508,0.11994121,710.1321,8.444915298391509,0.1468262,taiesm1,SSP5-8.5
2039,43.999928,0.15957443,657.34,6.448295950461495,0.04757527,taiesm1,SSP5-8.5
2040,38.545223,0.13539384,477.78156,7.48454033690917,0.078554876,taiesm1,SSP5-8.5
2041,42.002277,0.12375817,840.5583,6.9682275337487845,0.10086007,taiesm1,SSP5-8.5
2042,42.264664,0.14849563,741.9801,5.638721567917494,8.635535,taiesm1,SSP5-8.5
2043,42.328762,0.12546922,721.20416,6.702869793665905,2.11038,taiesm1,SSP5-8.5
2044,42.261196,0.14522456,770.63727,6.930327627389167,0.10956043,taiesm1,SSP5-8.5
2045,44.69936,0.14676398,729.1343,6.501856794284211,0.69054526,taiesm1,SSP5-8.5
2046,46.51872,0.13577582,774.7893,7.634818782716047,0.25758138,taiesm1,SSP5-8.5
2047,42.34652,0.13605748,621.77747,7.455463592883388,1.3423697,taiesm1,SSP5-8.5
2048,34.07361,0.124192774,484.94632,7.870535211809522,4.5644274,taiesm1,SSP5-8.5
2049,43.49936,0.14748438,609.544,7.149939636652824,1.1652237,taiesm1,SSP5-8.5
2050,36.004044,0.09861308,591.8143,8.43658961966975,0.024671176,taiesm1,SSP5-8.5
2051,40.889763,0.1406759,813.9224,7.803006293179469,0.30113766,taiesm1,SSP5-8.5
2052,39.74499,0.119449385,699.26654,8.017622635047628,0.17781837,taiesm1,SSP5-8.5
2053,40.060932,0.14046536,752.79785,8.395097593241625,0.09835675,taiesm1,SSP5-8.5
2054,35.34489,0.11381361,590.514,7.7457605924729975,0.39283752,taiesm1,SSP5-8.5
2055,33.863342,0.12879993,512.5343,7.646750067516668,0.3968748,taiesm1,SSP5-8.5
2056,38.682163,0.13512798,551.6426,6.849848030309573,1.6108174,taiesm1,SSP5-8.5
2057,43.863773,0.13482843,625.1684,7.97296819483203,0.12510501,taiesm1,SSP5-8.5
2058,34.351658,0.10895103,656.12604,8.931155578768255,0.0064602266,taiesm1,SSP5-8.5
2059,36.820946,0.10873419,703.09814,8.635167940869595,0.0033335981,taiesm1,SSP5-8.5
2060,37.739807,0.11450196,710.6584,8.515525617410601,0.0027831711,taiesm1,SSP5-8.5
2061,41.426468,0.1215263,779.3277,8.197408430996067,0.8511107,taiesm1,SSP5-8.5
2062,37.7079,0.11820176,534.8379,8.122042812677897,0.2704664,taiesm1,SSP5-8.5
2063,37.24233,0.11898448,560.60474,8.613076629835941,0.011473142,taiesm1,SSP5-8.5
2064,32.569256,0.09939597,663.67474,9.300082090672182,1.2476467,taiesm1,SSP5-8.5
2065,38.857876,0.11598963,632.3581,8.296678945035138,0.0065097413,taiesm1,SSP5-8.5
2066,35.52097,0.11011272,499.2025,9.228942277540737,0.212692,taiesm1,SSP5-8.5
2067,35.192646,0.11175794,631.9588,9.242637818849815,0.11234478,taiesm1,SSP5-8.5
2068,41.176487,0.1262504,587.8896,7.782740589595782,1.9324237,taiesm1,SSP5-8.5
2069,35.76112,0.12697664,727.7463,9.549690938468776,0.2146954,taiesm1,SSP5-8.5
2070,31.978804,0.10350531,756.75616,9.82187213150263,5.008798e-06,taiesm1,SSP5-8.5
2071,33.89499,0.10990811,665.6185,8.89700895197789,0.22769386,taiesm1,SSP5-8.5
2072,39.61912,0.12914155,642.2953,8.438365385202106,0.20892064,taiesm1,SSP5-8.5
2073,33.427048,0.08926856,647.804,10.258995748039089,0.0,taiesm1,SSP5-8.5
2074,34.414303,0.11655151,524.1392,8.968938993224741,0.01559497,taiesm1,SSP5-8.5
2075,39.467968,0.10766522,854.23004,8.731536324776782,2.5413806,taiesm1,SSP5-8.5
2076,31.80654,0.09512823,455.8723,9.663760559237005,0.1830803,taiesm1,SSP5-8.5
2077,34.39705,0.113945,808.7314,10.452807800447943,0.057594758,taiesm1,SSP5-8.5
2078,36.232956,0.10194018,589.8264,8.909175293123724,0.005902136,taiesm1,SSP5-8.5
2079,36.471767,0.116424106,599.3593,9.49189589315475,0.034761533,taiesm1,SSP5-8.5
2080,30.70653,0.09616086,811.50885,10.372060831860702,0.045946706,taiesm1,SSP5-8.5
2081,34.60277,0.11974134,590.22766,9.402176595207058,0.19321619,taiesm1,SSP5-8.5
2082,37.95031,0.10945331,586.1099,9.434772680367207,0.06595642,taiesm1,SSP5-8.5
2083,37.367214,0.10944298,693.95197,9.900234705903861,0.39272118,taiesm1,SSP5-8.5
2084,40.92112,0.11892122,893.9334,9.922454522522656,0.36482048,taiesm1,SSP5-8.5
2085,34.397552,0.103763856,591.4505,9.942015509577633,0.8626619,taiesm1,SSP5-8.5
2086,33.17636,0.11650542,718.78094,10.13431109634638,0.024741583,taiesm1,SSP5-8.5
2087,32.188416,0.1107544,683.654,10.41782194025914,0.003401329,taiesm1,SSP5-8.5
2088,34.401165,0.12374095,837.41516,10.497144755200546,0.028552743,taiesm1,SSP5-8.5
2089,29.555756,0.09376147,706.07794,11.562920308585964,0.0011512773,taiesm1,SSP5-8.5
2090,26.243586,0.09434845,505.81665,11.198103007153671,5.1081147e-06,taiesm1,SSP5-8.5
2091,35.60027,0.095848985,723.9468,10.532186564282577,0.17569357,taiesm1,SSP5-8.5
2092,27.055449,0.09289947,842.5958,11.523155904289089,0.0,taiesm1,SSP5-8.5
2093,26.54241,0.10340586,678.69696,11.553655680493515,0.39786115,taiesm1,SSP5-8.5
2094,27.256044,0.0949417,332.98257,11.867439961906276,0.0026843555,taiesm1,SSP5-8.5
2095,25.32168,0.10764372,392.28897,12.218415999650624,0.85117674,taiesm1,SSP5-8.5
2096,33.853695,0.09316954,773.0955,11.230428751782577,0.030813426,taiesm1,SSP5-8.5
2097,21.656855,0.09615409,521.6705,11.794350362296901,0.0025179123,taiesm1,SSP5-8.5
2098,34.344467,0.11523896,903.8116,11.631574686841171,0.27672306,taiesm1,SSP5-8.5
2099,27.340408,0.0964833,671.5692,12.808729227856796,0.019124603,taiesm1,SSP5-8.5
