evaluation,model,n_predictors,RMSE,MAE,R2,NSE,KGE
LOYO,Time trend only,1,0.33035121789717736,0.27391717551817346,0.23191405946655708,0.23191405946655708,0.23006313996696703
LOYO,CryoSENSE forecast + CPDD,2,0.3725563543666599,0.29019759950299884,0.023118373180649465,0.023118373180649465,0.02405981950140479
LOYO,Trend + CryoSENSE forecast + CPDD,3,0.32402379867258396,0.26437525333218903,0.2610555197690355,0.2610555197690355,0.3086235633046769
Chronological holdout (2018-2024),Time trend only,1,0.308611656955132,0.28646420747580464,0.02752312351701902,0.02752312351701902,-0.1103407146077946
Chronological holdout (2018-2024),CryoSENSE forecast + CPDD,2,0.4254214763726253,0.35260336631527656,-0.847963766755264,-0.847963766755264,0.206925737629864
Chronological holdout (2018-2024),Trend + CryoSENSE forecast + CPDD,3,0.2690881188146527,0.24365707616777135,0.2606608974860358,0.2606608974860358,0.23361677342976372
