threshold_C,tp,fp,fn,tn,precision,recall,specificity,balanced_accuracy,f1
-0.6999999999999988,1826,103,65,2285,0.9466044582685329,0.9656266525647805,0.9568676716917923,0.9612471621282864,0.956020942408377
