horizon_days,target,cell,selected_algorithm,n_train,n_test,RMSE,MAE,R2,NSE,KGE,R2_reference_learner
1,snowc,0,Random Forest,19350,4018,4.702583384439119,1.4068779992874574,0.970132504952019,0.9701325036654229,0.9759461124347786,0.9701697826385498
1,snowc,1,Random Forest,19350,4018,5.225900476965486,1.3395481898609873,0.9814490830895974,0.9814490817456786,0.9883947084865373,0.9805364608764648
1,snowc,2,Random Forest,19350,4018,5.496296412231463,1.5855564151295942,0.9783098940098804,0.978309895045343,0.9861599449634295,0.9777666926383972
1,snowc,3,Random Forest,19350,4018,5.467722254975806,1.6158705995157514,0.9792519595311907,0.9792519599900568,0.987461121463258,0.9780191779136658
1,snowc,4,Random Forest,19350,4018,5.1375219913400585,1.5128630014071431,0.9839507882655216,0.983950789951696,0.9894001924118946,0.9831177592277527
1,snowc,5,Random Forest,19350,4018,4.93900003608357,1.0616282536810981,0.9862336500679236,0.9862336513805223,0.9905223011569916,0.9850025177001953
1,snowc,6,Random Forest,19350,4018,4.708055575298178,1.0177428020318833,0.9886570836061023,0.9886570845518838,0.9923823601401556,0.988277792930603
1,snowc,7,Random Forest,19350,4018,4.842586386741742,1.0910033115669853,0.9881108493319392,0.988110849871779,0.9923607366563426,0.9873140454292297
1,snowc,8,Random Forest,19350,4018,5.013557033835663,1.189511949754575,0.9876276818614769,0.9876276813182993,0.9923236541492737,0.9867285490036011
1,snowc,9,Random Forest,19350,4018,5.316158068546658,1.1724312691720662,0.9868672263509182,0.9868672276106418,0.9914601879122287,0.9866644740104675
1,snowc,10,Random Forest,19350,4018,4.852869473286473,1.037971955404914,0.989541272130589,0.9895412724609413,0.9936118085278056,0.9896142482757568
1,snowc,11,Random Forest,19350,4018,4.835474443250595,1.0810214747156486,0.9883097811897188,0.988309780087461,0.9929143875518576,0.9875689744949341
1,snowc,12,Random Forest,19350,4018,4.927117003967817,1.1158307499998834,0.9878941399477073,0.987894140231098,0.9923986981550853,0.9879856705665588
1,snowc,13,Random Forest,19350,4018,4.8864652620804545,1.0920503673057955,0.9881925046822252,0.9881925025442359,0.9924121023135479,0.9880234599113464
1,snowc,14,Random Forest,19350,4018,4.7546455362802345,1.0249569685281685,0.9889813298529823,0.9889813292201831,0.9935309869871446,0.9885326027870178
1,snowc,15,Random Forest,19350,4018,4.802774866563349,1.0348175574939718,0.9891371795683733,0.9891371788818178,0.9932926863183184,0.988767147064209
1,snowc,16,Random Forest,19350,4018,4.915682959263177,1.101547578297408,0.9879605944376151,0.987960593181042,0.9927789305121486,0.9868868589401245
1,snowc,17,Random Forest,19350,4018,5.125690415717775,1.097789239565692,0.9870253851315465,0.9870253859379846,0.9920407428511924,0.9864099025726318
1,snowc,18,Random Forest,19350,4018,4.828702255039461,1.0594543656011575,0.9885706653561737,0.9885706663473127,0.9929141736421139,0.9873170256614685
1,snowc,19,Random Forest,19350,4018,4.7235430452214615,1.0276988832771066,0.9894302270445271,0.9894302260705335,0.9936238044421946,0.9885250329971313
1,snowc,20,Random Forest,19350,4018,4.472100949469771,0.932564262487428,0.9908828680882077,0.9908828686723118,0.994415757291591,0.9904338121414185
1,snowc,21,Random Forest,19350,4018,4.602813196610506,1.0211313778342272,0.990252424531832,0.9902524246098613,0.9939662544608437,0.9892960786819458
1,snowc,22,Random Forest,19350,4018,4.731204625901009,1.0416278194981499,0.9898447499839182,0.989844750858136,0.9936148710631182,0.9893900752067566
1,snowc,23,Random Forest,19350,4018,4.701035504558472,1.0360496119825156,0.990044162815198,0.9900441644451538,0.9931701367469385,0.9897822141647339
1,snowc,24,Random Forest,19350,4018,4.838418784823806,1.1428625062232645,0.9889181255723473,0.9889181245818738,0.993418420358286,0.98858642578125
1,snowc,25,Random Forest,19350,4018,5.31501580411549,1.3231219286505596,0.9855461145425771,0.9855461133548304,0.9915530959065818,0.9854210615158081
1,snowc,26,Random Forest,19350,4018,4.417249617775116,0.8982642372713373,0.991240289597344,0.9912402883526203,0.9946830359515616,0.9908267855644226
1,snowc,27,Random Forest,19350,4018,4.697931897853237,0.953721795194801,0.9899142548735528,0.9899142540259525,0.9937105145881843,0.989542543888092
1,snowc,28,Random Forest,19350,4018,4.817943698932882,0.949799714133759,0.9895223668031248,0.9895223665551295,0.9935339010205484,0.9890902638435364
1,snowc,29,Random Forest,19350,4018,4.4096546511613415,0.8578904428136916,0.9914154540342265,0.9914154540556065,0.9943930508016038,0.990513801574707
1,snowc,30,Random Forest,19350,4018,4.213875526283658,0.7731681622677514,0.9920176736988858,0.9920176734703896,0.9949407867449229,0.9916906356811523
1,snowc,31,Random Forest,19350,4018,4.537355524154238,0.906160685300387,0.9909057007440822,0.9909056994699335,0.9941649769363254,0.9910086989402771
1,snowc,32,Random Forest,19350,4018,4.561442401185033,1.0029186600782871,0.990321373285367,0.9903213743464048,0.9939845115941911,0.989462673664093
1,snowc,33,Random Forest,19350,4018,4.70440728168413,1.0019692886042915,0.9897450143550289,0.9897450145883903,0.993749679690692,0.989143967628479
1,snowc,34,Random Forest,19350,4018,4.583604563282488,0.9448265470000213,0.9907565326688543,0.9907565325078367,0.9943294782638189,0.9901323318481445
1,snowc,35,Random Forest,19350,4018,4.408095089205595,0.9416205436295859,0.9914496519642071,0.9914496519075039,0.9943345686388658,0.9903468489646912
1,snowc,36,Random Forest,19350,4018,4.497049145202535,0.9837167264272559,0.9908834459602435,0.9908834467892824,0.9935626279643425,0.9900054335594177
1,snowc,37,Random Forest,19350,4018,4.715961471348885,1.0731981079646995,0.9899506869084971,0.9899506859010151,0.9935139534683037,0.9890243411064148
1,snowc,38,Random Forest,19350,4018,4.744637778367616,1.0866746946791717,0.9896843589067446,0.9896843583046652,0.9936065639499765,0.9889293313026428
1,snowc,39,Random Forest,19350,4018,4.652072195958016,0.8577929509141285,0.9907152843732335,0.9907152852902916,0.9941077859486085,0.9905501008033752
1,snowc,40,Random Forest,19350,4018,4.912017437001724,0.8782471454777645,0.9896791150822415,0.9896791158694367,0.9937552786648003,0.9898799657821655
1,snowc,41,Random Forest,19350,4018,4.997749166658502,0.9714169969990287,0.9891636562533893,0.9891636564764877,0.9931166132704249,0.9890356659889221
1,snowc,42,Random Forest,19350,4018,4.590430285731657,0.8414194609737773,0.9908499723715158,0.9908499718762168,0.9940039935749453,0.9898052215576172
1,snowc,43,Random Forest,19350,4018,4.324055117944275,0.7336879007250466,0.9920781737692572,0.9920781734524233,0.9950969520042489,0.9919853806495667
1,snowc,44,Random Forest,19350,4018,4.009963989532049,0.6570892163089675,0.9932972303611382,0.9932972302408536,0.9954854434300487,0.9923837780952454
1,snowc,45,Random Forest,19350,4018,4.319273230761542,0.7037551974699461,0.9921838511394943,0.9921838507114848,0.994740433843517,0.992310643196106
1,snowc,46,Random Forest,19350,4018,4.307815282247878,0.7339459820569213,0.992198260514619,0.9921982604262567,0.9945790894832346,0.9911085367202759
1,snowc,47,Random Forest,19350,4018,4.672237480358103,0.8552827828439034,0.9905028087916188,0.9905028104596714,0.9937192089544685,0.9897891283035278
1,snowc,48,Random Forest,19350,4018,4.689762897880713,0.9331711282584108,0.9903240626096225,0.9903240622747365,0.9934124818051726,0.9896828532218933
1,snowc,49,Random Forest,19350,4018,4.74302601632658,1.0240821416211563,0.9899006984812627,0.9899007002361583,0.9929203123336514,0.9893082976341248
1,snowc,50,Random Forest,19350,4018,4.843235438228065,1.1236849804705211,0.9893299380633184,0.9893299374658541,0.9930510568303952,0.988467276096344
1,snowc,51,Random Forest,19350,4018,4.53038205650069,0.91552033640746,0.9912139910551899,0.9912139920868761,0.9943789106697769,0.9905686974525452
1,snowc,52,Random Forest,19350,4018,4.6599964396154885,0.9611872815426425,0.9905651038496811,0.990565103683702,0.9937801636003257,0.9903593063354492
1,snowc,53,Random Forest,19350,4018,4.6765803688849665,0.9716407142218563,0.9904647057161309,0.9904647042676102,0.9936387485389832,0.9899142384529114
1,snowc,54,Random Forest,19350,4018,4.876274610140377,1.0175215603538248,0.9897219766100225,0.9897219775253151,0.9929765237790024,0.9887407422065735
1,snowc,55,Random Forest,19350,4018,4.688712653735704,0.8869693637977433,0.9906264242102861,0.9906264240611131,0.9935798153252586,0.9901980757713318
1,snowc,56,Random Forest,19350,4018,4.483737081347876,0.8577387045165559,0.9914300110343098,0.9914300115582326,0.9934052655470947,0.9903401732444763
1,snowc,57,Random Forest,19350,4018,4.485388739739364,0.8636355801468074,0.9913846188684714,0.9913846187109356,0.9936855203008231,0.9899198412895203
1,snowc,58,Random Forest,19350,4018,4.568854856563846,0.920462746223085,0.9908155487902525,0.9908155482665798,0.9942841405647272,0.989783525466919
1,snowc,59,Random Forest,19350,4018,4.700158257711828,1.014480098707295,0.9900767377689749,0.9900767381194769,0.9933041140698559,0.9893048405647278
1,snowc,60,Random Forest,19350,4018,5.011579592351788,1.1360014042313296,0.9887411140801106,0.988741113758737,0.9919823302258354,0.9882033467292786
1,snowc,61,Random Forest,19350,4018,5.119450211119132,1.2209532193884631,0.9879020440164908,0.9879020425810258,0.9922914124186716,0.9868990182876587
1,snowc,62,Random Forest,19350,4018,4.9666413706570465,1.1710860035581345,0.9885638346796198,0.9885638335057583,0.9928601712349292,0.9881083965301514
1,snowc,63,Random Forest,19350,4018,4.488584757193051,0.9968856731155554,0.9913720263096331,0.9913720268479552,0.9936675464390862,0.990349531173706
1,snowc,64,Random Forest,19350,4018,4.225810627649477,0.8913558913999476,0.9922873070153121,0.9922873070893844,0.994589474177321,0.991756796836853
1,snowc,65,Random Forest,19350,4018,4.171407640680038,0.8615205423360782,0.9924698255184797,0.9924698248816682,0.9948049796667093,0.9923117160797119
1,snowc,66,Random Forest,19350,4018,4.138722403278654,0.8797566339314079,0.9924957751020009,0.9924957757436368,0.9946861507176255,0.9918564558029175
1,snowc,67,Random Forest,19350,4018,4.6364616891442205,0.9937756653174126,0.9907179188770249,0.9907179192214727,0.9939957982430073,0.9899946451187134
1,snowc,68,Random Forest,19350,4018,5.084092172078343,1.1367501812777834,0.9885867076310315,0.9885867079705704,0.9929761094359517,0.9880228042602539
1,snowc,69,Random Forest,19350,4018,5.012187715163677,1.12037589835294,0.9886726005044204,0.9886725996867067,0.9927883960628787,0.9874601364135742
1,snowc,70,Random Forest,19350,4018,5.137750908091169,1.216318282646543,0.9879944712619415,0.9879944717747354,0.9922806774209098,0.9874674677848816
1,snowc,71,Random Forest,19350,4018,4.947304149877301,1.1953179186134555,0.9888780912876783,0.9888780918228556,0.9924039866955177,0.9876131415367126
1,snowc,72,Random Forest,19350,4018,4.668998233210003,1.0671044711675837,0.990240748726765,0.9902407485697254,0.9925554742196051,0.9893571734428406
1,snowc,73,Random Forest,19350,4018,4.776717362396487,1.093000839486418,0.9896669771916694,0.9896669764406104,0.9931103858109342,0.9896575808525085
1,snowc,74,Random Forest,19350,4018,4.843943502436307,1.2718993822602878,0.9883423700109849,0.9883423693927199,0.9929014338765207,0.9879487752914429
1,snowc,75,Random Forest,19350,4018,5.278942749577209,1.3483697952978484,0.9870372554153231,0.9870372551774644,0.9914983758441042,0.9867771863937378
1,snowc,76,Random Forest,19350,4018,5.401585667543546,1.3892352277821185,0.986331513263946,0.9863315127686929,0.9906996204049293,0.9857723116874695
1,snowc,77,Random Forest,19350,4018,4.877818964743535,1.1923275605559345,0.9890517712055826,0.9890517708012326,0.9921144012988828,0.988932192325592
1,snowc,78,Random Forest,19350,4018,4.6469950599375025,1.0908150493154491,0.9902167773194596,0.990216777030989,0.9933936106125001,0.9899594783782959
1,snowc,79,Random Forest,19350,4018,4.468699975147213,1.1604613808913125,0.9904474078096746,0.9904474082066105,0.9934993824614928,0.9897822141647339
1,snowc,80,Random Forest,19350,4018,5.228504946749434,1.396463477084117,0.9870015862333312,0.987001585418217,0.9907446407567133,0.9871103167533875
1,snowc,81,Random Forest,19350,4018,5.031996737597606,1.3299846061733724,0.9877803557447327,0.9877803559043669,0.9915945946085661,0.9877296090126038
1,sd,0,Random Forest,19350,4018,0.0018643870992355242,0.0005519435193980043,0.9918497077714387,0.9918497070096761,0.9828733243009037,0.989839494228363
1,sd,1,Random Forest,19350,4018,0.0030292899936185313,0.0011202314946866876,0.9976750712736536,0.9976750712994431,0.9911978975358706,0.9971659779548645
1,sd,2,Random Forest,19350,4018,0.0029960788449391084,0.0011186220065327807,0.9972286475469587,0.9972286473264581,0.990422580955954,0.9967449307441711
1,sd,3,Random Forest,19350,4018,0.003176078868184017,0.001226615126343869,0.9973839029414573,0.9973839031811311,0.9897309376415583,0.9971269965171814
1,sd,4,Random Forest,19350,4018,0.003256248088045266,0.0013345579976431388,0.998426900867127,0.9984269008971999,0.9929750370575092,0.9981289505958557
1,sd,5,Random Forest,19350,4018,0.004037069557665818,0.0015371470530629184,0.9983479801926518,0.9983479802468177,0.9939435247867504,0.9980874061584473
1,sd,6,Random Forest,19350,4018,0.0045176738249653155,0.001853012571666056,0.998822577582475,0.9988225775989449,0.994643452383927,0.9986780285835266
1,sd,7,Random Forest,19350,4018,0.0045079567534547895,0.001868202713259031,0.9988574794872866,0.9988574795448187,0.9943573508276647,0.9986639618873596
1,sd,8,Random Forest,19350,4018,0.004526615569197083,0.0019691345551882075,0.9989174450554985,0.9989174450522814,0.9940884340427522,0.9987366795539856
1,sd,9,Random Forest,19350,4018,0.004573519609274651,0.0020600960572107157,0.9990867924120135,0.999086792414829,0.9939827752948738,0.9989767670631409
1,sd,10,Random Forest,19350,4018,0.004430290645437216,0.002008068841183797,0.9991770529726877,0.9991770529264477,0.9950896578056455,0.9990249872207642
1,sd,11,Random Forest,19350,4018,0.004412573130910119,0.0018444619705581592,0.9988677907869716,0.9988677907262244,0.9948870937380216,0.998693585395813
1,sd,12,Random Forest,19350,4018,0.004391103387591588,0.0018173756029352837,0.9988227985171222,0.9988227985666239,0.9953881793771364,0.9987112283706665
1,sd,13,Random Forest,19350,4018,0.004341588580285708,0.0018583643469693252,0.9988949324123917,0.9988949324409915,0.9935172651322018,0.9988279342651367
1,sd,14,Random Forest,19350,4018,0.004362382025674651,0.0019038731951430425,0.9990174349986246,0.9990174350071194,0.9944711594153968,0.9988678097724915
1,sd,15,Random Forest,19350,4018,0.00450705715822605,0.0019732038116833587,0.9991089877848424,0.9991089877618332,0.9948462952033338,0.998986005783081
1,sd,16,Random Forest,19350,4018,0.004558048868660231,0.0019663569505485442,0.998906381226865,0.9989063812969627,0.9935695042581176,0.9987381100654602
1,sd,17,Random Forest,19350,4018,0.004500106899359885,0.0018877474930787928,0.9988829563852588,0.9988829564088133,0.9951785195566926,0.9986830949783325
1,sd,18,Random Forest,19350,4018,0.004552139613677809,0.001973176420933092,0.9989567333263228,0.9989567333531283,0.99399591438347,0.9987841248512268
1,sd,19,Random Forest,19350,4018,0.004574723934819211,0.001996962789088125,0.9991235602149633,0.9991235601808459,0.9960647265368616,0.9988993406295776
1,sd,20,Random Forest,19350,4018,0.004856469745181617,0.0021591488947527116,0.9991379003872364,0.9991379003403617,0.9948389407197075,0.9990187883377075
1,sd,21,Random Forest,19350,4018,0.004674346694177305,0.002068593248649269,0.9991042773983784,0.999104277400104,0.9953283735512931,0.9989025592803955
1,sd,22,Random Forest,19350,4018,0.004580874825524117,0.0020157634806779894,0.9990883726069607,0.9990883724910694,0.9957832929326477,0.9989199042320251
1,sd,23,Random Forest,19350,4018,0.004460467282945268,0.0019639720168285624,0.9990743042364666,0.9990743041970312,0.9954274678692744,0.9989291429519653
1,sd,24,Random Forest,19350,4018,0.0040428002877399205,0.001773042305975978,0.9989951856161042,0.9989951855260382,0.9953207628292353,0.9988505244255066
1,sd,25,Random Forest,19350,4018,0.0034640110509203993,0.0014527375674955175,0.9987392266877713,0.9987392266875031,0.9950914825135629,0.9984752535820007
1,sd,26,Random Forest,19350,4018,0.004706713397276221,0.0021963912530201498,0.9993299227208104,0.9993299226837451,0.996136721465164,0.9991551041603088
1,sd,27,Random Forest,19350,4018,0.0046170945186567985,0.0021209258878333924,0.9992556254167364,0.999255625406025,0.9959882367526115,0.9990930557250977
1,sd,28,Random Forest,19350,4018,0.004657192764521279,0.00215003992707868,0.9992103370370854,0.9992103370307749,0.9949998095931002,0.9990651607513428
1,sd,29,Random Forest,19350,4018,0.0047973447114518335,0.0022453258593188316,0.9992803665385749,0.9992803665570954,0.9959957056663887,0.999103844165802
1,sd,30,Random Forest,19350,4018,0.004898644540107211,0.0023822413891250284,0.999377214878352,0.9993772149016185,0.9960178056845511,0.9992666840553284
1,sd,31,Random Forest,19350,4018,0.0048533555847180415,0.0023367590649854475,0.9993471452446759,0.9993471452606818,0.9963311632404906,0.9992108941078186
1,sd,32,Random Forest,19350,4018,0.004599762794879968,0.0021185371310551765,0.9992354091446971,0.999235409142505,0.9958983027541938,0.99906325340271
1,sd,33,Random Forest,19350,4018,0.00457270260083003,0.002135718337728391,0.9992166635499355,0.9992166635796431,0.9953456822200043,0.9991034269332886
1,sd,34,Random Forest,19350,4018,0.004733653842089097,0.002248066761210964,0.9992597310813487,0.9992597310652305,0.9946719301493633,0.9991747140884399
1,sd,35,Random Forest,19350,4018,0.0045130650173592045,0.002109309817842025,0.9992693461231613,0.9992693460786088,0.9959779970239308,0.9991028904914856
1,sd,36,Random Forest,19350,4018,0.0043699653265958475,0.0019921682581801998,0.9991465940622208,0.9991465940075156,0.9953662494648249,0.998968780040741
1,sd,37,Random Forest,19350,4018,0.004120414729628636,0.0018593604671522555,0.9990526376774017,0.9990526376220181,0.9943544705810026,0.9989122748374939
1,sd,38,Random Forest,19350,4018,0.0038231281470575418,0.001698663067203503,0.9990432516047707,0.9990432515753809,0.9956796493562314,0.9988940954208374
1,sd,39,Random Forest,19350,4018,0.005219767947275544,0.0025825366686318954,0.9994150051573657,0.9994150051541396,0.9962653383784602,0.9992135167121887
1,sd,40,Random Forest,19350,4018,0.005178522390194037,0.002469904418082931,0.9993400254929352,0.9993400255277248,0.9960332849678223,0.9990742206573486
1,sd,41,Random Forest,19350,4018,0.00499900715259828,0.0023877995902747743,0.9992953629997507,0.9992953629616111,0.9956457359829644,0.9991040825843811
1,sd,42,Random Forest,19350,4018,0.005080488544670062,0.002461468604617959,0.9993357412257101,0.9993357412049075,0.9955813633079202,0.999208927154541
1,sd,43,Random Forest,19350,4018,0.005095615079479233,0.0025245787189239898,0.9994088968309516,0.9994088968218388,0.9963816156807211,0.9992367029190063
1,sd,44,Random Forest,19350,4018,0.005043503757206366,0.0024679742074137914,0.9994342779356957,0.9994342779391218,0.9968299190729736,0.9992569088935852
1,sd,45,Random Forest,19350,4018,0.0050339918796503,0.002393696650883311,0.9993913353750454,0.9993913353185588,0.9970413659408075,0.9992520809173584
1,sd,46,Random Forest,19350,4018,0.004834785799758792,0.002312688622507617,0.9993463366476433,0.9993463367180998,0.9960252199809195,0.99920654296875
1,sd,47,Random Forest,19350,4018,0.004649130821861068,0.002193891371147601,0.9992432138060502,0.9992432138116792,0.9954958522305165,0.9990952014923096
1,sd,48,Random Forest,19350,4018,0.004295560184088603,0.002012608160458607,0.9992301686399069,0.9992301686632242,0.9960705778592253,0.9990535378456116
1,sd,49,Random Forest,19350,4018,0.0038456440523122726,0.0017414609649937932,0.99918173846114,0.9991817384223631,0.9965238849896956,0.9989243745803833
1,sd,50,Random Forest,19350,4018,0.0036759628799718775,0.0016604163491091672,0.9989992658039616,0.9989992658002742,0.9959302295073492,0.998849093914032
1,sd,51,Random Forest,19350,4018,0.004884337906309028,0.0024324586921953143,0.9994039178941762,0.999403917921442,0.9965736590396308,0.9991950988769531
1,sd,52,Random Forest,19350,4018,0.004804853091642256,0.0023582586489649354,0.9993748345040637,0.9993748345018802,0.9964572703958902,0.9991816282272339
1,sd,53,Random Forest,19350,4018,0.004713726457712582,0.002312611280315002,0.9993467613976692,0.9993467613862855,0.9957987752903108,0.9991706609725952
1,sd,54,Random Forest,19350,4018,0.004694374614251136,0.002327743178117559,0.999307379926676,0.9993073799783441,0.9951946989025936,0.9991520047187805
1,sd,55,Random Forest,19350,4018,0.004615655496555367,0.002240545499893764,0.9993484602372322,0.9993484602378458,0.9961123691531293,0.9991836547851562
1,sd,56,Random Forest,19350,4018,0.004582081612722106,0.0022032756900881236,0.9993454815406433,0.9993454815336367,0.9963594576044318,0.9991468787193298
1,sd,57,Random Forest,19350,4018,0.004449998948152014,0.0021517876139004995,0.9993216263677,0.9993216263705883,0.9958476150940004,0.9991461634635925
1,sd,58,Random Forest,19350,4018,0.004272295288770104,0.0020660093184404365,0.9992566892819182,0.9992566893185505,0.9952845553312082,0.9990949630737305
1,sd,59,Random Forest,19350,4018,0.003952205953352647,0.0018244253625340576,0.9991810039586029,0.9991810039127257,0.9963933145215922,0.9989966154098511
1,sd,60,Random Forest,19350,4018,0.0037618056322940435,0.0017233555011289274,0.9990840500320086,0.9990840500736394,0.9958936083357173,0.9989491105079651
1,sd,61,Random Forest,19350,4018,0.0034948668427119446,0.0015499639096628632,0.9989418701231697,0.9989418701150246,0.9959055560503601,0.998792827129364
1,sd,62,Random Forest,19350,4018,0.003215986819483204,0.0014050303499529703,0.9988915130894812,0.9988915130268584,0.9963921374192799,0.9987452626228333
1,sd,63,Random Forest,19350,4018,0.0046061065000427975,0.0022482951325782296,0.9994130924818582,0.9994130924714406,0.9974939073644303,0.9991869926452637
1,sd,64,Random Forest,19350,4018,0.004642132065606158,0.0023585788744125793,0.9993922817946327,0.9993922818158328,0.9967160018215131,0.9992078542709351
1,sd,65,Random Forest,19350,4018,0.004534704603567259,0.002304915507664384,0.9994005801217085,0.999400580183148,0.9972228089136971,0.9992099404335022
1,sd,66,Random Forest,19350,4018,0.004347492381412071,0.0021651776079437014,0.9993966950455385,0.9993966950416596,0.9973856673479554,0.9991270303726196
1,sd,67,Random Forest,19350,4018,0.004061980102139964,0.0019794003966185237,0.9993434483390004,0.9993434482898716,0.9969488876537453,0.9991096258163452
1,sd,68,Random Forest,19350,4018,0.003811346461943671,0.001841708591663689,0.9992483431244853,0.9992483431028342,0.9953522298990256,0.9990463256835938
1,sd,69,Random Forest,19350,4018,0.0037625131415406497,0.00175511153956062,0.999111246641306,0.9991112466588469,0.9958519737270327,0.9989287257194519
1,sd,70,Random Forest,19350,4018,0.0035377720894284505,0.001641063556979142,0.9990444742481756,0.9990444742513044,0.9957357962274188,0.9988268613815308
1,sd,71,Random Forest,19350,4018,0.0033575677917579063,0.0015180215444876991,0.9989886601599529,0.9989886601484009,0.9965306766269051,0.9987871646881104
1,sd,72,Random Forest,19350,4018,0.0033117911943816012,0.0015161742588273139,0.9990002821616969,0.9990002821177025,0.9962205068479142,0.9987649917602539
1,sd,73,Random Forest,19350,4018,0.00305365877141038,0.0013932149670421307,0.9989580922086571,0.9989580923076737,0.9964589963490599,0.998712420463562
1,sd,74,Random Forest,19350,4018,0.0026584305068133376,0.0011494432781199015,0.9986415205120732,0.9986415203804931,0.9961263092965843,0.9983546137809753
1,sd,75,Random Forest,19350,4018,0.0031918705902404007,0.001430848905311402,0.9988661828953894,0.9988661828951311,0.9973674246315174,0.9986303448677063
1,sd,76,Random Forest,19350,4018,0.00299131596126272,0.001310530245717897,0.9987082645691263,0.9987082645043136,0.9967340884284666,0.998471736907959
1,sd,77,Random Forest,19350,4018,0.002930857465873983,0.0013012671866642993,0.998807667684883,0.9988076676311857,0.9967377377340421,0.9985301494598389
1,sd,78,Random Forest,19350,4018,0.0028783805929517093,0.0012782585885837037,0.9988098470733797,0.9988098471322102,0.9960701289929067,0.9985930323600769
1,sd,79,Random Forest,19350,4018,0.0025908098213728767,0.0011328758945843792,0.9986244598464847,0.9986244598626363,0.9962697114763371,0.9984328150749207
1,sd,80,Random Forest,19350,4018,0.002653797720819924,0.001139247689790373,0.9986255046070354,0.9986255046036283,0.9974487460097492,0.9984652996063232
1,sd,81,Random Forest,19350,4018,0.0025294955840789433,0.0010874931253367873,0.9984876122490824,0.99848761219435,0.9966720353424844,0.9982555508613586
1,smlt_mm,0,Extra Trees,19350,4018,0.45273762649112287,0.153107210572938,0.8947260847721992,0.8947260830466169,0.8827618400030939,0.9037339687347412
1,smlt_mm,1,Extra Trees,19350,4018,0.765213478942114,0.2804625195957577,0.8952489326512587,0.8952489332798507,0.9304572863373132,0.8926191926002502
1,smlt_mm,2,Extra Trees,19350,4018,0.6649922466389515,0.2687696433322089,0.9069563769173741,0.9069563777933131,0.9246253636267391,0.9064149260520935
1,smlt_mm,3,Extra Trees,19350,4018,0.6561488942653406,0.2676826656689046,0.9131986710254435,0.9131986792027639,0.9351056938887782,0.9123147130012512
1,smlt_mm,4,Extra Trees,19350,4018,0.742040722320376,0.29732574113600235,0.9133706761046281,0.9133706788708829,0.9290733519468899,0.9118262529373169
1,smlt_mm,5,Extra Trees,19350,4018,0.8961010291326391,0.3159194820571438,0.9121475300673959,0.9121475353012867,0.9397001400473077,0.9067508578300476
1,smlt_mm,6,Extra Trees,19350,4018,1.0573843571991741,0.3792215787768555,0.9202091171198624,0.9202091193378352,0.9433036747653629,0.9169708490371704
1,smlt_mm,7,Extra Trees,19350,4018,1.049236490278249,0.3851258144249736,0.9234127751174727,0.9234127797450936,0.9448726303441739,0.9198325276374817
1,smlt_mm,8,Extra Trees,19350,4018,0.9904188124777318,0.36314087272874446,0.9361739079960372,0.9361739111712857,0.9378847411048428,0.9317534565925598
1,smlt_mm,9,Extra Trees,19350,4018,0.9520001470055096,0.35659103198317077,0.9426377100258058,0.9426377116946373,0.9333602418548943,0.935823917388916
1,smlt_mm,10,Extra Trees,19350,4018,0.9850059378762102,0.3528900276795982,0.9412712243037237,0.9412712247941034,0.9282756688669702,0.9334970712661743
1,smlt_mm,11,Extra Trees,19350,4018,1.045222231063691,0.37338631860128435,0.9222967495372552,0.9222967511604963,0.9503600700564618,0.9148346185684204
1,smlt_mm,12,Extra Trees,19350,4018,1.0787505601356289,0.38148602710450147,0.9190966515979409,0.9190966531620595,0.9502357613037917,0.9138118028640747
1,smlt_mm,13,Extra Trees,19350,4018,1.1148275391602815,0.3882557383565671,0.9157703951683352,0.9157703872442754,0.9487572696719214,0.9078033566474915
1,smlt_mm,14,Extra Trees,19350,4018,1.0866453272271424,0.3819313657000434,0.9223423122980678,0.9223423130632074,0.9466018967226386,0.9164800047874451
1,smlt_mm,15,Extra Trees,19350,4018,1.0713387889969421,0.37733137099417535,0.9330897907224892,0.9330897921680064,0.9473342773260478,0.9277685880661011
1,smlt_mm,16,Extra Trees,19350,4018,1.0377807116750448,0.3842404766808848,0.9229346702266205,0.9229346714562577,0.9490695548207323,0.9135774374008179
1,smlt_mm,17,Extra Trees,19350,4018,1.1349572080149264,0.4053303158978279,0.9178754404712111,0.9178754433660811,0.9488640203776069,0.9141502976417542
1,smlt_mm,18,Extra Trees,19350,4018,1.0791217780446256,0.3899430589597671,0.924634490829808,0.9246344917623547,0.9481673782157872,0.9203726649284363
1,smlt_mm,19,Extra Trees,19350,4018,1.0480394882772208,0.383671211296529,0.9347066716826883,0.9347066691989574,0.9414688825786586,0.9298074841499329
1,smlt_mm,20,Extra Trees,19350,4018,1.0985798104863913,0.39347209719686,0.9387778857801713,0.9387778877131965,0.9235683865409845,0.9320191144943237
1,smlt_mm,21,Extra Trees,19350,4018,1.1311818765723187,0.4136953180698191,0.9338420938940991,0.9338420880894454,0.9272574130313929,0.930575966835022
1,smlt_mm,22,Extra Trees,19350,4018,1.1501363964943598,0.4088576426862704,0.9333540615696141,0.9333540561399165,0.9257458076353623,0.9301954507827759
1,smlt_mm,23,Extra Trees,19350,4018,1.1246002971265787,0.3935427744088465,0.9332786274280704,0.9332786306508412,0.9134654086544458,0.9311060309410095
1,smlt_mm,24,Extra Trees,19350,4018,0.9858686220335935,0.35578409731228006,0.9311708306083948,0.9311708346899132,0.9193152992924039,0.9290828704833984
1,smlt_mm,25,Extra Trees,19350,4018,0.8663263428137814,0.3089191317789466,0.9167428069519135,0.9167428071559415,0.9185904405946065,0.9165211915969849
1,smlt_mm,26,Extra Trees,19350,4018,1.0977033917286618,0.4036375161148781,0.9405166935790702,0.9405166940165783,0.9445139447517814,0.9384042620658875
1,smlt_mm,27,Extra Trees,19350,4018,1.0777861885931665,0.4021604724958599,0.93809917534076,0.9380991753569368,0.9460537318154862,0.9333124756813049
1,smlt_mm,28,Extra Trees,19350,4018,1.1238879163349291,0.4118436156963573,0.935388731578793,0.935388729924395,0.9456131942985445,0.9310494065284729
1,smlt_mm,29,Extra Trees,19350,4018,1.0474534150245887,0.3778849917968646,0.9467449466070349,0.946744945884696,0.9477660553097257,0.9442393183708191
1,smlt_mm,30,Extra Trees,19350,4018,0.9489178316898541,0.36080925652185886,0.9486729804064111,0.9486729756121729,0.9499886907024131,0.9467402100563049
1,smlt_mm,31,Extra Trees,19350,4018,0.9843764354887414,0.36326404633766846,0.9495839267010298,0.9495839253391162,0.9555700538197042,0.9471386671066284
1,smlt_mm,32,Extra Trees,19350,4018,0.9840944106312316,0.3781864965563417,0.9405660831022806,0.940566085813218,0.9429190480516998,0.9375351071357727
1,smlt_mm,33,Extra Trees,19350,4018,0.9698784681881798,0.3675084176598171,0.9420962904096122,0.9420962860632749,0.9447931668543039,0.9380533695220947
1,smlt_mm,34,Extra Trees,19350,4018,1.0291645712838227,0.3759248786134097,0.9450989316659398,0.945098932110421,0.9326958028435925,0.9406189322471619
1,smlt_mm,35,Extra Trees,19350,4018,1.0361362275908996,0.3857045140404357,0.9413201544689896,0.9413201540268484,0.9291531828404811,0.9362953901290894
1,smlt_mm,36,Extra Trees,19350,4018,1.0138011865761363,0.3829560732012641,0.9370369231070738,0.9370369278977877,0.9116385720365257,0.9320879578590393
1,smlt_mm,37,Extra Trees,19350,4018,1.0383945843220397,0.37360419979654974,0.9335399219565119,0.9335399281295612,0.907175835326448,0.9343304634094238
1,smlt_mm,38,Extra Trees,19350,4018,0.9486837426696626,0.3387688819092565,0.9344326172276807,0.934432619983804,0.9073920269716991,0.9334821105003357
1,smlt_mm,39,Extra Trees,19350,4018,1.1131345206739498,0.4119962041268908,0.9446077454972908,0.9446077454647741,0.9260318287813641,0.943778932094574
1,smlt_mm,40,Extra Trees,19350,4018,1.1654462862879578,0.4329732974976247,0.9447312799477332,0.9447312749903052,0.9359819893302449,0.9436618685722351
1,smlt_mm,41,Extra Trees,19350,4018,1.1403988234941134,0.44066417201063685,0.941470452307202,0.941470447916914,0.9290105048544024,0.9389453530311584
1,smlt_mm,42,Extra Trees,19350,4018,1.0733227670738186,0.4027370317495495,0.9462511981953656,0.9462512013912606,0.9406901371234668,0.9430406093597412
1,smlt_mm,43,Extra Trees,19350,4018,1.0256560972397757,0.3661343187392192,0.9546700002841999,0.9546699990506831,0.9396836960906089,0.9524616003036499
1,smlt_mm,44,Extra Trees,19350,4018,1.075910860695874,0.3645020241182143,0.9543451321211446,0.954345131061703,0.9401877056872221,0.9520208835601807
1,smlt_mm,45,Extra Trees,19350,4018,1.1156639452167583,0.3741849901355648,0.9514460741536875,0.9514460740519327,0.94099966046963,0.9489625692367554
1,smlt_mm,46,Extra Trees,19350,4018,1.0311737218874264,0.3661010833691049,0.9513990837542283,0.9513990775498845,0.9386112091380847,0.9466438889503479
1,smlt_mm,47,Extra Trees,19350,4018,1.028347083151601,0.37874154278839856,0.9449063815352525,0.9449063782094992,0.927075154092081,0.9436213970184326
1,smlt_mm,48,Extra Trees,19350,4018,1.0480270379264944,0.3869493629661719,0.938945845688287,0.9389458394911192,0.9108391174671764,0.9371150732040405
1,smlt_mm,49,Extra Trees,19350,4018,0.9920917748634743,0.3679347858244541,0.935189333955693,0.93518933357988,0.9046442245642273,0.9362455606460571
1,smlt_mm,50,Extra Trees,19350,4018,0.8841642384495179,0.3263241428613105,0.9323661987550641,0.9323661962967649,0.9170083458914507,0.9315632581710815
1,smlt_mm,51,Extra Trees,19350,4018,1.0958861884445537,0.4204824275378446,0.9425043448605321,0.9425043462422169,0.9147718194636976,0.9389527440071106
1,smlt_mm,52,Extra Trees,19350,4018,1.0481223799380395,0.4052140720498725,0.9437864901580237,0.9437864835629795,0.9321781248681991,0.9396328330039978
1,smlt_mm,53,Extra Trees,19350,4018,1.045353429355259,0.4099954690181354,0.942682605108952,0.9426826022998485,0.9308488840049537,0.9410361647605896
1,smlt_mm,54,Extra Trees,19350,4018,1.0453502983419303,0.40677470710266256,0.9434277403948567,0.9434277343427002,0.9329961213304111,0.9396954774856567
1,smlt_mm,55,Extra Trees,19350,4018,1.046508876450378,0.3793444023471262,0.94695109515744,0.9469510992836727,0.9414570180138699,0.9426791071891785
1,smlt_mm,56,Extra Trees,19350,4018,1.017226292160039,0.3583777785745877,0.9496571632587946,0.9496571602959588,0.9412407043270073,0.9463964700698853
1,smlt_mm,57,Extra Trees,19350,4018,0.9755609517907251,0.35168720880059284,0.9478587734861101,0.9478587704955622,0.936625643592188,0.9433732628822327
1,smlt_mm,58,Extra Trees,19350,4018,0.934792199787285,0.34330293528328537,0.9461043269051653,0.9461043269709104,0.9354972150726288,0.9443137645721436
1,smlt_mm,59,Extra Trees,19350,4018,0.9443626202270274,0.3519946948775819,0.9401973249764037,0.940197326083,0.9230226180063025,0.9391905069351196
1,smlt_mm,60,Extra Trees,19350,4018,0.9589025462580564,0.3539471143626574,0.9338210772270905,0.9338210776778894,0.9149720876514098,0.9337759017944336
1,smlt_mm,61,Extra Trees,19350,4018,0.8666287731096096,0.3246205603338243,0.9295083188799338,0.9295083157602044,0.9180749993838148,0.9274070262908936
1,smlt_mm,62,Extra Trees,19350,4018,0.7728979897225472,0.2831119568276896,0.9314550283251278,0.9314550294918787,0.9288941571796177,0.9294664263725281
1,smlt_mm,63,Extra Trees,19350,4018,1.0436306960044595,0.3932260430896017,0.9435038245992287,0.943503826670085,0.9164634106611852,0.9394031167030334
1,smlt_mm,64,Extra Trees,19350,4018,1.0096931012985706,0.38112865677212104,0.9426952830766054,0.9426952854027534,0.9219182196284205,0.9388298392295837
1,smlt_mm,65,Extra Trees,19350,4018,0.9695883684132707,0.36348330036820126,0.9449973937465936,0.9449973971288306,0.9341463265598994,0.9411128163337708
1,smlt_mm,66,Extra Trees,19350,4018,0.9224544238294211,0.34788219220896227,0.9463269454122967,0.9463269418200139,0.9469934848775694,0.9422566890716553
1,smlt_mm,67,Extra Trees,19350,4018,0.9227860263288276,0.3446159705553876,0.9461809619631637,0.9461809613222419,0.9416751073872315,0.9421722292900085
1,smlt_mm,68,Extra Trees,19350,4018,0.9245802533147767,0.348683019884469,0.9399614577772026,0.9399614606119808,0.9349218827356841,0.9372078776359558
1,smlt_mm,69,Extra Trees,19350,4018,0.9103639184266172,0.346856609656347,0.9327958297172462,0.9327958318833774,0.9341072947157901,0.9293925762176514
1,smlt_mm,70,Extra Trees,19350,4018,0.8891001865692103,0.33893465804202166,0.9300541857596808,0.930054184406536,0.9305174915660859,0.9270761013031006
1,smlt_mm,71,Extra Trees,19350,4018,0.8511524489260178,0.32307816441800186,0.9326108358132852,0.9326108372866075,0.9220547832175284,0.929887056350708
1,smlt_mm,72,Extra Trees,19350,4018,0.8323424712991636,0.2867015042457347,0.9352936079645617,0.9352936076646639,0.9230014414200861,0.933107852935791
1,smlt_mm,73,Extra Trees,19350,4018,0.7399982417912506,0.26217190688257647,0.9312785896781111,0.9312785918700703,0.9327345408949178,0.9283247590065002
1,smlt_mm,74,Extra Trees,19350,4018,0.6920240813870061,0.25780709530436524,0.9105557157770466,0.9105557077547374,0.9252552995959974,0.9073998332023621
1,smlt_mm,75,Extra Trees,19350,4018,0.8078700591123059,0.31012220208865016,0.9234575523663222,0.923457554914631,0.9297853032213728,0.9184591174125671
1,smlt_mm,76,Extra Trees,19350,4018,0.8398066951767359,0.3169118682061166,0.9161039484654238,0.9161039435819655,0.9093980250255903,0.9149742126464844
1,smlt_mm,77,Extra Trees,19350,4018,0.820133449592864,0.2777214542254703,0.9231648063458628,0.9231648021595105,0.9239994769307756,0.9188371300697327
1,smlt_mm,78,Extra Trees,19350,4018,0.7599078763698202,0.24939285700948158,0.9205492528402889,0.9205492564827434,0.9350726605885982,0.9208128452301025
1,smlt_mm,79,Extra Trees,19350,4018,0.6988342767994408,0.23975388037091158,0.8998739946616822,0.8998740071789773,0.9098942099736208,0.8995101451873779
1,smlt_mm,80,Extra Trees,19350,4018,0.7943364989238927,0.269254747753913,0.9164735439159147,0.9164735441096341,0.9193454843239185,0.9133033752441406
1,smlt_mm,81,Extra Trees,19350,4018,0.7940946569708047,0.2667111146779057,0.899451894908988,0.8994519004168812,0.9134807498121817,0.9008210897445679
7,snowc,0,Extra Trees,19344,4018,16.057886339277708,7.512253851049191,0.6517408389881378,0.6517408239862482,0.6960393400196554,0.6501147747039795
7,snowc,1,Extra Trees,19344,4018,16.970537820147353,7.646614746350094,0.804370510004677,0.8043704958323222,0.8484555488150418,0.8116161823272705
7,snowc,2,Extra Trees,19344,4018,16.601330567674488,7.749761269588054,0.8021175963230089,0.802117605769705,0.8484406021177089,0.8039728403091431
7,snowc,3,Extra Trees,19344,4018,15.962046888574061,7.410117075340531,0.8231759392753975,0.823175943186059,0.8628939443308252,0.8235047459602356
7,snowc,4,Extra Trees,19344,4018,15.583158283178511,6.860373092580865,0.8523418976303647,0.8523419131437319,0.8806564739929946,0.8559690713882446
7,snowc,5,Extra Trees,19344,4018,16.290125868983345,6.84980773037417,0.8502421397680292,0.8502421540471933,0.8844641094072878,0.8546550869941711
7,snowc,6,Extra Trees,19344,4018,15.692988565365548,6.324465680968762,0.8739761084926353,0.8739761190006089,0.9082463702822415,0.8780838847160339
7,snowc,7,Extra Trees,19344,4018,15.02747723211511,6.043724625156649,0.8855098209830339,0.8855098261815848,0.9144863402811703,0.8881012201309204
7,snowc,8,Extra Trees,19344,4018,15.227890550901147,5.961284369458355,0.885859793849912,0.8858597888388533,0.9172760947888143,0.8937874436378479
7,snowc,9,Extra Trees,19344,4018,14.30545187164708,5.255375324985178,0.9049036498132308,0.9049036589350754,0.9337945461062881,0.9066250324249268
7,snowc,10,Extra Trees,19344,4018,13.013071047297945,4.568627031633565,0.9247959474584747,0.9247959498338907,0.9458488851277735,0.9218795299530029
7,snowc,11,Extra Trees,19344,4018,15.486552662890363,6.063727339979615,0.8800903975897335,0.8800903862835887,0.9029735427743215,0.880508303642273
7,snowc,12,Extra Trees,19344,4018,15.397646714619842,6.020204662827745,0.8817724745555,0.8817724773231331,0.9040397912074756,0.8815131187438965
7,snowc,13,Extra Trees,19344,4018,15.044708542367568,5.820525571639462,0.8880727823530228,0.8880727620863025,0.9104161654047256,0.8862167000770569
7,snowc,14,Extra Trees,19344,4018,14.710712994831527,5.473422093974407,0.8945223764184783,0.8945223703609279,0.9191722292074225,0.8938847184181213
7,snowc,15,Extra Trees,19344,4018,13.771882227376162,5.023176614965123,0.9106808169537818,0.9106808113086022,0.9309083418436885,0.9122527241706848
7,snowc,16,Extra Trees,19344,4018,14.90886630892176,5.87025048351308,0.8892543809242103,0.889254369365504,0.9141831320737523,0.8876324892044067
7,snowc,17,Extra Trees,19344,4018,15.804381673794184,6.116073376024695,0.8766484104955308,0.8766484181624579,0.903763440276047,0.8782201409339905
7,snowc,18,Extra Trees,19344,4018,14.781622309384893,5.745238809882929,0.8928963436176331,0.8928963529055423,0.9145883534348679,0.8928263187408447
7,snowc,19,Extra Trees,19344,4018,13.52551520930825,5.12297306518095,0.9133362379099285,0.913336229923954,0.9326163670143717,0.9110875725746155
7,snowc,20,Extra Trees,19344,4018,13.565471058179815,4.84865725213996,0.9161110420010994,0.916111047375584,0.9373421783849053,0.9160412549972534
7,snowc,21,Extra Trees,19344,4018,14.315829196780518,5.100364017074331,0.9057062465811283,0.9057062473359495,0.9344121293388776,0.9099342823028564
7,snowc,22,Extra Trees,19344,4018,14.067542360621928,4.949058776953329,0.9102191692818308,0.9102191770106397,0.9389090614424287,0.9116671681404114
7,snowc,23,Extra Trees,19344,4018,13.772748797684566,4.965223476683292,0.9145460826912208,0.9145460966816158,0.940827633157285,0.9143299460411072
7,snowc,24,Extra Trees,19344,4018,14.239862265563806,5.527637088523707,0.9040117904891221,0.9040117819099075,0.9322948143319876,0.9081255197525024
7,snowc,25,Extra Trees,19344,4018,15.602975084893778,6.331699850937274,0.8754366389028944,0.8754366286669114,0.909247253005846,0.8838347792625427
7,snowc,26,Extra Trees,19344,4018,13.110494316643344,4.614269500233072,0.9228343536805074,0.9228343427155435,0.941655412487066,0.9222518801689148
7,snowc,27,Extra Trees,19344,4018,13.229151398671947,4.8285714613877,0.9200242118494264,0.9200242051283065,0.9369734985049892,0.9180566072463989
7,snowc,28,Extra Trees,19344,4018,13.556636325580303,4.901359105762951,0.917044795059695,0.9170447930962266,0.9365890545179754,0.9176151752471924
7,snowc,29,Extra Trees,19344,4018,12.882294959666254,4.491043532983785,0.9267353209917789,0.9267353211742465,0.9438452016185949,0.9260135889053345
7,snowc,30,Extra Trees,19344,4018,11.051225449490438,3.8434857325058354,0.9450981538070176,0.9450981522354375,0.9580400062279409,0.9435369968414307
7,snowc,31,Extra Trees,19344,4018,12.174855688260712,4.284699489467746,0.9345226241551453,0.9345226149814954,0.9531959700047589,0.9370688796043396
7,snowc,32,Extra Trees,19344,4018,13.153196129100268,4.9608210123977035,0.9195229697456176,0.9195229785680642,0.9412601185817069,0.9240220785140991
7,snowc,33,Extra Trees,19344,4018,13.081135443593713,4.962705577766194,0.9207104205130312,0.9207104223173361,0.940965428426243,0.9205347299575806
7,snowc,34,Extra Trees,19344,4018,12.824752544991565,4.52448284398432,0.9276366585538421,0.9276366572933001,0.9474479854384681,0.9294866919517517
7,snowc,35,Extra Trees,19344,4018,12.91307444485803,4.570312155548645,0.9266261692456169,0.9266261687590251,0.9470688246709883,0.92878657579422
7,snowc,36,Extra Trees,19344,4018,12.900030091927558,4.734490880594246,0.9249834840492243,0.9249834908710576,0.9457671052490538,0.9269766211509705
7,snowc,37,Extra Trees,19344,4018,13.746761408868606,5.067286738677601,0.9146120335943109,0.9146120250338418,0.9407237917486042,0.9171323776245117
7,snowc,38,Extra Trees,19344,4018,13.746591060626763,5.253963476405571,0.9134075305485521,0.9134075254945235,0.9405372684174216,0.9149406552314758
7,snowc,39,Extra Trees,19344,4018,12.228628983444626,3.8995697395951923,0.9358448902679877,0.9358448966046349,0.9535597109016045,0.9353235363960266
7,snowc,40,Extra Trees,19344,4018,12.990416706882709,4.153060115107976,0.9278156082898653,0.9278156137955179,0.9484399818706251,0.9243336915969849
7,snowc,41,Extra Trees,19344,4018,13.333351972381283,4.589775769777284,0.9228719147787964,0.9228719163667083,0.9417671551689614,0.9215085506439209
7,snowc,42,Extra Trees,19344,4018,12.285339539168207,4.162710516804748,0.93446248942151,0.9344624858739073,0.9534615973594209,0.9352777004241943
7,snowc,43,Extra Trees,19344,4018,10.724412447633751,3.5407084105300544,0.9512707322368477,0.9512707302879178,0.9605205845237788,0.951697826385498
7,snowc,44,Extra Trees,19344,4018,10.15753156297991,3.12960948303427,0.9569919541855226,0.956991953413722,0.9621551635331979,0.9545170068740845
7,snowc,45,Extra Trees,19344,4018,10.214586421910662,3.2253082960853,0.9562867556111863,0.9562867532174653,0.9613460512009653,0.9551706314086914
7,snowc,46,Extra Trees,19344,4018,11.071933034047829,3.5540306686278558,0.948462398886054,0.9484623983023404,0.957901940729503,0.9431997537612915
7,snowc,47,Extra Trees,19344,4018,12.358601302766164,4.305181636239693,0.9335516796544632,0.9335516913252074,0.9518383718748795,0.929645299911499
7,snowc,48,Extra Trees,19344,4018,13.03334567713985,4.712091211246221,0.9252686023643751,0.9252685997779073,0.9439429978024991,0.9246101379394531
7,snowc,49,Extra Trees,19344,4018,13.298258731632055,5.0484185102117545,0.9206092542518133,0.9206092680470708,0.9417107432902447,0.9215651750564575
7,snowc,50,Extra Trees,19344,4018,13.576147205206357,5.301732066633211,0.91616046626842,0.9161604615738715,0.9400657251229046,0.9173980951309204
7,snowc,51,Extra Trees,19344,4018,13.356266984644192,4.544870446368638,0.9236353848132319,0.9236353937802518,0.9483064789394153,0.9287126064300537
7,snowc,52,Extra Trees,19344,4018,12.861046731575335,4.479065054801201,0.9281348085212372,0.9281348072569815,0.9499437118985256,0.9302130341529846
7,snowc,53,Extra Trees,19344,4018,12.986893418132018,4.559758122093049,0.9264660578332305,0.9264660466625809,0.9481618973370965,0.928052544593811
7,snowc,54,Extra Trees,19344,4018,13.660718301451212,4.723700044699201,0.9193358869263484,0.9193358941097596,0.9445492706437012,0.9206149578094482
7,snowc,55,Extra Trees,19344,4018,12.277348778074842,4.194020854900986,0.9357301559008125,0.9357301548780096,0.9527800949971605,0.9345474243164062
7,snowc,56,Extra Trees,19344,4018,11.108142203211713,3.792080138879104,0.9474003508146154,0.947400354030274,0.9579087902632715,0.9405822157859802
7,snowc,57,Extra Trees,19344,4018,11.317592398596508,3.8967111956399396,0.9451492695462653,0.9451492685432971,0.958093957253996,0.9423409104347229
7,snowc,58,Extra Trees,19344,4018,11.610365000358467,4.212750901928171,0.9406896844891226,0.9406896811074078,0.9560255903546824,0.9367423057556152
7,snowc,59,Extra Trees,19344,4018,12.884212549619019,4.921960773601845,0.9254332409932674,0.9254332436270591,0.945638827550396,0.9277186989784241
7,snowc,60,Extra Trees,19344,4018,14.082600161294243,5.33094170582362,0.911097934317115,0.9110979317794945,0.9364484177682482,0.9121741652488708
7,snowc,61,Extra Trees,19344,4018,14.507844116487002,5.820151818039595,0.9028436672025145,0.9028436556745736,0.9313975756638087,0.9054996967315674
7,snowc,62,Extra Trees,19344,4018,14.171023160708112,5.754964127181863,0.9068983801938232,0.9068983706374372,0.9326377085836723,0.905642032623291
7,snowc,63,Extra Trees,19344,4018,11.832544442976387,4.107923820017632,0.9400421239190839,0.9400421276600146,0.9538903840526958,0.9416549801826477
7,snowc,64,Extra Trees,19344,4018,11.370360843641565,3.9597425207320827,0.9441614056779114,0.9441614062141829,0.9559135111000931,0.9484972953796387
7,snowc,65,Extra Trees,19344,4018,11.408571316360682,3.9438760065373892,0.943674857660484,0.9436748528971816,0.9567281071415551,0.9491084814071655
7,snowc,66,Extra Trees,19344,4018,11.473671074827806,4.092694128360692,0.9423262704966138,0.9423262754279067,0.9565921663458808,0.9473496675491333
7,snowc,67,Extra Trees,19344,4018,12.925801645120917,4.66079006701857,0.9278581985660934,0.9278582012431963,0.9476231272130453,0.9351959228515625
7,snowc,68,Extra Trees,19344,4018,13.768652593393707,5.214151069406064,0.9162919942069196,0.9162919966971844,0.938140147608204,0.9190934896469116
7,snowc,69,Extra Trees,19344,4018,13.743217676005495,5.344434861068391,0.9148367135337245,0.9148367073858718,0.9380834879594987,0.9164867401123047
7,snowc,70,Extra Trees,19344,4018,14.096856423395755,5.591244809804234,0.9096184561913505,0.9096184600518307,0.9344605269920617,0.9108276963233948
7,snowc,71,Extra Trees,19344,4018,14.420087791888474,5.79215131473997,0.9055117264961868,0.9055117310428855,0.9310849869620758,0.9065817594528198
7,snowc,72,Extra Trees,19344,4018,14.081784367456143,5.363411105886995,0.9112262715709661,0.9112262701424763,0.9379088871040328,0.9123245477676392
7,snowc,73,Extra Trees,19344,4018,13.841244089490306,5.406301988553149,0.9132401978141748,0.913240191508011,0.9393434721187184,0.9128134846687317
7,snowc,74,Extra Trees,19344,4018,15.023866008982544,6.461796341406469,0.8878561318749784,0.8878561259274032,0.9179909445009555,0.8838425874710083
7,snowc,75,Extra Trees,19344,4018,14.969098353753592,6.282646052710169,0.8957696146208741,0.8957696127083085,0.9223590658037596,0.8960597515106201
7,snowc,76,Extra Trees,19344,4018,15.63691339197963,6.5852820775520415,0.8854539913972318,0.8854539872468636,0.9166888497492978,0.8862701058387756
7,snowc,77,Extra Trees,19344,4018,15.045712873193665,6.068744569205513,0.895835904228154,0.89583590038107,0.9269666316139161,0.8968855142593384
7,snowc,78,Extra Trees,19344,4018,14.627301864918227,5.782118812603907,0.9030682696834165,0.9030682668252632,0.933698093942699,0.9051749110221863
7,snowc,79,Extra Trees,19344,4018,14.785655240174549,6.18592790334448,0.8954220814516125,0.8954220857971061,0.9284485639727891,0.8975141048431396
7,snowc,80,Extra Trees,19344,4018,15.666092777322243,6.631411813650696,0.8833038040416271,0.8833037967237549,0.9123965027426054,0.8834203481674194
7,snowc,81,Extra Trees,19344,4018,16.144200986251068,6.838509557810671,0.874220179029245,0.8742201806723991,0.9094975695603182,0.8787592053413391
7,sd,0,Extra Trees,19344,4018,0.010478070198634242,0.003963289089792217,0.7425673603956784,0.7425673363348795,0.7304176617181071,0.7415105104446411
7,sd,1,Extra Trees,19344,4018,0.017097730201843676,0.007669787577264378,0.9259363924029912,0.9259363932245481,0.8866528509721218,0.9292842745780945
7,sd,2,Extra Trees,19344,4018,0.0168347854771973,0.007547226289257022,0.9125015300538927,0.9125015230921416,0.8873086285172703,0.9133435487747192
7,sd,3,Extra Trees,19344,4018,0.016495252113759427,0.007567979238018799,0.9294350218534145,0.9294350283182294,0.9028623329401309,0.9318262338638306
7,sd,4,Extra Trees,19344,4018,0.017121777310906326,0.008227067355661843,0.9565070556823764,0.956507056513827,0.9406523860479163,0.9565473198890686
7,sd,5,Extra Trees,19344,4018,0.020882257565481812,0.009953598563410914,0.9557984313766856,0.9557984328259549,0.9535089746009774,0.9571137428283691
7,sd,6,Extra Trees,19344,4018,0.024495487954019186,0.012057864367326239,0.9653841701889541,0.9653841706731656,0.9473895923439909,0.9681989550590515
7,sd,7,Extra Trees,19344,4018,0.024354186230527465,0.012208277927398276,0.9666533839344058,0.9666533856135899,0.949039089855402,0.9702180027961731
7,sd,8,Extra Trees,19344,4018,0.02349148957911278,0.011908560892343649,0.9708442757411093,0.9708442756544668,0.9572455914145359,0.9736130237579346
7,sd,9,Extra Trees,19344,4018,0.023522216063783845,0.012146470932378646,0.9758440072704613,0.9758440073449361,0.9548891539295066,0.9786394238471985
7,sd,10,Extra Trees,19344,4018,0.02197280526704358,0.011532064791487336,0.9797568330395133,0.9797568319020814,0.9628870557184344,0.9809456467628479
7,sd,11,Extra Trees,19344,4018,0.02355963843903274,0.0121300160423265,0.9677239711764918,0.9677239694447659,0.9532294024521707,0.9705653786659241
7,sd,12,Extra Trees,19344,4018,0.024082649492098644,0.01218849792265453,0.9645911350886501,0.9645911365776051,0.9510271679649189,0.968464732170105
7,sd,13,Extra Trees,19344,4018,0.02458801416853777,0.012425963927120766,0.9645563517512398,0.9645563526685443,0.9474492565873982,0.9696232676506042
7,sd,14,Extra Trees,19344,4018,0.023766755103235514,0.012230304608270234,0.9708355572675185,0.9708355575196589,0.9484712606635837,0.9729271531105042
7,sd,15,Extra Trees,19344,4018,0.02392855559033742,0.012361401898614316,0.9748851554650197,0.9748851548164634,0.9567268563868281,0.9768224954605103
7,sd,16,Extra Trees,19344,4018,0.02339635733435168,0.011968342598217961,0.9711859374881889,0.9711859393350847,0.9572518922538904,0.9727822542190552
7,sd,17,Extra Trees,19344,4018,0.023237596394508016,0.011719760445976847,0.9702143639854701,0.9702143646135426,0.9612173254436915,0.971754789352417
7,sd,18,Extra Trees,19344,4018,0.023518380579679626,0.011960411953799181,0.9721529614799858,0.9721529621954803,0.9555253707209479,0.9733136892318726
7,sd,19,Extra Trees,19344,4018,0.02403161415641211,0.01232449458614581,0.9758143264886814,0.9758143255471983,0.9599832899507423,0.9767130017280579
7,sd,20,Extra Trees,19344,4018,0.025692776739462755,0.013204016459959424,0.9758710645775841,0.9758710632656264,0.9549550776149618,0.9777764081954956
7,sd,21,Extra Trees,19344,4018,0.024386808233152375,0.012447573683928227,0.9756195555826438,0.9756195556296129,0.9649019878292908,0.9764788746833801
7,sd,22,Extra Trees,19344,4018,0.023704177851205977,0.011955678338083604,0.9755898576945949,0.9755898545914363,0.9640069768040455,0.9768624305725098
7,sd,23,Extra Trees,19344,4018,0.0227456479789123,0.011648566084691192,0.9759284427479621,0.9759284417224969,0.9589747668856592,0.9771606922149658
7,sd,24,Extra Trees,19344,4018,0.020282781268493654,0.010411239997198937,0.9747084013225508,0.9747083990555494,0.9613866587475878,0.9762572646141052
7,sd,25,Extra Trees,19344,4018,0.017763799357033313,0.008629180749281897,0.9668449117808156,0.966844911773762,0.9587484551101956,0.9687037467956543
7,sd,26,Extra Trees,19344,4018,0.024023318761314433,0.012983911176848812,0.9825435715682871,0.9825435706026842,0.9669442701066628,0.9829811453819275
7,sd,27,Extra Trees,19344,4018,0.023506544658754965,0.012688157841460398,0.9807055859244077,0.9807055856467628,0.9646065104652697,0.9808836579322815
7,sd,28,Extra Trees,19344,4018,0.0233376492730816,0.012600271307133804,0.9801706919993478,0.9801706918408842,0.9624342900794904,0.9803059101104736
7,sd,29,Extra Trees,19344,4018,0.023666922714646235,0.01293297367595813,0.9824856879684574,0.9824856884192071,0.9639220580007457,0.9828212857246399
7,sd,30,Extra Trees,19344,4018,0.023702131131011325,0.013219046603367469,0.9854198776678638,0.9854198782125592,0.9733573166687323,0.9859583377838135
7,sd,31,Extra Trees,19344,4018,0.02368161033558767,0.013073665635892705,0.9844562855019502,0.9844562858830322,0.96906782529398,0.9853531122207642
7,sd,32,Extra Trees,19344,4018,0.023544390476557556,0.012691807706257777,0.9799675932051595,0.9799675931477259,0.9596823366178227,0.9807339906692505
7,sd,33,Extra Trees,19344,4018,0.023180513724845673,0.012616008431377754,0.9798697793517324,0.9798697801151611,0.9565097035898986,0.9812821745872498
7,sd,34,Extra Trees,19344,4018,0.023367609481554627,0.012795231907136457,0.9819604751103251,0.9819604747175407,0.9602338945948429,0.9829304814338684
7,sd,35,Extra Trees,19344,4018,0.0234912383832307,0.012729999614929379,0.9802038682027794,0.9802038669956868,0.9591877456099007,0.9820117950439453
7,sd,36,Extra Trees,19344,4018,0.021950028009313432,0.011735195899693605,0.9784687206496563,0.9784687192694526,0.9613645085561607,0.9795804023742676
7,sd,37,Extra Trees,19344,4018,0.020359826169893434,0.010569801524208465,0.9768696407605992,0.9768696394083802,0.9614989978549509,0.9772309064865112
7,sd,38,Extra Trees,19344,4018,0.019198285609005862,0.009873245657566525,0.975874021949646,0.9758740212085332,0.9647326771022151,0.9771526455879211
7,sd,39,Extra Trees,19344,4018,0.024752258433016403,0.01418516625732181,0.986845349729881,0.9868453496573361,0.9732410477786672,0.9870843887329102
7,sd,40,Extra Trees,19344,4018,0.025396782994118346,0.014181241751765898,0.9841264940232661,0.9841264948600156,0.9671002664656315,0.9846059679985046
7,sd,41,Extra Trees,19344,4018,0.024057310200013202,0.01344080927280023,0.9836810555511712,0.9836810546678801,0.9654097640409823,0.9839872717857361
7,sd,42,Extra Trees,19344,4018,0.024383084214142297,0.013705002071383957,0.98469957043017,0.984699569951007,0.9703893950534886,0.9852126240730286
7,sd,43,Extra Trees,19344,4018,0.024305443568381328,0.013739917374524516,0.9865513973585965,0.9865513971512639,0.9767256448757381,0.9865505695343018
7,sd,44,Extra Trees,19344,4018,0.02437217874737438,0.013726030198425478,0.9867892604881875,0.9867892605681932,0.9771758000867913,0.987343430519104
7,sd,45,Extra Trees,19344,4018,0.02422474785168173,0.013454776491149265,0.9859047893408032,0.9859047880327101,0.9778298764119765,0.9860904216766357
7,sd,46,Extra Trees,19344,4018,0.022645565033346023,0.012714305267087774,0.9856594441968398,0.9856594457425675,0.973890250731717,0.9853363037109375
7,sd,47,Extra Trees,19344,4018,0.02204249347451418,0.01213139415666418,0.9829881670874454,0.9829881672139817,0.9691264153078966,0.983819842338562
7,sd,48,Extra Trees,19344,4018,0.02123947486634969,0.011538310454965768,0.9811789637148249,0.9811789642848937,0.9684112982857925,0.9820732474327087
7,sd,49,Extra Trees,19344,4018,0.019586484617198446,0.010475314524107418,0.978774058555295,0.9787740575494118,0.9630465149726036,0.9797124862670898
7,sd,50,Extra Trees,19344,4018,0.0172424536623176,0.009066406144253428,0.9779821635752266,0.9779821634940995,0.9646490103670949,0.9791730046272278
7,sd,51,Extra Trees,19344,4018,0.023196861286529483,0.013344421808958009,0.9865552375692557,0.9865552381842451,0.973096756988515,0.986902117729187
7,sd,52,Extra Trees,19344,4018,0.022842640958781434,0.013147612237867487,0.9858704802669018,0.9858704802175515,0.9725133345874648,0.9864566922187805
7,sd,53,Extra Trees,19344,4018,0.022411600573664755,0.012723811994338865,0.9852331169413115,0.9852331166839753,0.9720685207761649,0.9853988289833069
7,sd,54,Extra Trees,19344,4018,0.022227068815793925,0.012562166935633388,0.9844724128688357,0.9844724140271645,0.9686410880963301,0.9852356910705566
7,sd,55,Extra Trees,19344,4018,0.022066887547930483,0.012434207471736779,0.9851078872323401,0.9851078872463672,0.9677817207223454,0.9846001267433167
7,sd,56,Extra Trees,19344,4018,0.022265989282373288,0.012576934967032329,0.9845445999710527,0.9845445998056019,0.9688493116414643,0.984639585018158
7,sd,57,Extra Trees,19344,4018,0.021371282167952383,0.01213720538626608,0.9843537487788848,0.9843537488454993,0.9691780179409226,0.9847717881202698
7,sd,58,Extra Trees,19344,4018,0.020798516055625015,0.0117145388781527,0.9823837862941391,0.9823837871623118,0.9651502789839987,0.9835097193717957
7,sd,59,Extra Trees,19344,4018,0.019287844136237676,0.01057560259144857,0.9804939181458591,0.9804939170531988,0.9688949006571129,0.9810948967933655
7,sd,60,Extra Trees,19344,4018,0.018165096222635277,0.00973033363482423,0.9786423014449508,0.9786423024156777,0.9676620442945676,0.9794211983680725
7,sd,61,Extra Trees,19344,4018,0.01686630577886306,0.008842144725180811,0.9753556340273499,0.9753556338376447,0.9602411368708775,0.9774239659309387
7,sd,62,Extra Trees,19344,4018,0.015180769848400378,0.007923415173645561,0.9753004158710161,0.9753004144756385,0.9691692767214403,0.9754862785339355
7,sd,63,Extra Trees,19344,4018,0.021738343892392802,0.01249092345605371,0.9869276209618149,0.9869276207297832,0.9791991901689431,0.9874008893966675
7,sd,64,Extra Trees,19344,4018,0.02142409812387761,0.012492341536945183,0.987055885055804,0.9870558855073589,0.980492197247293,0.9873589873313904
7,sd,65,Extra Trees,19344,4018,0.02144524568948012,0.012512835909942852,0.9865941242530502,0.9865941256271313,0.9768599871972559,0.9870508909225464
7,sd,66,Extra Trees,19344,4018,0.02071846568012088,0.012109303241069194,0.9862983012986436,0.9862983012105482,0.9768642299862187,0.9867052435874939
7,sd,67,Extra Trees,19344,4018,0.019294773686611227,0.011129495657360164,0.9851859877636043,0.9851859866550965,0.9682151187332896,0.9850091338157654
7,sd,68,Extra Trees,19344,4018,0.018118939220844774,0.010262937115646579,0.9830125452677448,0.9830125447784297,0.9672167191462104,0.982866108417511
7,sd,69,Extra Trees,19344,4018,0.017824541667337268,0.009912256557328669,0.9800537183662725,0.9800537187599411,0.9682812393436009,0.9800487756729126
7,sd,70,Extra Trees,19344,4018,0.017054614982743552,0.009296629719770627,0.9777941944679894,0.9777941945407022,0.9671431770467066,0.978721559047699
7,sd,71,Extra Trees,19344,4018,0.015837173734495686,0.00846562420242877,0.9774989441549339,0.977498943897915,0.9668622226912079,0.9770717024803162
7,sd,72,Extra Trees,19344,4018,0.016154851754313037,0.008531333811535561,0.9762120234674818,0.9762120224206494,0.9642693111988627,0.9779134392738342
7,sd,73,Extra Trees,19344,4018,0.014516926051600718,0.007626559755820999,0.9764528904830083,0.9764528927207842,0.9633489685161036,0.9781095385551453
7,sd,74,Extra Trees,19344,4018,0.012362478968871915,0.006412181084539939,0.9706225840275138,0.9706225811820646,0.9628144432788501,0.969880998134613
7,sd,75,Extra Trees,19344,4018,0.014804076847327008,0.008019802881705245,0.9756098138078666,0.9756098138023102,0.9692148062802481,0.9766595363616943
7,sd,76,Extra Trees,19344,4018,0.014330808285410054,0.007430151395619452,0.9703523436798761,0.9703523421923073,0.9648180110544997,0.971682608127594
7,sd,77,Extra Trees,19344,4018,0.01442168254381757,0.007347980667516791,0.9711304655185687,0.9711304642184139,0.9645123069672393,0.9711768627166748
7,sd,78,Extra Trees,19344,4018,0.013198670604601228,0.006889822842132943,0.9749754247919722,0.9749754260289629,0.9703228526856347,0.9763193130493164
7,sd,79,Extra Trees,19344,4018,0.01188965897981122,0.0062275976436459496,0.9710304999944421,0.9710305003345995,0.9629190856094851,0.9732269644737244
7,sd,80,Extra Trees,19344,4018,0.0127189997548722,0.006379211449109618,0.9684271655154985,0.9684271654372366,0.9676561297445782,0.9691261649131775
7,sd,81,Extra Trees,19344,4018,0.012612491661388581,0.0061105780153630825,0.9623992000655783,0.9623991987048266,0.965315291722081,0.9655969142913818
7,smlt_mm,0,XGBoost,19344,4018,0.9283400957442235,0.3978162705898285,0.5573689937591553,0.5573689937591553,0.5261122857892262,0.5573689937591553
7,smlt_mm,1,XGBoost,19344,4018,1.3384279383376385,0.5635449886322021,0.679533064365387,0.679533064365387,0.6787675936070043,0.679533064365387
7,smlt_mm,2,XGBoost,19344,4018,1.2487975058621725,0.5428690910339355,0.6718763709068298,0.6718763709068298,0.664990803660036,0.6718763709068298
7,smlt_mm,3,XGBoost,19344,4018,1.2280384586506188,0.5468190908432007,0.6959496736526489,0.6959496736526489,0.7221675800155787,0.6959496736526489
7,smlt_mm,4,XGBoost,19344,4018,1.324001418202266,0.5892924070358276,0.7242050170898438,0.7242050170898438,0.7677058282873248,0.7242050170898438
7,smlt_mm,5,XGBoost,19344,4018,1.5993223573250548,0.6508998274803162,0.720158576965332,0.720158576965332,0.7693768995828114,0.720158576965332
7,smlt_mm,6,XGBoost,19344,4018,1.8071909133427704,0.7430825233459473,0.7669250965118408,0.7669250965118408,0.7859087791439276,0.7669250965118408
7,smlt_mm,7,XGBoost,19344,4018,1.7433166266176319,0.7318478226661682,0.7885721921920776,0.7885721921920776,0.7940653242318605,0.7885721921920776
7,smlt_mm,8,XGBoost,19344,4018,1.7743272607931027,0.7261348366737366,0.795153796672821,0.795153796672821,0.7981362267114694,0.795153796672821
7,smlt_mm,9,XGBoost,19344,4018,1.8879534549309842,0.7731487154960632,0.7744021415710449,0.7744021415710449,0.7520530227314235,0.7744021415710449
7,smlt_mm,10,XGBoost,19344,4018,2.018928009782742,0.7940797209739685,0.7532739639282227,0.7532739639282227,0.7175824948342182,0.7532739639282227
7,smlt_mm,11,XGBoost,19344,4018,1.8200012726831702,0.7327128052711487,0.7644054293632507,0.7644054293632507,0.788332678303218,0.7644054293632507
7,smlt_mm,12,XGBoost,19344,4018,1.8908048812162446,0.7556501626968384,0.7514476776123047,0.7514476776123047,0.7878323968609606,0.7514476776123047
7,smlt_mm,13,XGBoost,19344,4018,1.909939619078572,0.7497652173042297,0.752777099609375,0.752777099609375,0.8001969274424846,0.752777099609375
7,smlt_mm,14,XGBoost,19344,4018,1.8752635770549577,0.7384583950042725,0.7687224745750427,0.7687224745750427,0.7908823343811935,0.7687224745750427
7,smlt_mm,15,XGBoost,19344,4018,1.959411209477617,0.7700778841972351,0.776184618473053,0.776184618473053,0.7589191054608659,0.776184618473053
7,smlt_mm,16,XGBoost,19344,4018,1.7705859815591765,0.7268044352531433,0.7756727933883667,0.7756727933883667,0.7923709951285165,0.7756727933883667
7,smlt_mm,17,XGBoost,19344,4018,1.8709863938530595,0.7636620998382568,0.7768199443817139,0.7768199443817139,0.8035131996245659,0.7768199443817139
7,smlt_mm,18,XGBoost,19344,4018,1.8586312096610238,0.7531036138534546,0.7764276266098022,0.7764276266098022,0.7855414402629952,0.7764276266098022
7,smlt_mm,19,XGBoost,19344,4018,1.8843509198068842,0.7666587829589844,0.7889248728752136,0.7889248728752136,0.7689985215212798,0.7889248728752136
7,smlt_mm,20,XGBoost,19344,4018,2.0527291483862458,0.7959221005439758,0.7862488627433777,0.7862488627433777,0.7436931498602045,0.7862488627433777
7,smlt_mm,21,XGBoost,19344,4018,2.0419617134786696,0.8193262815475464,0.7844181656837463,0.7844181656837463,0.7688651742717983,0.7844181656837463
7,smlt_mm,22,XGBoost,19344,4018,2.008339660550145,0.8074690699577332,0.7967879772186279,0.7967879772186279,0.7827988324578484,0.7967879772186279
7,smlt_mm,23,XGBoost,19344,4018,2.052200959476477,0.8138163685798645,0.7778182625770569,0.7778182625770569,0.7601284544521776,0.7778182625770569
7,smlt_mm,24,XGBoost,19344,4018,1.8173571650905558,0.7267622351646423,0.7661082148551941,0.7661082148551941,0.7507305185400915,0.7661082148551941
7,smlt_mm,25,XGBoost,19344,4018,1.5636956789871725,0.6184856295585632,0.7287541031837463,0.7287541031837463,0.7661043317138088,0.7287541031837463
7,smlt_mm,26,XGBoost,19344,4018,2.005308972760285,0.8136233687400818,0.8014875650405884,0.8014875650405884,0.7620933588707091,0.8014875650405884
7,smlt_mm,27,XGBoost,19344,4018,1.91835947194038,0.8030275106430054,0.8038938641548157,0.8038938641548157,0.7818150810191477,0.8038938641548157
7,smlt_mm,28,XGBoost,19344,4018,1.9532066022992187,0.8076266050338745,0.8048544526100159,0.8048544526100159,0.7778146984980113,0.8048544526100159
7,smlt_mm,29,XGBoost,19344,4018,2.0398663218961324,0.8132257461547852,0.7980263233184814,0.7980263233184814,0.7835259900706947,0.7980263233184814
7,smlt_mm,30,XGBoost,19344,4018,1.8452324161061264,0.7225462794303894,0.8059154152870178,0.8059154152870178,0.7537000115443941,0.8059154152870178
7,smlt_mm,31,XGBoost,19344,4018,1.8386068863868283,0.7236650586128235,0.8241167664527893,0.8241167664527893,0.7456895716593194,0.8241167664527893
7,smlt_mm,32,XGBoost,19344,4018,1.7766397612051157,0.7481997609138489,0.806286633014679,0.806286633014679,0.7724957979952085,0.806286633014679
7,smlt_mm,33,XGBoost,19344,4018,1.7749984526291671,0.7365795373916626,0.8060598373413086,0.8060598373413086,0.7748983166853793,0.8060598373413086
7,smlt_mm,34,XGBoost,19344,4018,2.0344519394068032,0.7997745275497437,0.7854611277580261,0.7854611277580261,0.7495264426792019,0.7854611277580261
7,smlt_mm,35,XGBoost,19344,4018,2.023546841881616,0.8192508816719055,0.776188850402832,0.776188850402832,0.742908563889384,0.776188850402832
7,smlt_mm,36,XGBoost,19344,4018,1.8810020384749582,0.7748966217041016,0.7832501530647278,0.7832501530647278,0.7398376172959683,0.7832501530647278
7,smlt_mm,37,XGBoost,19344,4018,1.925748256067989,0.772203803062439,0.7714216709136963,0.7714216709136963,0.7376967645135186,0.7714216709136963
7,smlt_mm,38,XGBoost,19344,4018,1.8474848145517704,0.7288642525672913,0.7513395547866821,0.7513395547866821,0.7352891666766148,0.7513395547866821
7,smlt_mm,39,XGBoost,19344,4018,1.9671012392894305,0.7952011227607727,0.8270155191421509,0.8270155191421509,0.7702422834599658,0.8270155191421509
7,smlt_mm,40,XGBoost,19344,4018,2.092673295295638,0.8552916646003723,0.8218040466308594,0.8218040466308594,0.7683335422772263,0.8218040466308594
7,smlt_mm,41,XGBoost,19344,4018,1.9826676841139774,0.8493528366088867,0.8230862617492676,0.8230862617492676,0.7702179085049301,0.8230862617492676
7,smlt_mm,42,XGBoost,19344,4018,1.934346863475764,0.7910059094429016,0.8254271149635315,0.8254271149635315,0.7640402229693605,0.8254271149635315
7,smlt_mm,43,XGBoost,19344,4018,1.9514647484541525,0.7494884133338928,0.8359018564224243,0.8359018564224243,0.7705588457225648,0.8359018564224243
7,smlt_mm,44,XGBoost,19344,4018,2.0485281056400395,0.7666262984275818,0.8344922065734863,0.8344922065734863,0.7789077770574568,0.8344922065734863
7,smlt_mm,45,XGBoost,19344,4018,2.1008081606797218,0.7648099660873413,0.8278407454490662,0.8278407454490662,0.7736401358807217,0.8278407454490662
7,smlt_mm,46,XGBoost,19344,4018,1.9727281613981165,0.7608065605163574,0.8221248388290405,0.8221248388290405,0.7565100912469946,0.8221248388290405
7,smlt_mm,47,XGBoost,19344,4018,1.9577808885998258,0.7801718711853027,0.800312876701355,0.800312876701355,0.7461880746643664,0.800312876701355
7,smlt_mm,48,XGBoost,19344,4018,1.9765722101146432,0.7905932068824768,0.7828320860862732,0.7828320860862732,0.7375953858213671,0.7828320860862732
7,smlt_mm,49,XGBoost,19344,4018,1.8376329101450377,0.7530622482299805,0.7776381373405457,0.7776381373405457,0.7258247682319914,0.7776381373405457
7,smlt_mm,50,XGBoost,19344,4018,1.68436479724632,0.6892431378364563,0.7545459270477295,0.7545459270477295,0.7042472795684718,0.7545459270477295
7,smlt_mm,51,XGBoost,19344,4018,1.9295810561996243,0.7972608804702759,0.821749746799469,0.821749746799469,0.7623005777909139,0.821749746799469
7,smlt_mm,52,XGBoost,19344,4018,1.8544790097733161,0.781165599822998,0.8240211009979248,0.8240211009979248,0.7614020325901545,0.8240211009979248
7,smlt_mm,53,XGBoost,19344,4018,1.8443864273549768,0.7833672761917114,0.8215715885162354,0.8215715885162354,0.7579719787909712,0.8215715885162354
7,smlt_mm,54,XGBoost,19344,4018,1.8499513851685894,0.7789270877838135,0.8228257894515991,0.8228257894515991,0.7500874497232279,0.8228257894515991
7,smlt_mm,55,XGBoost,19344,4018,1.9201430914129431,0.7574859261512756,0.8214097619056702,0.8214097619056702,0.7481528284148102,0.8214097619056702
7,smlt_mm,56,XGBoost,19344,4018,1.926774208088028,0.7324343919754028,0.8193807005882263,0.8193807005882263,0.7584879315051966,0.8193807005882263
7,smlt_mm,57,XGBoost,19344,4018,1.8107826383925898,0.70566326379776,0.8203591704368591,0.8203591704368591,0.7537334047447295,0.8203591704368591
7,smlt_mm,58,XGBoost,19344,4018,1.8269023882509157,0.7111738920211792,0.794148325920105,0.794148325920105,0.7342973741818632,0.794148325920105
7,smlt_mm,59,XGBoost,19344,4018,1.7642762425478955,0.7116637825965881,0.7912741899490356,0.7912741899490356,0.7354699250192476,0.7912741899490356
7,smlt_mm,60,XGBoost,19344,4018,1.8049204622322672,0.7373295426368713,0.7655302286148071,0.7655302286148071,0.7171213936179798,0.7655302286148071
7,smlt_mm,61,XGBoost,19344,4018,1.6437166420920475,0.6772600412368774,0.7464138269424438,0.7464138269424438,0.6951156515382337,0.7464138269424438
7,smlt_mm,62,XGBoost,19344,4018,1.5354952450041712,0.6084293127059937,0.7294620275497437,0.7294620275497437,0.6815247128310333,0.7294620275497437
7,smlt_mm,63,XGBoost,19344,4018,1.902895179740265,0.7805064916610718,0.8121742606163025,0.8121742606163025,0.7640128876895504,0.8121742606163025
7,smlt_mm,64,XGBoost,19344,4018,1.8205350158643028,0.747590184211731,0.8137013912200928,0.8137013912200928,0.7632582361564911,0.8137013912200928
7,smlt_mm,65,XGBoost,19344,4018,1.755647742021255,0.7170711755752563,0.8196636438369751,0.8196636438369751,0.7721427003485006,0.8196636438369751
7,smlt_mm,66,XGBoost,19344,4018,1.6870577903893522,0.6875730752944946,0.82047438621521,0.82047438621521,0.7870725788094404,0.82047438621521
7,smlt_mm,67,XGBoost,19344,4018,1.7333500213308777,0.7062997817993164,0.8101080656051636,0.8101080656051636,0.7675750944002193,0.8101080656051636
7,smlt_mm,68,XGBoost,19344,4018,1.687450125628356,0.68770831823349,0.8000125288963318,0.8000125288963318,0.7480769567596774,0.8000125288963318
7,smlt_mm,69,XGBoost,19344,4018,1.6692792046188745,0.682250440120697,0.7740439176559448,0.7740439176559448,0.7326014651597186,0.7740439176559448
7,smlt_mm,70,XGBoost,19344,4018,1.6259387312603448,0.6763240098953247,0.766079306602478,0.766079306602478,0.7287833040087707,0.766079306602478
7,smlt_mm,71,XGBoost,19344,4018,1.6533242060552942,0.6760517358779907,0.7457321882247925,0.7457321882247925,0.7000128038993738,0.7457321882247925
7,smlt_mm,72,XGBoost,19344,4018,1.7146506233344794,0.6490995287895203,0.725403904914856,0.725403904914856,0.6967332418523131,0.725403904914856
7,smlt_mm,73,XGBoost,19344,4018,1.5132814359098605,0.5694222450256348,0.7126110792160034,0.7126110792160034,0.6743136701572965,0.7126110792160034
7,smlt_mm,74,XGBoost,19344,4018,1.318201080991695,0.5186954140663147,0.6754560470581055,0.6754560470581055,0.7244786481898875,0.6754560470581055
7,smlt_mm,75,XGBoost,19344,4018,1.4936804368169625,0.6247314214706421,0.7383415699005127,0.7383415699005127,0.7278731603864637,0.7383415699005127
7,smlt_mm,76,XGBoost,19344,4018,1.5902074449395853,0.6612460613250732,0.6991912722587585,0.6991912722587585,0.7067441223077189,0.6991912722587585
7,smlt_mm,77,XGBoost,19344,4018,1.6616047363193545,0.6240082383155823,0.6846109628677368,0.6846109628677368,0.6728771225284043,0.6846109628677368
7,smlt_mm,78,XGBoost,19344,4018,1.505976295137717,0.5308470726013184,0.6879584789276123,0.6879584789276123,0.665569806582887,0.6879584789276123
7,smlt_mm,79,XGBoost,19344,4018,1.2686518513717677,0.47689419984817505,0.6700232028961182,0.6700232028961182,0.7128767327170233,0.6700232028961182
7,smlt_mm,80,XGBoost,19344,4018,1.5658667341604746,0.5986666083335876,0.6754179000854492,0.6754179000854492,0.7129467510869809,0.6754179000854492
7,smlt_mm,81,XGBoost,19344,4018,1.553622393719544,0.5868484377861023,0.6151244640350342,0.6151244640350342,0.7010129447921802,0.6151244640350342
15,snowc,0,Extra Trees,19336,4018,19.845682899850253,9.975598391915598,0.4680658339735082,0.4680658110594875,0.5585378333419853,0.45957696437835693
15,snowc,1,Extra Trees,19336,4018,19.71525161864497,9.68397230476301,0.7359733537329973,0.7359733346056188,0.794393991599669,0.7357125282287598
15,snowc,2,Extra Trees,19336,4018,19.00113461951638,9.474973048732776,0.7407728697508698,0.7407728821260982,0.8000264757569312,0.7385468482971191
15,snowc,3,Extra Trees,19336,4018,18.043409219958534,8.998691854463488,0.7740556981397017,0.7740557031367122,0.8200834297187001,0.7730886340141296
15,snowc,4,Extra Trees,19336,4018,17.710190238438326,8.411482277383554,0.8092815223496731,0.8092815423870818,0.8388095133041333,0.8079177737236023
15,snowc,5,Extra Trees,19336,4018,18.83965929362027,8.46305139159302,0.7996972853472641,0.7996973044457963,0.8426061355880676,0.7976710200309753
15,snowc,6,Extra Trees,19336,4018,17.084712133427512,7.307376851322509,0.8506322287844191,0.8506322412388243,0.8772109800814787,0.849175214767456
15,snowc,7,Extra Trees,19336,4018,16.722964949846123,7.160379859444321,0.8582174979356005,0.8582175043733891,0.8826060092227587,0.8566156029701233
15,snowc,8,Extra Trees,19336,4018,16.390565158427325,6.896777636132018,0.8677648182654715,0.8677648124599953,0.8900731027300887,0.8642870783805847
15,snowc,9,Extra Trees,19336,4018,15.134272107291013,6.075705192104514,0.8935651716638577,0.8935651818733134,0.9137872658428283,0.89211106300354
15,snowc,10,Extra Trees,19336,4018,13.910789521695518,5.4279326180281045,0.9140620080876726,0.9140620108021338,0.9296066539022672,0.9095712900161743
15,snowc,11,Extra Trees,19336,4018,17.6850809691656,7.605893972536845,0.8436281549101476,0.8436281401660181,0.8718413707077519,0.8447111248970032
15,snowc,12,Extra Trees,19336,4018,17.964538892468617,7.766684908933813,0.8390681341200539,0.8390681378873691,0.8706317709381886,0.8391101956367493
15,snowc,13,Extra Trees,19336,4018,17.544839933208163,7.521018101391609,0.8477816635526788,0.8477816359904243,0.8789085777465958,0.848422646522522
15,snowc,14,Extra Trees,19336,4018,16.85654023081148,7.01977154597439,0.8615063777073309,0.8615063697536809,0.8901422339070486,0.8620782494544983
15,snowc,15,Extra Trees,19336,4018,16.18615719270593,6.604300670483682,0.8766197489902188,0.8766197411923007,0.9006431849149098,0.8769696354866028
15,snowc,16,Extra Trees,19336,4018,17.0348136460701,7.328780124492984,0.8554187123187295,0.8554186972285376,0.8841859509727045,0.8592238426208496
15,snowc,17,Extra Trees,19336,4018,18.1657403011864,7.730042061295767,0.8370344022453984,0.837034412374537,0.8696421266459662,0.8419484496116638
15,snowc,18,Extra Trees,19336,4018,17.158512713568108,7.239614223788744,0.8556823739003865,0.8556823864154494,0.8801801864236218,0.8587204813957214
15,snowc,19,Extra Trees,19336,4018,15.649701543596692,6.357966872169618,0.8839775524876852,0.8839775417963387,0.9003388098541469,0.8841112852096558
15,snowc,20,Extra Trees,19336,4018,15.322800430489437,5.982379522577239,0.8929685689573661,0.8929685758145114,0.9106771903156706,0.8905711770057678
15,snowc,21,Extra Trees,19336,4018,15.540887731260353,6.193191339574935,0.8888776151881473,0.8888776160776816,0.908851152495695,0.8873826265335083
15,snowc,22,Extra Trees,19336,4018,15.224165613401992,5.985570932036737,0.8948488187788894,0.8948488278308594,0.9157071829732374,0.8932846784591675
15,snowc,23,Extra Trees,19336,4018,14.807895565051245,5.810508107727213,0.901218092348702,0.9012181085211368,0.9209898710646777,0.9018764495849609
15,snowc,24,Extra Trees,19336,4018,14.922972003978831,6.217893818192748,0.894581468534135,0.8945814591120591,0.9134894469016749,0.8943061828613281
15,snowc,25,Extra Trees,19336,4018,16.509625103423115,7.27200513096722,0.8605399195725235,0.8605399081124041,0.884522751270153,0.8560773134231567
15,snowc,26,Extra Trees,19336,4018,15.04209911026712,5.749238858054677,0.898421275169262,0.8984212607352865,0.9210874423187727,0.8950387835502625
15,snowc,27,Extra Trees,19336,4018,15.341904714842501,6.1029508125321605,0.8924394244266284,0.8924394153872987,0.9141906142716137,0.8927040696144104
15,snowc,28,Extra Trees,19336,4018,15.691624953361206,6.187141779969126,0.8888586703626221,0.8888586677320156,0.910451529855371,0.8899166584014893
15,snowc,29,Extra Trees,19336,4018,15.326410386617605,5.786655940586875,0.8962975363201929,0.8962975365784666,0.9186686481159022,0.8980363607406616
15,snowc,30,Extra Trees,19336,4018,12.874608899289095,5.038205991476254,0.9254866375934772,0.9254866354605121,0.940121245502373,0.923160195350647
15,snowc,31,Extra Trees,19336,4018,13.58026357163065,5.136059555935424,0.9185333197004428,0.9185333082866256,0.935641315329343,0.9116696715354919
15,snowc,32,Extra Trees,19336,4018,14.657180450100904,5.975766359825504,0.9000667022645332,0.9000667132199099,0.9202212485049346,0.8985310196876526
15,snowc,33,Extra Trees,19336,4018,14.724478827363056,5.955164493517843,0.8995372427286331,0.8995372450147525,0.916697550449427,0.8973246216773987
15,snowc,34,Extra Trees,19336,4018,14.209655235556465,5.507828604806038,0.9111642637129542,0.9111642621654692,0.9243356454771093,0.9025794267654419
15,snowc,35,Extra Trees,19336,4018,13.922102919395314,5.45427702314054,0.9147112864061702,0.9147112858405627,0.9272848591639621,0.9084563255310059
15,snowc,36,Extra Trees,19336,4018,14.11862146727129,5.70632896273097,0.9101413204661214,0.9101413286376677,0.9241255771849574,0.9087808728218079
15,snowc,37,Extra Trees,19336,4018,15.025143341027562,6.023431827549311,0.8979922594228534,0.8979922491961886,0.9181905690837913,0.8964312672615051
15,snowc,38,Extra Trees,19336,4018,15.030004421116102,6.131398937178012,0.8964838013903739,0.8964837953485805,0.9181461922928034,0.8980441689491272
15,snowc,39,Extra Trees,19336,4018,13.798600252936275,4.975809117649132,0.9183143477354339,0.9183143558035854,0.9360666037594316,0.915635883808136
15,snowc,40,Extra Trees,19336,4018,14.989849404171668,5.445099672216879,0.9038848882304091,0.9038848955613072,0.9253616191040096,0.9009034037590027
15,snowc,41,Extra Trees,19336,4018,15.183405538103095,5.7221278558134205,0.8999833633494543,0.8999833654085954,0.9197984933108366,0.8989889621734619
15,snowc,42,Extra Trees,19336,4018,13.750590406251977,5.1870019481007885,0.9178971364423106,0.9178971319980109,0.9339715282364639,0.914101243019104
15,snowc,43,Extra Trees,19336,4018,12.328148297145452,4.505981693034873,0.9356070132963248,0.9356070107209236,0.9453325009699649,0.9299665689468384
15,snowc,44,Extra Trees,19336,4018,12.046413113312969,4.1941867914207,0.9395092660744807,0.9395092649889447,0.9453543160860383,0.9357277154922485
15,snowc,45,Extra Trees,19336,4018,12.03980943381848,4.2917569159507005,0.9392689636158161,0.9392689602902072,0.9443870910450146,0.9334835410118103
15,snowc,46,Extra Trees,19336,4018,12.290882316319832,4.5102542294428245,0.9364898088532569,0.936489808133942,0.9414856249255207,0.9343174695968628
15,snowc,47,Extra Trees,19336,4018,14.052024622583902,5.500841881111899,0.9140940651922376,0.9140940802804474,0.9291585943389494,0.9116836190223694
15,snowc,48,Extra Trees,19336,4018,14.684422792236306,5.8420151919358645,0.9051352127859956,0.9051352095027074,0.9218009036933135,0.905832052230835
15,snowc,49,Extra Trees,19336,4018,15.025004276147165,6.204518959593311,0.8986533183602095,0.8986533359706191,0.9167401645869371,0.9004533886909485
15,snowc,50,Extra Trees,19336,4018,15.381365676114543,6.494949640711067,0.8923818376290612,0.8923818316030416,0.9150639013114941,0.8943159580230713
15,snowc,51,Extra Trees,19336,4018,13.791848809103868,5.213407689744149,0.9185732765800445,0.9185732861414762,0.9307459570812437,0.9141206741333008
15,snowc,52,Extra Trees,19336,4018,13.610399591535364,5.231362832415824,0.9195163420936543,0.9195163406777821,0.9327036947350735,0.9188430905342102
15,snowc,53,Extra Trees,19336,4018,14.035362687677994,5.486109365998392,0.9141135650700654,0.9141135520229304,0.9295316273964864,0.9154092073440552
15,snowc,54,Extra Trees,19336,4018,14.617800961866378,5.6468532009120205,0.9076371384314831,0.9076371466567071,0.9234316697341952,0.9073807001113892
15,snowc,55,Extra Trees,19336,4018,13.522085902549984,5.056061135691972,0.9220375568355391,0.9220375555948293,0.9349852416179121,0.9190821647644043
15,snowc,56,Extra Trees,19336,4018,12.449870359828115,4.7159575562583465,0.9339261452507452,0.933926149290144,0.941802577713802,0.9279862642288208
15,snowc,57,Extra Trees,19336,4018,12.233075247011625,4.643144874125855,0.9359165901788866,0.935916589007095,0.9435907953762166,0.931239664554596
15,snowc,58,Extra Trees,19336,4018,13.228469006790972,5.276082184723808,0.9230058628224516,0.9230058584324529,0.9376921447246981,0.922198474407196
15,snowc,59,Extra Trees,19336,4018,14.475056890603808,6.012964041555881,0.9058825689947413,0.9058825723190873,0.9241325285406352,0.9092271327972412
15,snowc,60,Extra Trees,19336,4018,16.034903178723024,6.637325274775219,0.8847399407763351,0.8847399374863519,0.9089800940832731,0.887615978717804
15,snowc,61,Extra Trees,19336,4018,16.404030372439635,7.128633937085951,0.8757871626865888,0.8757871479482983,0.9019850300929974,0.8734443783760071
15,snowc,62,Extra Trees,19336,4018,16.437138993104128,7.161490879537959,0.874741479842057,0.8747414669849362,0.9038209071966672,0.8749962449073792
15,snowc,63,Extra Trees,19336,4018,13.107453154350713,4.987234592782165,0.9264256252655082,0.9264256298560083,0.9340046855800604,0.9249117970466614
15,snowc,64,Extra Trees,19336,4018,12.659294993239314,4.732231414798099,0.9307842351642134,0.9307842358289586,0.938073235063658,0.9294678568840027
15,snowc,65,Extra Trees,19336,4018,12.472060931694639,4.716681398462515,0.9326843222724215,0.9326843165796719,0.9390134506466999,0.9274277091026306
15,snowc,66,Extra Trees,19336,4018,12.579208443275732,4.882060590843972,0.9306765971506188,0.9306766030779972,0.9391709674774735,0.926327109336853
15,snowc,67,Extra Trees,19336,4018,13.752961877837583,5.366200177680013,0.9183296368151853,0.9183296398458826,0.9302744324572298,0.9162400364875793
15,snowc,68,Extra Trees,19336,4018,15.172194506696442,6.109519435258439,0.8983561948633764,0.8983561978872209,0.916121290910975,0.895513653755188
15,snowc,69,Extra Trees,19336,4018,15.34248382233089,6.4182743647874725,0.8938629750357622,0.893862967373836,0.9149402681864244,0.894261360168457
15,snowc,70,Extra Trees,19336,4018,15.860639490394458,6.781633822964111,0.8855866794907442,0.8855866843776972,0.9102467550204005,0.8858810067176819
15,snowc,71,Extra Trees,19336,4018,16.27988612591692,7.034134435176144,0.8795671870604155,0.8795671928555442,0.9059374933966721,0.8803970217704773
15,snowc,72,Extra Trees,19336,4018,15.801435116803725,6.6031232317290645,0.8882205044794531,0.8882205026807692,0.9146940686670498,0.8849064707756042
15,snowc,73,Extra Trees,19336,4018,15.813061073016689,6.736765767877779,0.8867599129011219,0.88675990467023,0.9155593672238869,0.8854463696479797
15,snowc,74,Extra Trees,19336,4018,16.92767836427107,7.950850947465173,0.8576337892956564,0.8576337817452324,0.8920342302162311,0.856689453125
15,snowc,75,Extra Trees,19336,4018,16.664071288740992,7.532249254256365,0.8708289203933905,0.870828918023178,0.8964592719301829,0.8680856823921204
15,snowc,76,Extra Trees,19336,4018,17.799107260297944,8.071515681716201,0.8515861813449412,0.851586175967434,0.8850678623662261,0.8522071242332458
15,snowc,77,Extra Trees,19336,4018,17.283791294820467,7.6062710503282345,0.8625418369440446,0.8625418318673136,0.896178775827295,0.8640687465667725
15,snowc,78,Extra Trees,19336,4018,16.589227580480696,7.137073028362583,0.8753219941433892,0.8753219904671022,0.9097795896731442,0.8738743662834167
15,snowc,79,Extra Trees,19336,4018,16.56643144129223,7.591863102623342,0.868714495365475,0.8687145008207406,0.905097531706484,0.8663244247436523
15,snowc,80,Extra Trees,19336,4018,17.944913835892446,8.297092192649169,0.8468848847456375,0.8468848751439806,0.8822446487433875,0.8478565216064453
15,snowc,81,Extra Trees,19336,4018,18.051955116272538,8.455911014366585,0.8427370742840532,0.8427370763384945,0.8805749922930557,0.846502959728241
15,sd,0,Extra Trees,19336,4018,0.01710292208532087,0.006594441458913915,0.3141302690443144,0.3141302049398802,0.4596834015721417,0.3017770051956177
15,sd,1,Extra Trees,19336,4018,0.029483612152465904,0.01304086725472378,0.7797634870730115,0.7797634895160038,0.7856700977539737,0.784540057182312
15,sd,2,Extra Trees,19336,4018,0.028586227835104727,0.01274011564001865,0.7477106098138271,0.7477105897406084,0.7640971814041593,0.7506430745124817
15,sd,3,Extra Trees,19336,4018,0.02828333545828257,0.013030859373228442,0.792540873441719,0.7925408924481,0.7948817911405475,0.792533278465271
15,sd,4,Extra Trees,19336,4018,0.028579320529824863,0.01379538206070202,0.8788216823074166,0.8788216846239715,0.8729936323874217,0.8786811828613281
15,sd,5,Extra Trees,19336,4018,0.035456809322494065,0.017136978260806696,0.8725669465945658,0.8725669507728071,0.8788616266757809,0.8814789652824402
15,sd,6,Extra Trees,19336,4018,0.04132223337640807,0.02037397106690266,0.9014923113408322,0.901492312718773,0.8967071482409912,0.9106695652008057
15,sd,7,Extra Trees,19336,4018,0.03966361060922887,0.02011161399617235,0.9115517966144513,0.9115518010683014,0.9049596339541167,0.9172766804695129
15,sd,8,Extra Trees,19336,4018,0.03782980338437819,0.019434189900385555,0.9243914532816606,0.9243914530569736,0.9198535491784924,0.9302617311477661
15,sd,9,Extra Trees,19336,4018,0.03883505366431604,0.020099620026344703,0.9341559949254349,0.9341559951284372,0.9106432952534131,0.9424084424972534
15,sd,10,Extra Trees,19336,4018,0.03615404607777182,0.019294328988464927,0.9451948642497903,0.9451948611703753,0.9256645712026803,0.9511281847953796
15,sd,11,Extra Trees,19336,4018,0.03874529815500753,0.019836009321997552,0.9127067090416601,0.9127067043580588,0.9086197440523639,0.9223467111587524
15,sd,12,Extra Trees,19336,4018,0.03960935105929697,0.019992919179409003,0.9042146854675377,0.9042146894953431,0.9041388026252379,0.9145099520683289
15,sd,13,Extra Trees,19336,4018,0.04060368226487608,0.020369281391099028,0.9033454396434467,0.9033454421449295,0.9014115222825889,0.9140888452529907
15,sd,14,Extra Trees,19336,4018,0.04042442481085747,0.020644998489848923,0.9156273677411347,0.9156273684705759,0.899036291925114,0.9267460107803345
15,sd,15,Extra Trees,19336,4018,0.04070961056535096,0.021291838580259997,0.9273071958757481,0.9273071939985562,0.9076174889012703,0.9352572560310364
15,sd,16,Extra Trees,19336,4018,0.03881063851567668,0.01992747025132271,0.9207116138531033,0.9207116189352529,0.9193710873013119,0.9260150194168091
15,sd,17,Extra Trees,19336,4018,0.03803681010380452,0.019406404466322177,0.9201945324781705,0.9201945341609823,0.9216453886136406,0.9253592491149902
15,sd,18,Extra Trees,19336,4018,0.03910997602634847,0.020249843934490246,0.9229913895229359,0.922991391501575,0.9130475878143296,0.9313634634017944
15,sd,19,Extra Trees,19336,4018,0.040513663845043325,0.02141690113034591,0.9312622453629001,0.9312622426871247,0.9134306208769712,0.9400235414505005
15,sd,20,Extra Trees,19336,4018,0.042556101305272626,0.022349009920528996,0.9338027812496711,0.9338027776503434,0.9145658749622377,0.9432037472724915
15,sd,21,Extra Trees,19336,4018,0.04255676050815275,0.02174105819700378,0.9257547260362093,0.9257547261792433,0.9247438112306073,0.9415046572685242
15,sd,22,Extra Trees,19336,4018,0.04031023608585814,0.020217289398936893,0.9294086966125956,0.9294086876386205,0.921573561050224,0.9443970322608948
15,sd,23,Extra Trees,19336,4018,0.037655368542776034,0.01886035069853568,0.9340277395617116,0.9340277367512473,0.9112252855032194,0.9426755309104919
15,sd,24,Extra Trees,19336,4018,0.033515145924328915,0.01692643075370359,0.9309436695665994,0.9309436633767655,0.9176923922440107,0.9368056654930115
15,sd,25,Extra Trees,19336,4018,0.028991554192749045,0.013931036688886,0.9116876451886877,0.9116876451698996,0.9125472713602547,0.9172278642654419
15,sd,26,Extra Trees,19336,4018,0.0401931776616811,0.021718033686392798,0.9511354312919215,0.9511354285889763,0.9330802784729305,0.9585975408554077
15,sd,27,Extra Trees,19336,4018,0.03979223281091975,0.02147868195373103,0.94470948657323,0.9447094857776044,0.9259442087991894,0.9513252377510071
15,sd,28,Extra Trees,19336,4018,0.039161721543665214,0.0211245673976457,0.9441636666911183,0.9441636662449087,0.9255104289761572,0.9504557847976685
15,sd,29,Extra Trees,19336,4018,0.039852605348476004,0.02161509776940746,0.9503381453402069,0.9503381466183084,0.9269766634504938,0.9546777009963989
15,sd,30,Extra Trees,19336,4018,0.03819148851426024,0.021421322835358268,0.9621453229408776,0.9621453243550816,0.9464601409966857,0.9630571603775024
15,sd,31,Extra Trees,19336,4018,0.03977317265502477,0.021950005369355593,0.9561557323766579,0.9561557334515788,0.9342855272439833,0.9592117071151733
15,sd,32,Extra Trees,19336,4018,0.04058033217248358,0.021791101906569597,0.9404900723197595,0.9404900721491424,0.9208225819527938,0.9474447965621948
15,sd,33,Extra Trees,19336,4018,0.03882711299459703,0.021164913622071742,0.9435228696970057,0.9435228718388733,0.9173049261290644,0.9518592953681946
15,sd,34,Extra Trees,19336,4018,0.03993056586303793,0.021653893611452722,0.9473246472729816,0.9473246461260522,0.9183860866493196,0.9558697938919067
15,sd,35,Extra Trees,19336,4018,0.03908893677064028,0.021202105158795725,0.945187926944885,0.945187923602654,0.918642281522154,0.9555805921554565
15,sd,36,Extra Trees,19336,4018,0.03661130919294211,0.01937763110666449,0.9400995346265553,0.9400995307868001,0.9190814332320721,0.947007417678833
15,sd,37,Extra Trees,19336,4018,0.03471347873992658,0.01763210431214878,0.9327595638168482,0.9327595598859194,0.9173589137183157,0.9439263939857483
15,sd,38,Extra Trees,19336,4018,0.031523976389590765,0.0161563441839674,0.9349507911499966,0.9349507891517852,0.9236276817013482,0.9422120451927185
15,sd,39,Extra Trees,19336,4018,0.04104584924911104,0.02330535347160655,0.9638266994796584,0.9638266992801705,0.9463519126512423,0.9658412933349609
15,sd,40,Extra Trees,19336,4018,0.04187363089802885,0.023264993743289265,0.9568484217193857,0.9568484239940604,0.9397576935511692,0.9623632431030273
15,sd,41,Extra Trees,19336,4018,0.03988009234347705,0.02219814969556233,0.95515539135298,0.9551553889256881,0.9369706089600581,0.9617020487785339
15,sd,42,Extra Trees,19336,4018,0.039528101298750035,0.022249312818766798,0.9597896128512776,0.9597896115920105,0.9415755431665945,0.9640306234359741
15,sd,43,Extra Trees,19336,4018,0.039399977275604535,0.022476288754856306,0.9646603696836473,0.9646603691388281,0.9483128780852205,0.9662911295890808
15,sd,44,Extra Trees,19336,4018,0.038737776013791886,0.022197527620211533,0.9666260364401649,0.9666260366422812,0.9507000691395904,0.9674433469772339
15,sd,45,Extra Trees,19336,4018,0.03911548637588723,0.02192526612298245,0.9632505782435357,0.9632505748330396,0.9492053895904534,0.9644232392311096
15,sd,46,Extra Trees,19336,4018,0.037418597079135606,0.020819959229652664,0.9608461328922974,0.9608461371125812,0.9446656348987792,0.9632136821746826
15,sd,47,Extra Trees,19336,4018,0.03684643572131601,0.019938999039791447,0.9524642189997374,0.9524642193533153,0.9345319214699807,0.9590184688568115
15,sd,48,Extra Trees,19336,4018,0.035197782388542556,0.018807379341826323,0.9483123739393898,0.9483123755049521,0.9316137878134794,0.9545197486877441
15,sd,49,Extra Trees,19336,4018,0.03194360731432008,0.016894554269613064,0.9435424683052446,0.9435424656297599,0.9230863496280923,0.9479371309280396
15,sd,50,Extra Trees,19336,4018,0.028904920520306656,0.015121840596683039,0.938124308577479,0.9381243083494913,0.9239434997613514,0.9418063759803772
15,sd,51,Extra Trees,19336,4018,0.037856501542188954,0.02126733009726133,0.9641923652319502,0.9641923668698605,0.9448988472754599,0.9675636291503906
15,sd,52,Extra Trees,19336,4018,0.03739433189507846,0.021185929590537382,0.9621342703533509,0.9621342702210971,0.9431055421830898,0.9661896824836731
15,sd,53,Extra Trees,19336,4018,0.03683074328121072,0.02079297170708392,0.9601191822334079,0.9601191815384215,0.9414924137655323,0.9645294547080994
15,sd,54,Extra Trees,19336,4018,0.03565818766269986,0.02015108981850006,0.9600369966663191,0.9600369996474839,0.9373236705554925,0.9640418291091919
15,sd,55,Extra Trees,19336,4018,0.03574753890604817,0.020041966725352838,0.9609189298484954,0.9609189298853067,0.9391397920711348,0.9628164768218994
15,sd,56,Extra Trees,19336,4018,0.03531259833713663,0.01985082447032473,0.9611263242296719,0.9611263238135275,0.9444248230599911,0.9629003405570984
15,sd,57,Extra Trees,19336,4018,0.034003663070408495,0.019217731452022605,0.9603903914096642,0.9603903915783035,0.9444006367454858,0.9632642269134521
15,sd,58,Extra Trees,19336,4018,0.033525325607830316,0.018553460444658092,0.9542286333677525,0.954228635623484,0.935540740300247,0.9573503136634827
15,sd,59,Extra Trees,19336,4018,0.03200503867907155,0.017171383464887172,0.9462919506434037,0.9462919476348725,0.932997605965041,0.9498248100280762
15,sd,60,Extra Trees,19336,4018,0.030173691578303134,0.015698398581455348,0.9410700678794995,0.9410700705579188,0.9298858840906469,0.9463054537773132
15,sd,61,Extra Trees,19336,4018,0.027645397677857574,0.01432521149051604,0.9337900296350058,0.9337900291253405,0.9233826980897168,0.9373226165771484
15,sd,62,Extra Trees,19336,4018,0.025668196480932288,0.013198346103048725,0.9293856836524065,0.9293856796631235,0.9259635227987675,0.9299326539039612
15,sd,63,Extra Trees,19336,4018,0.03365693827953271,0.018995251739786577,0.9686634677664048,0.9686634672101889,0.9608253729376126,0.9679980874061584
15,sd,64,Extra Trees,19336,4018,0.03386476229954027,0.01939215161198975,0.9676582640926822,0.9676582652209224,0.9576539780781403,0.9681636095046997
15,sd,65,Extra Trees,19336,4018,0.03383256886105102,0.01950251213949152,0.9666340813671199,0.9666340847870741,0.9547331187949474,0.9686916470527649
15,sd,66,Extra Trees,19336,4018,0.03292510460809092,0.018912743944106865,0.9653970153952124,0.9653970151727317,0.955647152383512,0.9664198756217957
15,sd,67,Extra Trees,19336,4018,0.03000490211724841,0.01720900085657342,0.9641756969785573,0.9641756942978844,0.9441087318960812,0.9657704830169678
15,sd,68,Extra Trees,19336,4018,0.02841058940238834,0.015971012175289737,0.9582339635306241,0.9582339623275742,0.9464803458094568,0.9598650336265564
15,sd,69,Extra Trees,19336,4018,0.027904097063021174,0.015554883034227026,0.9511166284796783,0.951116629444462,0.9420856313038581,0.9514922499656677
15,sd,70,Extra Trees,19336,4018,0.02661340627111845,0.014511844724411353,0.9459266070795072,0.9459266072565702,0.9398988216131804,0.9467373490333557
15,sd,71,Extra Trees,19336,4018,0.026272339483296554,0.013908596296030347,0.9380779921399319,0.9380779914326264,0.9281091457674359,0.9424610137939453
15,sd,72,Extra Trees,19336,4018,0.026195792820822097,0.01345603668555108,0.9374518251896949,0.9374518224371508,0.9269292357360677,0.9412716031074524
15,sd,73,Extra Trees,19336,4018,0.024608261439645174,0.012477695002947929,0.9323371730231632,0.9323371794534321,0.9251264812880088,0.9398875832557678
15,sd,74,Extra Trees,19336,4018,0.020918438157887673,0.010566348392387064,0.9158874165534772,0.9158874084064675,0.9220308579154035,0.9132660627365112
15,sd,75,Extra Trees,19336,4018,0.022822432299785544,0.012448863651965248,0.9420336027260487,0.942033602712843,0.9403465567715679,0.943364143371582
15,sd,76,Extra Trees,19336,4018,0.02197621592859783,0.011515938020821273,0.9302804103100173,0.9302804068118423,0.9322261252527984,0.9300730228424072
15,sd,77,Extra Trees,19336,4018,0.023602434741314283,0.011864922497051301,0.9226747150468266,0.9226747115644413,0.9233526311959337,0.9253630042076111
15,sd,78,Extra Trees,19336,4018,0.021925432163730867,0.011056991964899909,0.9309438029584641,0.9309438063719838,0.9334379500225287,0.929405927658081
15,sd,79,Extra Trees,19336,4018,0.01903379825642953,0.009648376163394194,0.9257574078646024,0.9257574087363524,0.9244473972753825,0.9310118556022644
15,sd,80,Extra Trees,19336,4018,0.02043095553366387,0.010102833542890098,0.9185323831566524,0.9185323829547128,0.9309076829926317,0.9192989468574524
15,sd,81,Extra Trees,19336,4018,0.019910097953605047,0.009599120478291569,0.9062994600557545,0.9062994566647847,0.9254456924603829,0.9063010215759277
15,smlt_mm,0,Extra Trees,19336,4018,1.1462044008172136,0.486210423954157,0.3252362567725945,0.32523624571230214,0.45400559194203904,0.3591344356536865
15,smlt_mm,1,Extra Trees,19336,4018,1.5220761719023503,0.6296901982375686,0.5855558551646751,0.5855558576516782,0.5958673493040116,0.5848040580749512
15,smlt_mm,2,Extra Trees,19336,4018,1.4044146975259029,0.6146140366238575,0.5850037413259404,0.5850037452328327,0.6006285650405414,0.5972433090209961
15,smlt_mm,3,Extra Trees,19336,4018,1.371621021207393,0.6084720430074371,0.6206938915710705,0.6206939273044814,0.6406227595296751,0.6229788064956665
15,smlt_mm,4,Extra Trees,19336,4018,1.514328457946787,0.6775914938736572,0.6392140523923082,0.6392140639129553,0.6941504212906038,0.6414043307304382
15,smlt_mm,5,Extra Trees,19336,4018,1.814424130458895,0.7397405145297644,0.6398216121215521,0.639821633579507,0.6925003361184561,0.6161669492721558
15,smlt_mm,6,Extra Trees,19336,4018,2.0773611630100417,0.8628417330864332,0.6920277937497288,0.692027802310531,0.7390174123718773,0.703515350818634
15,smlt_mm,7,Extra Trees,19336,4018,2.0339716646979262,0.8514549989109339,0.7121943217367974,0.7121943391268462,0.7515216097299993,0.7205342054367065
15,smlt_mm,8,Extra Trees,19336,4018,2.0175877006386305,0.8400713793599947,0.7351345350913128,0.7351345482679562,0.7752498721767768,0.7352913618087769
15,smlt_mm,9,Extra Trees,19336,4018,1.9867231488563364,0.8131861866788359,0.7501800288243421,0.7501800360923128,0.7431482779165992,0.7381044626235962
15,smlt_mm,10,Extra Trees,19336,4018,2.097874460757121,0.8120703036005607,0.7336012135546072,0.7336012157790119,0.713113635737608,0.7144667506217957
15,smlt_mm,11,Extra Trees,19336,4018,1.994869213607507,0.8290030076651937,0.7169580771422019,0.7169580830550211,0.7624950399123166,0.7313206195831299
15,smlt_mm,12,Extra Trees,19336,4018,2.09935005367713,0.8580440679287035,0.693596198604138,0.6935962045278963,0.7556405077666709,0.7025848627090454
15,smlt_mm,13,Extra Trees,19336,4018,2.1374915048541117,0.8546335564324371,0.6903591997938983,0.6903591706638524,0.7519928425452701,0.6931498050689697
15,smlt_mm,14,Extra Trees,19336,4018,2.0668761021508866,0.8009306867201613,0.7190443894644843,0.7190443922326613,0.7474889842795558,0.7110285758972168
15,smlt_mm,15,Extra Trees,19336,4018,2.1223037186584803,0.8118422120436087,0.737424742720883,0.7374247483935157,0.7329832987346309,0.7047033309936523
15,smlt_mm,16,Extra Trees,19336,4018,1.9250921902262366,0.7954603323429794,0.7348138023240454,0.7348138065552974,0.7744061653512214,0.7293887138366699
15,smlt_mm,17,Extra Trees,19336,4018,2.1804600380688854,0.8934568421964247,0.6968829666391612,0.6968829773239604,0.7566783204955408,0.6975809335708618
15,smlt_mm,18,Extra Trees,19336,4018,2.0382980351642406,0.8389040266824643,0.7311146784192948,0.7311146817463885,0.7729051914885925,0.7188589572906494
15,smlt_mm,19,Extra Trees,19336,4018,1.9961372045958676,0.8047684931310612,0.763138599449144,0.7631385904390351,0.7750513068719236,0.7425797581672668
15,smlt_mm,20,Extra Trees,19336,4018,2.2960913708469217,0.8937704722109435,0.7325618068906041,0.7325618153346894,0.7333892794207213,0.7144713401794434
15,smlt_mm,21,Extra Trees,19336,4018,2.325068179793636,0.9319021674749913,0.7204958505258201,0.7204958260022988,0.7598173408884676,0.718177318572998
15,smlt_mm,22,Extra Trees,19336,4018,2.3460688765609223,0.9285250179938395,0.7226957602488724,0.7226957376566755,0.7612815992395799,0.7161339521408081
15,smlt_mm,23,Extra Trees,19336,4018,2.3277119679845697,0.9051663990895156,0.7141573278624761,0.7141573416692271,0.7151911648594924,0.6928699016571045
15,smlt_mm,24,Extra Trees,19336,4018,1.9771426839180148,0.7837889755099074,0.7231717136465592,0.72317173006227,0.7381304898594219,0.7043602466583252
15,smlt_mm,25,Extra Trees,19336,4018,1.795692358840575,0.715703357263786,0.6422969911199605,0.6422969919965389,0.6760911146516029,0.6468936204910278
15,smlt_mm,26,Extra Trees,19336,4018,2.1283747637254735,0.8456942497451476,0.7763745175545562,0.7763745191993531,0.7303084962036863,0.7724570035934448
15,smlt_mm,27,Extra Trees,19336,4018,2.047089414287389,0.8378396033875505,0.776691717211214,0.7766917172695721,0.7491489409436782,0.7717920541763306
15,smlt_mm,28,Extra Trees,19336,4018,2.1380195024599544,0.876887982136711,0.7661778830632758,0.7661778770761651,0.7431916135542269,0.746803879737854
15,smlt_mm,29,Extra Trees,19336,4018,2.1305253515674263,0.8315708097602038,0.7796744803880499,0.7796744773996072,0.7263943446638523,0.7802884578704834
15,smlt_mm,30,Extra Trees,19336,4018,1.9139421036154372,0.7476636828811628,0.7911923412760917,0.791192321772258,0.7560263444167887,0.7970971465110779
15,smlt_mm,31,Extra Trees,19336,4018,1.9341610187165892,0.7455518635733759,0.8053601092689084,0.8053601040110077,0.7281116593086856,0.8037657737731934
15,smlt_mm,32,Extra Trees,19336,4018,1.8637318067140978,0.7685076168815349,0.7868292287839385,0.7868292385072185,0.7597825271717271,0.7959734201431274
15,smlt_mm,33,Extra Trees,19336,4018,1.829581457922922,0.7438631593394632,0.7939487505628274,0.7939487350963186,0.7617850958699333,0.7907410860061646
15,smlt_mm,34,Extra Trees,19336,4018,2.1094586426919184,0.8088369578390174,0.7693501527735145,0.7693501546408643,0.7049055062364287,0.7468253970146179
15,smlt_mm,35,Extra Trees,19336,4018,2.083416078642005,0.8160260229828572,0.7627494283568282,0.7627494265691915,0.7083206000942097,0.7450854778289795
15,smlt_mm,36,Extra Trees,19336,4018,1.970321316883177,0.8306686788660125,0.7621766651507814,0.7621766832462049,0.7440510673588949,0.7460888624191284
15,smlt_mm,37,Extra Trees,19336,4018,2.149849914559292,0.8631462585954104,0.7151263356049617,0.7151263620650448,0.7311766578569425,0.7035451531410217
15,smlt_mm,38,Extra Trees,19336,4018,1.9769589007850736,0.78071551622786,0.7152654202063968,0.7152654321752083,0.7249993339845346,0.693256139755249
15,smlt_mm,39,Extra Trees,19336,4018,2.0476605497226723,0.817032204362449,0.8125568105747492,0.8125568104647154,0.7412201683300181,0.8167701959609985
15,smlt_mm,40,Extra Trees,19336,4018,2.2079730464504443,0.9009860349177718,0.801627065701648,0.8016270479082281,0.7378261015746876,0.7794228196144104
15,smlt_mm,41,Extra Trees,19336,4018,2.1472422566088576,0.9079132155725892,0.7924973070550185,0.792497291490289,0.7473895448228987,0.7908009886741638
15,smlt_mm,42,Extra Trees,19336,4018,1.9891231535430163,0.8091129992140395,0.8154001051794851,0.8154001161557647,0.7566308158234912,0.8141804933547974
15,smlt_mm,43,Extra Trees,19336,4018,2.0464865500926415,0.7774833156769232,0.8195320963463142,0.8195320914354339,0.7365501234887788,0.821099579334259
15,smlt_mm,44,Extra Trees,19336,4018,2.2075663298349975,0.7838000341237826,0.8077961731603793,0.8077961687002039,0.7202361495311427,0.8057050704956055
15,smlt_mm,45,Extra Trees,19336,4018,2.2883446675450974,0.8065145309812718,0.7957319561042149,0.795731955676129,0.7164324392701968,0.7936983704566956
15,smlt_mm,46,Extra Trees,19336,4018,2.070773220321162,0.7827271699229125,0.8040046072055682,0.8040045821849949,0.7136877024204364,0.8023122549057007
15,smlt_mm,47,Extra Trees,19336,4018,2.1031687438574025,0.8295708785301267,0.7695535120350827,0.769553498124067,0.7106215719473246,0.7633616924285889
15,smlt_mm,48,Extra Trees,19336,4018,2.11212858923378,0.8494648552989533,0.7520232544571878,0.7520232292868531,0.714936423318095,0.750331699848175
15,smlt_mm,49,Extra Trees,19336,4018,2.0382490895310434,0.8340501084668195,0.726437036027705,0.7264370344414148,0.7138054954011737,0.715846598148346
15,smlt_mm,50,Extra Trees,19336,4018,1.7938107332573714,0.730529438887439,0.7216115947102486,0.7216115845916099,0.709973356987132,0.6880221366882324
15,smlt_mm,51,Extra Trees,19336,4018,2.003292197381433,0.8371418443357631,0.8078710899896524,0.8078710946067245,0.7334132463754934,0.8110126852989197
15,smlt_mm,52,Extra Trees,19336,4018,1.9071426219457672,0.8017561767742539,0.8138842794168046,0.8138842575814589,0.7463312636095951,0.813715398311615
15,smlt_mm,53,Extra Trees,19336,4018,1.9338860839884076,0.8176272724083138,0.8038348190643719,0.8038348094503915,0.7398972769817129,0.8079584836959839
15,smlt_mm,54,Extra Trees,19336,4018,1.97879375319471,0.8298283328310951,0.7972873309177106,0.7972873092313083,0.7354077187268573,0.7999337911605835
15,smlt_mm,55,Extra Trees,19336,4018,2.053553524387367,0.808252665601416,0.7957309149098362,0.7957309307982279,0.7157774358046924,0.7969596982002258
15,smlt_mm,56,Extra Trees,19336,4018,2.048018678890389,0.7699867734738254,0.7959341386486685,0.7959341266387446,0.7056503228279825,0.8003726005554199
15,smlt_mm,57,Extra Trees,19336,4018,1.8894991950584457,0.7303729107522412,0.8044013523321364,0.8044013411136215,0.7182491178420063,0.8062719106674194
15,smlt_mm,58,Extra Trees,19336,4018,1.8656564740783765,0.7388308310439985,0.7853222180536886,0.7853222183155651,0.7297989119896375,0.7789582014083862
15,smlt_mm,59,Extra Trees,19336,4018,1.887538470297313,0.7721996290136732,0.7610898189267984,0.7610898233476229,0.7345066795261376,0.7522582411766052
15,smlt_mm,60,Extra Trees,19336,4018,2.008308651253264,0.8194493295336345,0.7097102722102867,0.7097102741876876,0.7178644382002309,0.7027474641799927
15,smlt_mm,61,Extra Trees,19336,4018,1.8216611213852574,0.7493998536944811,0.6885367299250751,0.6885367161407376,0.6910140553533207,0.6786620616912842
15,smlt_mm,62,Extra Trees,19336,4018,1.6921778840503667,0.6662546097880279,0.6714335046955675,0.6714335102883227,0.6607946141557035,0.633358359336853
15,smlt_mm,63,Extra Trees,19336,4018,1.9795326916487341,0.8115602792505644,0.7967405637708235,0.7967405712212589,0.7406230228458835,0.7929078340530396
15,smlt_mm,64,Extra Trees,19336,4018,1.8615780193500762,0.761461849472825,0.8052066716246128,0.8052066795317823,0.7516596485102478,0.8030743598937988
15,smlt_mm,65,Extra Trees,19336,4018,1.8063309994529941,0.7350046973333463,0.8091012233690842,0.8091012351078893,0.7588785062192185,0.8082644939422607
15,smlt_mm,66,Extra Trees,19336,4018,1.740164469000171,0.7054555163493755,0.8089939735074411,0.8089939607236025,0.7590234229756416,0.8116733431816101
15,smlt_mm,67,Extra Trees,19336,4018,1.8642636357524252,0.7505426841066629,0.7803412192110248,0.7803412165951459,0.7110331935802483,0.785763144493103
15,smlt_mm,68,Extra Trees,19336,4018,1.7544075223732596,0.7244335614610502,0.7838267893802213,0.7838267995870498,0.7307141566170829,0.7754828333854675
15,smlt_mm,69,Extra Trees,19336,4018,1.7307486841818112,0.7225878967480271,0.7570962772573216,0.7570962850866179,0.7342840221321231,0.7576413154602051
15,smlt_mm,70,Extra Trees,19336,4018,1.723940137447916,0.7300066365613915,0.7370309182970853,0.7370309132097866,0.7389207210170332,0.7320929169654846
15,smlt_mm,71,Extra Trees,19336,4018,1.7858011183810514,0.7396773616051135,0.7033519177375839,0.70335192422317,0.7162039884862645,0.7032321691513062
15,smlt_mm,72,Extra Trees,19336,4018,1.7992969237128755,0.6902585633054427,0.6976230038956783,0.6976230024942366,0.68729940817151,0.6814929246902466
15,smlt_mm,73,Extra Trees,19336,4018,1.5693722622683555,0.5961588566804207,0.6909116524003389,0.6909116622591162,0.6555880056498016,0.676571249961853
15,smlt_mm,74,Extra Trees,19336,4018,1.349041147135339,0.5488416657470415,0.6600926383436478,0.6600926078571612,0.6675998727116519,0.6310259699821472
15,smlt_mm,75,Extra Trees,19336,4018,1.5384574962048139,0.66418597250345,0.7224186237712114,0.7224186330126596,0.7369885799180257,0.7156413793563843
15,smlt_mm,76,Extra Trees,19336,4018,1.7180003337432403,0.7226146572856209,0.648901200721814,0.6489011802849005,0.6962137544683615,0.6251111626625061
15,smlt_mm,77,Extra Trees,19336,4018,1.7836826535672095,0.6957918415385237,0.6365653611778869,0.6365653413762127,0.6696484432116331,0.6093723773956299
15,smlt_mm,78,Extra Trees,19336,4018,1.597764325969515,0.5790707142257134,0.6487619686960654,0.6487619847987278,0.6440478132943324,0.6340665817260742
15,smlt_mm,79,Extra Trees,19336,4018,1.2475719750807626,0.48361020932951293,0.6808978621126432,0.6808979020053325,0.6858340607910103,0.6617131233215332
15,smlt_mm,80,Extra Trees,19336,4018,1.708881607563132,0.660437340447763,0.6134203668381155,0.6134203677346932,0.674468479345933,0.5942203998565674
15,smlt_mm,81,Extra Trees,19336,4018,1.5671358277422265,0.6125151853184803,0.6084000554363269,0.6084000768876575,0.6832952908530607,0.5839626789093018
30,snowc,0,Extra Trees,19321,4018,21.68400781197176,11.126260865979107,0.36495441590892497,0.3649543885531945,0.4331737891367319,0.3728681802749634
30,snowc,1,Extra Trees,19321,4018,21.62889772681489,10.771143671589893,0.6822307382787165,0.6822307152579608,0.7343512866926276,0.6805453300476074
30,snowc,2,Extra Trees,19321,4018,20.88350520429509,10.670346391027785,0.6868674807386983,0.6868674956873128,0.7397099033007348,0.6943702697753906
30,snowc,3,Extra Trees,19321,4018,20.291142187763526,10.21637199817274,0.7142559580543986,0.7142559643739471,0.7578255068755458,0.7194113731384277
30,snowc,4,Extra Trees,19321,4018,20.05043691298719,9.63167619606461,0.7555477718599135,0.7555477975427383,0.7891508045826295,0.7626858949661255
30,snowc,5,Extra Trees,19321,4018,21.26262791786878,9.837630900630055,0.7448623065830078,0.7448623309099645,0.7913591942363978,0.7494045495986938
30,snowc,6,Extra Trees,19321,4018,18.92491821532651,8.46755874514514,0.8167223143085117,0.816722329590353,0.8395705085388202,0.8130716681480408
30,snowc,7,Extra Trees,19321,4018,18.5497209344034,8.288470549682664,0.8255500545760682,0.8255500624971575,0.8453561651632063,0.824243426322937
30,snowc,8,Extra Trees,19321,4018,18.573072982235804,8.139758947100702,0.8302042992085998,0.8302042917541168,0.8516753521264866,0.8283501863479614
30,snowc,9,Extra Trees,19321,4018,17.694267461065756,7.3936336740514825,0.8545124390637486,0.8545124530192256,0.876722364344457,0.8523740172386169
30,snowc,10,Extra Trees,19321,4018,16.899543132302394,6.780637222416516,0.8731672029167968,0.8731672069229727,0.8954894002476521,0.8728721141815186
30,snowc,11,Extra Trees,19321,4018,20.294260055031568,9.009711991630928,0.7940836184667726,0.794083599051143,0.8258274739495037,0.7905666828155518
30,snowc,12,Extra Trees,19321,4018,20.53846239100799,9.122794051505533,0.7896484327825115,0.7896484377067113,0.8275084979730444,0.7891806364059448
30,snowc,13,Extra Trees,19321,4018,20.092156780904126,8.858241738122155,0.800372086632763,0.8003720504860314,0.8369186262751224,0.7999866604804993
30,snowc,14,Extra Trees,19321,4018,19.301823202989723,8.370085941555077,0.8184109911310756,0.8184109807024695,0.8469427172028283,0.8175516128540039
30,snowc,15,Extra Trees,19321,4018,18.9342829852867,7.934979216229458,0.8311675707992046,0.8311675601286034,0.8564415458715582,0.8281936645507812
30,snowc,16,Extra Trees,19321,4018,19.115948381982854,8.531540405877506,0.8179339320985592,0.8179339130960179,0.8472716136289313,0.8190873861312866
30,snowc,17,Extra Trees,19321,4018,20.257112762734067,8.958576305712985,0.7973508330176118,0.7973508456132856,0.8304290743531585,0.7978079915046692
30,snowc,18,Extra Trees,19321,4018,19.457673301251823,8.461037562650608,0.8144154110839303,0.8144154271776181,0.8391069473285724,0.8137224316596985
30,snowc,19,Extra Trees,19321,4018,18.188305750469326,7.654400034929578,0.843283618257217,0.8432836038159672,0.861094365215589,0.842121422290802
30,snowc,20,Extra Trees,19321,4018,18.095754770934,7.333455249215122,0.8507245304199947,0.8507245399835741,0.8708645256287977,0.848346471786499
30,snowc,21,Extra Trees,19321,4018,17.886927915741687,7.331632932266728,0.8527953867072653,0.8527953878856377,0.877969931226903,0.8513368964195251
30,snowc,22,Extra Trees,19321,4018,17.883205665844674,7.255838306216592,0.8549098603610242,0.854909872851151,0.8848155180752844,0.853410005569458
30,snowc,23,Extra Trees,19321,4018,17.69537138118021,7.232130346093258,0.8589379838195593,0.858938006914034,0.8889506234649824,0.862309455871582
30,snowc,24,Extra Trees,19321,4018,17.58981614740001,7.6739529539834415,0.8535366667201354,0.8535366536295655,0.8802344265536038,0.8576328754425049
30,snowc,25,Extra Trees,19321,4018,19.24476373234574,8.664079196706288,0.810503734483677,0.8105037189118386,0.8445277642139045,0.8160136342048645
30,snowc,26,Extra Trees,19321,4018,17.16979688199046,7.010882304325243,0.8676523665634877,0.8676523477573597,0.8870799631615336,0.864439070224762
30,snowc,27,Extra Trees,19321,4018,17.439885916300874,7.299522107513773,0.8610105505602514,0.861010538879657,0.8824281935111921,0.8599661588668823
30,snowc,28,Extra Trees,19321,4018,17.93437822311568,7.394220825151628,0.8548181259335238,0.8548181224972109,0.8789021437119863,0.8508578538894653
30,snowc,29,Extra Trees,19321,4018,17.284422387428297,6.904524137755612,0.8681081635697323,0.8681081638982123,0.8895916123557339,0.8609805107116699
30,snowc,30,Extra Trees,19321,4018,13.025675726066885,5.623976550331394,0.92372774340214,0.9237277412188262,0.9273409972493337,0.919542670249939
30,snowc,31,Extra Trees,19321,4018,14.397383534653432,5.994688055087059,0.9084347322583193,0.9084347194296483,0.9135615109890642,0.9033522605895996
30,snowc,32,Extra Trees,19321,4018,16.066136024830776,7.064758824979933,0.8799306307947625,0.8799306439575941,0.8933256903272776,0.8758527636528015
30,snowc,33,Extra Trees,19321,4018,16.646777454418448,7.15848357801313,0.8715939232482333,0.8715939261702278,0.885721125676757,0.8692072629928589
30,snowc,34,Extra Trees,19321,4018,17.068600586586353,6.9055796891198,0.8718211248568186,0.8718211226239909,0.8912180957187026,0.8690736293792725
30,snowc,35,Extra Trees,19321,4018,17.1630378044699,6.931322516574478,0.8703805416611308,0.8703805408015362,0.8903162273850052,0.8714350461959839
30,snowc,36,Extra Trees,19321,4018,16.869658783735666,7.0906483581706805,0.8717114076108788,0.8717114192771551,0.8942672722962823,0.8720923662185669
30,snowc,37,Extra Trees,19321,4018,17.892228287586526,7.5277560430834,0.8553479003491872,0.8553478858472626,0.887004379603889,0.8553692698478699
30,snowc,38,Extra Trees,19321,4018,17.939043790037708,7.650127289177233,0.8525350939388272,0.8525350853319374,0.8841881202115807,0.857485294342041
30,snowc,39,Extra Trees,19321,4018,14.006314861224022,5.417017424653527,0.9158365586860916,0.9158365669989763,0.9188420443731113,0.9158226847648621
30,snowc,40,Extra Trees,19321,4018,16.372906200685744,6.184493046698885,0.8853302981168355,0.8853303068629305,0.9013479212463512,0.8847070336341858
30,snowc,41,Extra Trees,19321,4018,16.96984405155059,6.696909162279637,0.875063433981357,0.8750634365535491,0.8945849043861992,0.8748098611831665
30,snowc,42,Extra Trees,19321,4018,14.236570231308821,5.776736961354187,0.9119911466245237,0.9119911418605278,0.916678884687543,0.9108337163925171
30,snowc,43,Extra Trees,19321,4018,12.331929125373172,4.963747849414681,0.9355675108263324,0.9355675082493512,0.9293698701436366,0.9355003237724304
30,snowc,44,Extra Trees,19321,4018,12.542839716209288,4.844832293232986,0.9344209541356711,0.9344209529588228,0.9287376582430645,0.9355983734130859
30,snowc,45,Extra Trees,19321,4018,12.7956210388362,4.978633302944469,0.9314047244167803,0.9314047206605286,0.9270003105890982,0.9316397309303284
30,snowc,46,Extra Trees,19321,4018,13.317047509235923,5.233801916262435,0.9254421806622468,0.9254421798178067,0.923693941792689,0.9269770979881287
30,snowc,47,Extra Trees,19321,4018,15.801092114628876,6.511491058981127,0.891377555145549,0.8913775742236049,0.9041314879532284,0.8937337398529053
30,snowc,48,Extra Trees,19321,4018,17.007322385556186,7.096928984961709,0.8727484254325678,0.8727484210283667,0.8927983553200458,0.875626802444458
30,snowc,49,Extra Trees,19321,4018,17.786176603130674,7.631803079157302,0.8579813025312305,0.8579813272089745,0.8857730150100847,0.8605573177337646
30,snowc,50,Extra Trees,19321,4018,18.225256709455564,7.924171355386624,0.8489074377514128,0.8489074292910681,0.8815695523779625,0.8472485542297363
30,snowc,51,Extra Trees,19321,4018,14.455509060534636,5.716985461162761,0.9105482658196092,0.9105482763233679,0.9138956192071619,0.9085316061973572
30,snowc,52,Extra Trees,19321,4018,13.95472782981385,5.76852719881516,0.9153925325494421,0.9153925310610237,0.9167752154360929,0.9147746562957764
30,snowc,53,Extra Trees,19321,4018,14.60322020964266,6.119693161282853,0.9070232064176744,0.9070231922934325,0.9122429409468562,0.9070125818252563
30,snowc,54,Extra Trees,19321,4018,15.543107615505681,6.372989098504182,0.895573914309069,0.8955739236085638,0.9045162641391822,0.8957012891769409
30,snowc,55,Extra Trees,19321,4018,14.400155343012331,5.831392574495443,0.9115836843834281,0.9115836829763533,0.9135273242649561,0.9123407602310181
30,snowc,56,Extra Trees,19321,4018,13.398472496345065,5.556458232429293,0.9234737267483647,0.9234737314267679,0.9202402771736864,0.9245331287384033
30,snowc,57,Extra Trees,19321,4018,13.104928773926538,5.506806619430317,0.9264566095453977,0.9264566082006264,0.9239299833815416,0.9262135624885559
30,snowc,58,Extra Trees,19321,4018,14.103294750654566,6.176325405188692,0.9124855730765555,0.9124855680867181,0.918301021799028,0.911807656288147
30,snowc,59,Extra Trees,19321,4018,16.181600664609647,7.12671069082008,0.8823823591053457,0.8823823632597487,0.9008150990591997,0.8813755512237549
30,snowc,60,Extra Trees,19321,4018,18.425464780443015,7.997539718643179,0.8478110719985918,0.847811067654511,0.8796659990084849,0.8454103469848633
30,snowc,61,Extra Trees,19321,4018,19.06443397795369,8.514519690888251,0.8322304328656093,0.8322304129591593,0.8685919706694036,0.8270270824432373
30,snowc,62,Extra Trees,19321,4018,19.43552457188486,8.735067915223414,0.8248753198353642,0.8248753018597474,0.8657572058601335,0.8230764865875244
30,snowc,63,Extra Trees,19321,4018,13.274584429736885,5.38817438796072,0.9245373903953192,0.9245373951036313,0.9211876367211891,0.924229085445404
30,snowc,64,Extra Trees,19321,4018,12.78630808155997,5.130760209214247,0.9293883579876712,0.9293883586658224,0.9246951356337645,0.9286726117134094
30,snowc,65,Extra Trees,19321,4018,12.995660624063188,5.263138141405021,0.9269136122652496,0.9269136060844828,0.9237462276047952,0.9252423048019409
30,snowc,66,Extra Trees,19321,4018,12.885238910903995,5.455104537910648,0.9272625291542766,0.9272625353735688,0.9241316342943042,0.9254934191703796
30,snowc,67,Extra Trees,19321,4018,14.569492542907598,6.115358868164622,0.908344008549513,0.908344011950766,0.9086030349259132,0.9072319269180298
30,snowc,68,Extra Trees,19321,4018,16.54157070402087,7.203152176616039,0.8791803418192793,0.8791803454135944,0.8912967970833598,0.8765905499458313
30,snowc,69,Extra Trees,19321,4018,16.811086335256668,7.590903727677826,0.8725713391429331,0.8725713299439848,0.8903639623789499,0.8720932006835938
30,snowc,70,Extra Trees,19321,4018,17.625078666512408,7.986870103026583,0.8587145853827574,0.8587145914175021,0.8841525377449635,0.8551386594772339
30,snowc,71,Extra Trees,19321,4018,18.480945486200824,8.381310663864872,0.8448004432168426,0.8448004506849187,0.8774466895687109,0.8394655585289001
30,snowc,72,Extra Trees,19321,4018,18.266385063103318,8.108254062839388,0.8506262452362467,0.8506262428326202,0.8816431975658277,0.8483136296272278
30,snowc,73,Extra Trees,19321,4018,18.562310092597915,8.247629790444952,0.8439612921771921,0.8439612808354688,0.8792429080794355,0.8377049565315247
30,snowc,74,Extra Trees,19321,4018,19.718092796684513,9.536266683941987,0.8068289942886698,0.8068289840438023,0.8531862640196977,0.8040174245834351
30,snowc,75,Extra Trees,19321,4018,18.306037573964502,8.71232082126792,0.844119511335725,0.8441195084754107,0.8726160577945266,0.8397221565246582
30,snowc,76,Extra Trees,19321,4018,20.053943110887158,9.573050485354639,0.8116014932088722,0.8116014863825918,0.8571229839918498,0.8069987893104553
30,snowc,77,Extra Trees,19321,4018,19.754703163426903,9.213888930403282,0.8204301063256768,0.8204300996936367,0.8653674837233105,0.8217809796333313
30,snowc,78,Extra Trees,19321,4018,18.78748531731534,8.640060298526148,0.8400902937080417,0.8400902889929039,0.8774286457170027,0.8365336656570435
30,snowc,79,Extra Trees,19321,4018,18.840456133043354,9.114964429060995,0.8301984427989586,0.8301984498546698,0.8729730252873217,0.8297927975654602
30,snowc,80,Extra Trees,19321,4018,20.467203716444807,9.906566647451918,0.8008169696637284,0.8008169571732103,0.8505917698266222,0.7997111678123474
30,snowc,81,Extra Trees,19321,4018,20.295762185490766,9.837920818062555,0.8012127197868995,0.8012127223838038,0.8530863754647264,0.8012531399726868
30,sd,0,XGBoost,19321,4018,0.022776907951668566,0.009158773347735405,-0.21643972396850586,-0.21643972396850586,-0.03413486887495698,-0.21643972396850586
30,sd,1,XGBoost,19321,4018,0.04365377013118373,0.019397014752030373,0.5171953439712524,0.5171953439712524,0.5605092920011642,0.5171953439712524
30,sd,2,XGBoost,19321,4018,0.041495926875332184,0.018431272357702255,0.468386173248291,0.468386173248291,0.5603682161490355,0.468386173248291
30,sd,3,XGBoost,19321,4018,0.04011209590019362,0.018581409007310867,0.5827254056930542,0.5827254056930542,0.6098280873502042,0.5827254056930542
30,sd,4,XGBoost,19321,4018,0.04182779909496074,0.020439181476831436,0.7404320240020752,0.7404320240020752,0.7256016328291035,0.7404320240020752
30,sd,5,XGBoost,19321,4018,0.05151159273263645,0.02501867152750492,0.731036901473999,0.731036901473999,0.7660447827544046,0.731036901473999
30,sd,6,XGBoost,19321,4018,0.0612888727647119,0.030690623447299004,0.7832965850830078,0.7832965850830078,0.8117861339950567,0.7832965850830078
30,sd,7,XGBoost,19321,4018,0.058938346281149884,0.029661789536476135,0.8047008514404297,0.8047008514404297,0.8223564885789774,0.8047008514404297
30,sd,8,XGBoost,19321,4018,0.05602661860561309,0.029189137741923332,0.8341591358184814,0.8341591358184814,0.850085158357071,0.8341591358184814
30,sd,9,XGBoost,19321,4018,0.05539254213803199,0.02977566234767437,0.8660413026809692,0.8660413026809692,0.8663252261686533,0.8660413026809692
30,sd,10,XGBoost,19321,4018,0.0533308866691384,0.028412574902176857,0.8807481527328491,0.8807481527328491,0.8795016844744854,0.8807481527328491
30,sd,11,XGBoost,19321,4018,0.05660587510896362,0.0288544949144125,0.8136772513389587,0.8136772513389587,0.8382736748544103,0.8136772513389587
30,sd,12,XGBoost,19321,4018,0.05725463660279839,0.02892802096903324,0.7998641729354858,0.7998641729354858,0.8282319557443273,0.7998641729354858
30,sd,13,XGBoost,19321,4018,0.05905311050030303,0.029954828321933746,0.7955547571182251,0.7955547571182251,0.8206801611014499,0.7955547571182251
30,sd,14,XGBoost,19321,4018,0.05873966327747935,0.030515266582369804,0.8218536972999573,0.8218536972999573,0.8379738001499025,0.8218536972999573
30,sd,15,XGBoost,19321,4018,0.06069406377026073,0.03183995187282562,0.8384191393852234,0.8384191393852234,0.8470436197001681,0.8384191393852234
30,sd,16,XGBoost,19321,4018,0.05650452590085723,0.028851404786109924,0.8319361209869385,0.8319361209869385,0.8517981385610632,0.8319361209869385
30,sd,17,XGBoost,19321,4018,0.05710323686267804,0.02894238382577896,0.8201352953910828,0.8201352953910828,0.8444904191469711,0.8201352953910828
30,sd,18,XGBoost,19321,4018,0.057475011594380405,0.030084947124123573,0.833688497543335,0.833688497543335,0.8420263065529775,0.833688497543335
30,sd,19,XGBoost,19321,4018,0.06092807722904708,0.03210403025150299,0.8445369005203247,0.8445369005203247,0.8445107890402339,0.8445369005203247
30,sd,20,XGBoost,19321,4018,0.06380606009617339,0.033697083592414856,0.8511873483657837,0.8511873483657837,0.8585350394361638,0.8511873483657837
30,sd,21,XGBoost,19321,4018,0.0604041208643379,0.03151330351829529,0.8504229784011841,0.8504229784011841,0.8728755211123607,0.8504229784011841
30,sd,22,XGBoost,19321,4018,0.05749736870570775,0.030001550912857056,0.856379508972168,0.856379508972168,0.8797859317922748,0.856379508972168
30,sd,23,XGBoost,19321,4018,0.05241472446349441,0.02739582769572735,0.8721754550933838,0.8721754550933838,0.8795973453136299,0.8721754550933838
30,sd,24,XGBoost,19321,4018,0.04798032505250224,0.024932147935032845,0.8584702610969543,0.8584702610969543,0.8627316635248427,0.8584702610969543
30,sd,25,XGBoost,19321,4018,0.041304878254896045,0.02116188034415245,0.8207409381866455,0.8207409381866455,0.8344922103416631,0.8207409381866455
30,sd,26,XGBoost,19321,4018,0.05914516464936278,0.03183528408408165,0.894189715385437,0.894189715385437,0.8878430941835936,0.894189715385437
30,sd,27,XGBoost,19321,4018,0.057921949250456906,0.031104419380426407,0.8828505277633667,0.8828505277633667,0.879325445873093,0.8828505277633667
30,sd,28,XGBoost,19321,4018,0.058284018373449105,0.030891941860318184,0.8763220310211182,0.8763220310211182,0.8742417938962808,0.8763220310211182
30,sd,29,XGBoost,19321,4018,0.058491122252647604,0.03131510689854622,0.8930232524871826,0.8930232524871826,0.8813228546441123,0.8930232524871826
30,sd,30,XGBoost,19321,4018,0.057844737044367225,0.03239788860082626,0.9131611585617065,0.9131611585617065,0.8965101056348236,0.9131611585617065
30,sd,31,XGBoost,19321,4018,0.05886636140151329,0.03299999609589577,0.9039567708969116,0.9039567708969116,0.8873373231073638,0.9039567708969116
30,sd,32,XGBoost,19321,4018,0.05764069724110735,0.03126867488026619,0.8799349069595337,0.8799349069595337,0.8766329539423134,0.8799349069595337
30,sd,33,XGBoost,19321,4018,0.055967293459050924,0.030533086508512497,0.8826532363891602,0.8826532363891602,0.8638351959790316,0.8826532363891602
30,sd,34,XGBoost,19321,4018,0.059494632973131345,0.032093387097120285,0.8830629587173462,0.8830629587173462,0.8628805739188403,0.8830629587173462
30,sd,35,XGBoost,19321,4018,0.05787253573073079,0.03159512206912041,0.879852831363678,0.879852831363678,0.8668651621554264,0.879852831363678
30,sd,36,XGBoost,19321,4018,0.052720123148906235,0.02794654853641987,0.8757911324501038,0.8757911324501038,0.879252369992063,0.8757911324501038
30,sd,37,XGBoost,19321,4018,0.048259007652950665,0.02494422346353531,0.8700456023216248,0.8700456023216248,0.8787714274770566,0.8700456023216248
30,sd,38,XGBoost,19321,4018,0.0439910465257476,0.023059681057929993,0.8733256459236145,0.8733256459236145,0.8813165256905849,0.8733256459236145
30,sd,39,XGBoost,19321,4018,0.06496955146955749,0.03636875003576279,0.9093705415725708,0.9093705415725708,0.8967748818837168,0.9093705415725708
30,sd,40,XGBoost,19321,4018,0.06512524104760163,0.03470733389258385,0.8956207633018494,0.8956207633018494,0.894466888912594,0.8956207633018494
30,sd,41,XGBoost,19321,4018,0.061284255020962124,0.03307022899389267,0.8941000699996948,0.8941000699996948,0.8829428156264222,0.8941000699996948
30,sd,42,XGBoost,19321,4018,0.06205465865095501,0.03368492051959038,0.9008996486663818,0.9008996486663818,0.8921046306635364,0.9008996486663818
30,sd,43,XGBoost,19321,4018,0.0627064833092244,0.034617356956005096,0.9104851484298706,0.9104851484298706,0.9029257234846791,0.9104851484298706
30,sd,44,XGBoost,19321,4018,0.06326936136232222,0.03458327427506447,0.9109722375869751,0.9109722375869751,0.9037041739988759,0.9109722375869751
30,sd,45,XGBoost,19321,4018,0.06158977481939557,0.033165160566568375,0.90888911485672,0.90888911485672,0.9071271607804823,0.90888911485672
30,sd,46,XGBoost,19321,4018,0.06017430718760651,0.03295343741774559,0.898743748664856,0.898743748664856,0.892116154200041,0.898743748664856
30,sd,47,XGBoost,19321,4018,0.05678848583098151,0.03031298890709877,0.8870853781700134,0.8870853781700134,0.8824240923974307,0.8870853781700134
30,sd,48,XGBoost,19321,4018,0.05305283471184961,0.02797566168010235,0.8825715780258179,0.8825715780258179,0.8760161091677704,0.8825715780258179
30,sd,49,XGBoost,19321,4018,0.04608014590943492,0.02449391596019268,0.8825151920318604,0.8825151920318604,0.8802627361548612,0.8825151920318604
30,sd,50,XGBoost,19321,4018,0.04200024444334743,0.021952573210000992,0.8693587779998779,0.8693587779998779,0.8758161849759071,0.8693587779998779
30,sd,51,XGBoost,19321,4018,0.05904236163206718,0.03355049714446068,0.9128991961479187,0.9128991961479187,0.8952358143726388,0.9128991961479187
30,sd,52,XGBoost,19321,4018,0.05839402611123764,0.03279871121048927,0.907663881778717,0.907663881778717,0.8950859739921699,0.907663881778717
30,sd,53,XGBoost,19321,4018,0.057558994081475155,0.03176097571849823,0.9025976657867432,0.9025976657867432,0.8918844708580612,0.9025976657867432
30,sd,54,XGBoost,19321,4018,0.05647560860839743,0.030743349343538284,0.8997552990913391,0.8997552990913391,0.8876231713934923,0.8997552990913391
30,sd,55,XGBoost,19321,4018,0.057969169878660035,0.031231645494699478,0.8972295522689819,0.8972295522689819,0.887535342124804,0.8972295522689819
30,sd,56,XGBoost,19321,4018,0.057032746710145854,0.030285438522696495,0.8985983729362488,0.8985983729362488,0.8938436534515668,0.8985983729362488
30,sd,57,XGBoost,19321,4018,0.05434957689255588,0.029427407309412956,0.8988090753555298,0.8988090753555298,0.8979425741315654,0.8988090753555298
30,sd,58,XGBoost,19321,4018,0.051693712434137,0.027319440618157387,0.8911763429641724,0.8911763429641724,0.8941592984287182,0.8911763429641724
30,sd,59,XGBoost,19321,4018,0.04861738025216976,0.025498442351818085,0.8760673403739929,0.8760673403739929,0.8751306907722313,0.8760673403739929
30,sd,60,XGBoost,19321,4018,0.044027479497304116,0.022804759442806244,0.8745338320732117,0.8745338320732117,0.8778893495430259,0.8745338320732117
30,sd,61,XGBoost,19321,4018,0.03962403154637506,0.02064327336847782,0.8639824390411377,0.8639824390411377,0.870560857394963,0.8639824390411377
30,sd,62,XGBoost,19321,4018,0.03735229546293144,0.019241442903876305,0.8504671454429626,0.8504671454429626,0.8687165413118865,0.8504671454429626
30,sd,63,XGBoost,19321,4018,0.053490256906460705,0.03026450239121914,0.9208499789237976,0.9208499789237976,0.9157044492208528,0.9208499789237976
30,sd,64,XGBoost,19321,4018,0.05225570536822283,0.02937782183289528,0.9229922294616699,0.9229922294616699,0.9146565404509677,0.9229922294616699
30,sd,65,XGBoost,19321,4018,0.05147199843400967,0.029148785397410393,0.9227719306945801,0.9227719306945801,0.91692492262972,0.9227719306945801
30,sd,66,XGBoost,19321,4018,0.049848801112519096,0.027920078486204147,0.9206825494766235,0.9206825494766235,0.9139262633697958,0.9206825494766235
30,sd,67,XGBoost,19321,4018,0.04968901834327312,0.026542657986283302,0.9017541408538818,0.9017541408538818,0.8950659252445562,0.9017541408538818
30,sd,68,XGBoost,19321,4018,0.045764949646268205,0.024511326104402542,0.8916251063346863,0.8916251063346863,0.891411365367221,0.8916251063346863
30,sd,69,XGBoost,19321,4018,0.042519121562331536,0.02291245386004448,0.8865005373954773,0.8865005373954773,0.8884323641578559,0.8865005373954773
30,sd,70,XGBoost,19321,4018,0.039697060168064235,0.020986489951610565,0.8796906471252441,0.8796906471252441,0.8844012995763502,0.8796906471252441
30,sd,71,XGBoost,19321,4018,0.03741632429340992,0.019561966881155968,0.8744057416915894,0.8744057416915894,0.8806876908018921,0.8744057416915894
30,sd,72,XGBoost,19321,4018,0.03723463920276616,0.01909652352333069,0.8736294507980347,0.8736294507980347,0.8814956842581497,0.8736294507980347
30,sd,73,XGBoost,19321,4018,0.03565881553953931,0.01813342608511448,0.8579235672950745,0.8579235672950745,0.8744183102136204,0.8579235672950745
30,sd,74,XGBoost,19321,4018,0.027587578358191076,0.014648272655904293,0.8537049293518066,0.8537049293518066,0.8657375797902005,0.8537049293518066
30,sd,75,XGBoost,19321,4018,0.03290105957161905,0.01740686409175396,0.8795318603515625,0.8795318603515625,0.8863420091717086,0.8795318603515625
30,sd,76,XGBoost,19321,4018,0.031110521198297218,0.016120607033371925,0.8602783679962158,0.8602783679962158,0.8783199405815927,0.8602783679962158
30,sd,77,XGBoost,19321,4018,0.03261888365418483,0.016219783574342728,0.8523116707801819,0.8523116707801819,0.8801100272101959,0.8523116707801819
30,sd,78,XGBoost,19321,4018,0.03142993133221818,0.015626797452569008,0.8580964803695679,0.8580964803695679,0.8727611916537554,0.8580964803695679
30,sd,79,XGBoost,19321,4018,0.02599539047553847,0.013283341191709042,0.8615174889564514,0.8615174889564514,0.8677468300601181,0.8615174889564514
30,sd,80,XGBoost,19321,4018,0.02774191371113359,0.013549366034567356,0.8497963547706604,0.8497963547706604,0.879809215975348,0.8497963547706604
30,sd,81,XGBoost,19321,4018,0.024542227742445744,0.012419811449944973,0.8576284646987915,0.8576284646987915,0.8723832152279284,0.8576284646987915
30,smlt_mm,0,XGBoost,19321,4018,1.2529938607792346,0.5290335416793823,0.19364649057388306,0.19364649057388306,0.37521009884476986,0.19364649057388306
30,smlt_mm,1,XGBoost,19321,4018,1.761411382078384,0.7243526577949524,0.44497203826904297,0.44497203826904297,0.5379285950541866,0.44497203826904297
30,smlt_mm,2,XGBoost,19321,4018,1.5545673419774384,0.6650831699371338,0.49152159690856934,0.49152159690856934,0.549070812006327,0.49152159690856934
30,smlt_mm,3,XGBoost,19321,4018,1.5365504953793299,0.6813158988952637,0.5239909887313843,0.5239909887313843,0.5776719689929104,0.5239909887313843
30,smlt_mm,4,XGBoost,19321,4018,1.6918694476405374,0.743036687374115,0.5496572852134705,0.5496572852134705,0.6264303304864023,0.5496572852134705
30,smlt_mm,5,XGBoost,19321,4018,1.9939224766475374,0.8345855474472046,0.5650327801704407,0.5650327801704407,0.6391787254635346,0.5650327801704407
30,smlt_mm,6,XGBoost,19321,4018,2.29260053391326,0.9738354086875916,0.6249023675918579,0.6249023675918579,0.6978345403214192,0.6249023675918579
30,smlt_mm,7,XGBoost,19321,4018,2.232859704577775,0.9553124904632568,0.6531574130058289,0.6531574130058289,0.7028699107656652,0.6531574130058289
30,smlt_mm,8,XGBoost,19321,4018,2.257380566315569,0.9573174118995667,0.6684340238571167,0.6684340238571167,0.704304046666167,0.6684340238571167
30,smlt_mm,9,XGBoost,19321,4018,2.2278762956791107,0.9485088586807251,0.6858518123626709,0.6858518123626709,0.7274264950655522,0.6858518123626709
30,smlt_mm,10,XGBoost,19321,4018,2.412720736352124,0.9793616533279419,0.6476393938064575,0.6476393938064575,0.7254235839294746,0.6476393938064575
30,smlt_mm,11,XGBoost,19321,4018,2.2996428544108793,0.9685666561126709,0.6238659620285034,0.6238659620285034,0.6664002433880387,0.6238659620285034
30,smlt_mm,12,XGBoost,19321,4018,2.4372203373032764,0.9956586360931396,0.587034285068512,0.587034285068512,0.6380860096575631,0.587034285068512
30,smlt_mm,13,XGBoost,19321,4018,2.459043227893558,1.0046565532684326,0.5901907682418823,0.5901907682418823,0.6397424528852391,0.5901907682418823
30,smlt_mm,14,XGBoost,19321,4018,2.3714179079797617,0.9504842758178711,0.630150556564331,0.630150556564331,0.6713835968598931,0.630150556564331
30,smlt_mm,15,XGBoost,19321,4018,2.447771487428757,0.9766349196434021,0.6507145762443542,0.6507145762443542,0.710704321497077,0.6507145762443542
30,smlt_mm,16,XGBoost,19321,4018,2.214279075911455,0.9444984793663025,0.6491571664810181,0.6491571664810181,0.6800389019385578,0.6491571664810181
30,smlt_mm,17,XGBoost,19321,4018,2.396619076351381,1.006207823753357,0.6338052749633789,0.6338052749633789,0.6733041814493762,0.6338052749633789
30,smlt_mm,18,XGBoost,19321,4018,2.278773178175222,0.9652727842330933,0.6639267802238464,0.6639267802238464,0.7102969290314982,0.6639267802238464
30,smlt_mm,19,XGBoost,19321,4018,2.2688525132067467,0.9587625861167908,0.6939967274665833,0.6939967274665833,0.7410961506374075,0.6939967274665833
30,smlt_mm,20,XGBoost,19321,4018,2.55180424831577,1.0504738092422485,0.6696762442588806,0.6696762442588806,0.7426622815795654,0.6696762442588806
30,smlt_mm,21,XGBoost,19321,4018,2.615072916301659,1.0678365230560303,0.6464226245880127,0.6464226245880127,0.6926641573773837,0.6464226245880127
30,smlt_mm,22,XGBoost,19321,4018,2.762494141585408,1.1050602197647095,0.6155164241790771,0.6155164241790771,0.6892504476724048,0.6155164241790771
30,smlt_mm,23,XGBoost,19321,4018,2.739296369910231,1.0850800275802612,0.6041354537010193,0.6041354537010193,0.6712785139615123,0.6041354537010193
30,smlt_mm,24,XGBoost,19321,4018,2.3205720390278497,0.945807933807373,0.6186493635177612,0.6186493635177612,0.6696948500800393,0.6186493635177612
30,smlt_mm,25,XGBoost,19321,4018,1.9744552416313328,0.8008939027786255,0.5675326585769653,0.5675326585769653,0.6043238689449493,0.5675326585769653
30,smlt_mm,26,XGBoost,19321,4018,2.372885415192658,0.9975739121437073,0.7220423221588135,0.7220423221588135,0.7787249309364203,0.7220423221588135
30,smlt_mm,27,XGBoost,19321,4018,2.2410765763442395,0.9723967909812927,0.7323639392852783,0.7323639392852783,0.7826424681030103,0.7323639392852783
30,smlt_mm,28,XGBoost,19321,4018,2.4571137285565428,1.0310691595077515,0.6911747455596924,0.6911747455596924,0.7633813582796223,0.6911747455596924
30,smlt_mm,29,XGBoost,19321,4018,2.5281690520608664,1.0433039665222168,0.6897557973861694,0.6897557973861694,0.7619196436139027,0.6897557973861694
30,smlt_mm,30,XGBoost,19321,4018,2.063238185215038,0.8502806425094604,0.7573459148406982,0.7573459148406982,0.7949548385059751,0.7573459148406982
30,smlt_mm,31,XGBoost,19321,4018,2.2742904688469836,0.9380856156349182,0.7308846712112427,0.7308846712112427,0.7875245249794129,0.7308846712112427
30,smlt_mm,32,XGBoost,19321,4018,1.9961046789657695,0.8850665092468262,0.7554726600646973,0.7554726600646973,0.8199897041182829,0.7554726600646973
30,smlt_mm,33,XGBoost,19321,4018,2.046334231628993,0.8896773457527161,0.7422344088554382,0.7422344088554382,0.8087840857221886,0.7422344088554382
30,smlt_mm,34,XGBoost,19321,4018,2.5578248710542884,1.0374107360839844,0.6608805060386658,0.6608805060386658,0.7531566889537934,0.6608805060386658
30,smlt_mm,35,XGBoost,19321,4018,2.5155894590911836,1.0343785285949707,0.6541125774383545,0.6541125774383545,0.7490955977042055,0.6541125774383545
30,smlt_mm,36,XGBoost,19321,4018,2.2869601962516755,0.9878110885620117,0.6795963048934937,0.6795963048934937,0.7623270000121066,0.6795963048934937
30,smlt_mm,37,XGBoost,19321,4018,2.538268637163521,1.0359067916870117,0.6028897166252136,0.6028897166252136,0.7137714047438739,0.6028897166252136
30,smlt_mm,38,XGBoost,19321,4018,2.3062871004754233,0.9217478632926941,0.6125000715255737,0.6125000715255737,0.6895118652084836,0.6125000715255737
30,smlt_mm,39,XGBoost,19321,4018,2.264370380157888,0.9527981281280518,0.7707819938659668,0.7707819938659668,0.7881289131547218,0.7707819938659668
30,smlt_mm,40,XGBoost,19321,4018,2.6700088497972447,1.1087322235107422,0.7099183201789856,0.7099183201789856,0.7766404001053427,0.7099183201789856
30,smlt_mm,41,XGBoost,19321,4018,2.603429450907643,1.1331804990768433,0.6949624419212341,0.6949624419212341,0.7556018718093905,0.6949624419212341
30,smlt_mm,42,XGBoost,19321,4018,2.2937774531828987,0.9696582555770874,0.7545230984687805,0.7545230984687805,0.7822169122056328,0.7545230984687805
30,smlt_mm,43,XGBoost,19321,4018,2.3674755361837874,0.9441123008728027,0.7584799528121948,0.7584799528121948,0.7933093646932635,0.7584799528121948
30,smlt_mm,44,XGBoost,19321,4018,2.577832292066202,0.9726498126983643,0.737913966178894,0.737913966178894,0.7851689989287859,0.737913966178894
30,smlt_mm,45,XGBoost,19321,4018,2.629977547872459,0.9772496223449707,0.7301877737045288,0.7301877737045288,0.7796427308627847,0.7301877737045288
30,smlt_mm,46,XGBoost,19321,4018,2.586098104139872,0.9922976493835449,0.6943173408508301,0.6943173408508301,0.7516036133755224,0.6943173408508301
30,smlt_mm,47,XGBoost,19321,4018,2.5737965632668938,1.0565192699432373,0.6548798084259033,0.6548798084259033,0.7610070251933198,0.6548798084259033
30,smlt_mm,48,XGBoost,19321,4018,2.507478115332385,1.0258769989013672,0.65050208568573,0.65050208568573,0.738661825137054,0.65050208568573
30,smlt_mm,49,XGBoost,19321,4018,2.3976775217215818,0.9916465878486633,0.6214490532875061,0.6214490532875061,0.7227662602775056,0.6214490532875061
30,smlt_mm,50,XGBoost,19321,4018,2.1139986579768055,0.8767334222793579,0.6133595108985901,0.6133595108985901,0.7235127394188636,0.6133595108985901
30,smlt_mm,51,XGBoost,19321,4018,2.288718865025003,0.9815745949745178,0.7492222785949707,0.7492222785949707,0.7735335788773084,0.7492222785949707
30,smlt_mm,52,XGBoost,19321,4018,2.1535813776693327,0.9350526332855225,0.7626773118972778,0.7626773118972778,0.8066198273957595,0.7626773118972778
30,smlt_mm,53,XGBoost,19321,4018,2.1486989365080853,0.9595258235931396,0.7578350305557251,0.7578350305557251,0.8013238964735602,0.7578350305557251
30,smlt_mm,54,XGBoost,19321,4018,2.313246529166251,0.9952619075775146,0.7229719758033752,0.7229719758033752,0.7854395727595567,0.7229719758033752
30,smlt_mm,55,XGBoost,19321,4018,2.4562202898320455,0.9985828995704651,0.7077697515487671,0.7077697515487671,0.775778028171266,0.7077697515487671
30,smlt_mm,56,XGBoost,19321,4018,2.463688067117939,0.9611786007881165,0.7046928405761719,0.7046928405761719,0.7656174298293307,0.7046928405761719
30,smlt_mm,57,XGBoost,19321,4018,2.2786855000267647,0.9041165113449097,0.7155268788337708,0.7155268788337708,0.7678169021563067,0.7155268788337708
30,smlt_mm,58,XGBoost,19321,4018,2.2182401689225366,0.9169999361038208,0.6965124607086182,0.6965124607086182,0.7831218416505034,0.6965124607086182
30,smlt_mm,59,XGBoost,19321,4018,2.233172860239923,0.9144663214683533,0.6655834913253784,0.6655834913253784,0.7626220636574025,0.6655834913253784
30,smlt_mm,60,XGBoost,19321,4018,2.328976878541573,0.956222414970398,0.6096078157424927,0.6096078157424927,0.7299873232504458,0.6096078157424927
30,smlt_mm,61,XGBoost,19321,4018,2.073578069272748,0.8687647581100464,0.5964359641075134,0.5964359641075134,0.731102334805519,0.5964359641075134
30,smlt_mm,62,XGBoost,19321,4018,1.998279845078926,0.8063876032829285,0.5418118238449097,0.5418118238449097,0.680936798182801,0.5418118238449097
30,smlt_mm,63,XGBoost,19321,4018,2.223716871627027,0.9237930178642273,0.7435017824172974,0.7435017824172974,0.7760563465092013,0.7435017824172974
30,smlt_mm,64,XGBoost,19321,4018,2.05971466180819,0.8618677258491516,0.7615343928337097,0.7615343928337097,0.7875371743827999,0.7615343928337097
30,smlt_mm,65,XGBoost,19321,4018,2.0088804499599884,0.8371819257736206,0.7638887763023376,0.7638887763023376,0.7838188255401979,0.7638887763023376
30,smlt_mm,66,XGBoost,19321,4018,1.9233902950986477,0.7929953932762146,0.7666534781455994,0.7666534781455994,0.8014928802627044,0.7666534781455994
30,smlt_mm,67,XGBoost,19321,4018,2.183372308902498,0.9005846977233887,0.6987066268920898,0.6987066268920898,0.7596571620807433,0.6987066268920898
30,smlt_mm,68,XGBoost,19321,4018,2.1827485934646087,0.9220736026763916,0.6653827428817749,0.6653827428817749,0.7592484520053234,0.6653827428817749
30,smlt_mm,69,XGBoost,19321,4018,2.0444827478156236,0.8744709491729736,0.6610520482063293,0.6610520482063293,0.7531192338049161,0.6610520482063293
30,smlt_mm,70,XGBoost,19321,4018,2.0565519395275107,0.8688976764678955,0.6257690787315369,0.6257690787315369,0.7591630401856112,0.6257690787315369
30,smlt_mm,71,XGBoost,19321,4018,2.1356505351204818,0.8850270509719849,0.575736403465271,0.575736403465271,0.7270472132973338,0.575736403465271
30,smlt_mm,72,XGBoost,19321,4018,2.2055689465649806,0.8615478277206421,0.5456564426422119,0.5456564426422119,0.69117539690342,0.5456564426422119
30,smlt_mm,73,XGBoost,19321,4018,1.9032470313224052,0.7444887757301331,0.5454088449478149,0.5454088449478149,0.7016242904493879,0.5454088449478149
30,smlt_mm,74,XGBoost,19321,4018,1.5698270284529676,0.6557826399803162,0.5397287607192993,0.5397287607192993,0.6636919570195899,0.5397287607192993
30,smlt_mm,75,XGBoost,19321,4018,1.7844134565441592,0.773616373538971,0.6265690326690674,0.6265690326690674,0.7250257875621441,0.6265690326690674
30,smlt_mm,76,XGBoost,19321,4018,1.9717414774477762,0.812820315361023,0.537530779838562,0.537530779838562,0.6683527348484984,0.537530779838562
30,smlt_mm,77,XGBoost,19321,4018,2.1847870488568306,0.8296326994895935,0.4547327756881714,0.4547327756881714,0.6314815338313953,0.4547327756881714
30,smlt_mm,78,XGBoost,19321,4018,1.888462122065905,0.7151618003845215,0.5093264579772949,0.5093264579772949,0.6663674120545886,0.5093264579772949
30,smlt_mm,79,XGBoost,19321,4018,1.5010015005349442,0.593122124671936,0.5380864143371582,0.5380864143371582,0.6971365742965597,0.5380864143371582
30,smlt_mm,80,XGBoost,19321,4018,1.9779201865568383,0.7524856925010681,0.4821159243583679,0.4821159243583679,0.6009698248444751,0.4821159243583679
30,smlt_mm,81,XGBoost,19321,4018,1.792499755157071,0.7016072273254395,0.48767268657684326,0.48767268657684326,0.5872080262008161,0.48767268657684326
