horizon_days,target,cell,selected_algorithm,n_train_local,n_test_local,RMSE_local,MAE_local,R2_local,NSE_local,KGE_local,R2_reference_learner,algorithm,n_train_cells,n_train_transfer,n_test_transfer,RMSE_transfer,MAE_transfer,R2_transfer,NSE_transfer,KGE_transfer,R2_transfer_loss,R2_learner_gap
1,snowc,0,Random Forest,19350,4018,4.702583384439119,1.4068779992874574,0.970132504952019,0.9701325036654228,0.9759461124347786,0.9701697826385498,XGBoost,81,1567350,4018,4.892859000483091,1.6774543523788452,0.9676666259765624,0.9676666,0.9565839456947426,0.0025031566619874157,-3.727768653083441e-05
1,snowc,1,Random Forest,19350,4018,5.225900476965486,1.3395481898609871,0.9814490830895974,0.9814490817456786,0.9883947084865372,0.9805364608764648,XGBoost,81,1567350,4018,5.380265251909817,1.4387879371643066,0.9803369641304016,0.98033696,0.9892236038440164,0.00019949674606323242,0.0009126222131325967
1,snowc,2,Random Forest,19350,4018,5.496296412231463,1.5855564151295942,0.9783098940098804,0.978309895045343,0.9861599449634296,0.9777666926383972,XGBoost,81,1567350,4018,5.5116600936482865,1.6323450803756714,0.978188455104828,0.97818846,0.9867209058371098,-0.0004217624664307751,0.0005432013714832262
1,snowc,3,Random Forest,19350,4018,5.467722254975806,1.6158705995157514,0.9792519595311908,0.9792519599900568,0.987461121463258,0.9780191779136658,XGBoost,81,1567350,4018,5.567153869750023,1.7303484678268433,0.9784904718399048,0.9784905,0.985846528336797,-0.00047129392623901367,0.0012327816175250472
1,snowc,4,Random Forest,19350,4018,5.1375219913400585,1.5128630014071431,0.9839507882655216,0.983950789951696,0.9894001924118946,0.9831177592277528,XGBoost,81,1567350,4018,5.381729349192866,1.6004718542099,0.9823887348175048,0.98238873,0.9894326133083294,0.0007290244102480248,0.0008330290377688288
1,snowc,5,Random Forest,19350,4018,4.93900003608357,1.061628253681098,0.9862336500679236,0.9862336513805224,0.9905223011569916,0.9850025177001952,XGBoost,81,1567350,4018,5.074279080003651,1.0901118516921997,0.9854692220687866,0.9854692,0.9891523258490488,-0.0004667043685914196,0.001231132367728427
1,snowc,6,Random Forest,19350,4018,4.708055575298178,1.0177428020318833,0.9886570836061024,0.9886570845518838,0.9923823601401556,0.988277792930603,XGBoost,81,1567350,4018,4.862570542949094,1.079422116279602,0.9879003167152404,0.9879003,0.9893632636513822,0.00037747621536265985,0.00037929067549935525
1,snowc,7,Random Forest,19350,4018,4.842586386741742,1.0910033115669853,0.9881108493319392,0.988110849871779,0.9923607366563426,0.9873140454292296,XGBoost,81,1567350,4018,4.876865910188328,1.1636062860488892,0.9879419207572936,0.9879419,0.9902185533019368,-0.0006278753280639648,0.0007968039027095308
1,snowc,8,Random Forest,19350,4018,5.013557033835663,1.189511949754575,0.9876276818614768,0.9876276813182993,0.9923236541492736,0.9867285490036012,XGBoost,81,1567350,4018,5.158310172296559,1.2273163795471191,0.986902952194214,0.98690295,0.9913537534288,-0.00017440319061279297,0.0008991328578755731
1,snowc,9,Random Forest,19350,4018,5.316158068546658,1.1724312691720662,0.9868672263509182,0.9868672276106418,0.9914601879122288,0.9866644740104676,XGBoost,81,1567350,4018,5.1583038863336315,1.2237141132354736,0.9876355528831482,0.98763555,0.9904675241596176,-0.000971078872680553,0.00020275234045052937
1,snowc,10,Random Forest,19350,4018,4.852869473286473,1.037971955404914,0.989541272130589,0.9895412724609411,0.9936118085278056,0.9896142482757568,XGBoost,81,1567350,4018,4.690541209083068,0.994767963886261,0.9902292490005492,0.99022925,0.9923308961436142,-0.0006150007247923694,-7.297614516788009e-05
1,snowc,11,Random Forest,19350,4018,4.835474443250595,1.0810214747156486,0.9883097811897188,0.988309780087461,0.9929143875518576,0.987568974494934,XGBoost,81,1567350,4018,4.663193409265457,1.1164287328720093,0.9891279339790344,0.98912793,0.992156862939294,-0.0015589594841004528,0.0007408066947848235
1,snowc,12,Random Forest,19350,4018,4.927117003967817,1.1158307499998834,0.9878941399477073,0.987894140231098,0.9923986981550852,0.9879856705665588,XGBoost,81,1567350,4018,4.66054076073744,1.1107215881347656,0.989168643951416,0.98916864,0.9919110528281676,-0.0011829733848571777,-9.153061885158742e-05
1,snowc,13,Random Forest,19350,4018,4.8864652620804545,1.0920503673057955,0.9881925046822252,0.988192502544236,0.992412102313548,0.9880234599113464,XGBoost,81,1567350,4018,4.594860124420359,1.0587419271469116,0.9895597100257874,0.9895597,0.9926145431859172,-0.001536250114440918,0.0001690447708787568
1,snowc,14,Random Forest,19350,4018,4.7546455362802345,1.0249569685281683,0.9889813298529824,0.9889813292201832,0.9935309869871446,0.9885326027870178,XGBoost,81,1567350,4018,4.620660963131363,1.0722614526748655,0.9895935654640198,0.98959357,0.9929804093983488,-0.0010609626770019531,0.00044872706596454925
1,snowc,15,Random Forest,19350,4018,4.802774866563349,1.0348175574939718,0.9891371795683732,0.9891371788818178,0.9932926863183184,0.988767147064209,XGBoost,81,1567350,4018,4.605031388265889,1.0736867189407349,0.9900132417678832,0.99001324,0.9932996332515552,-0.0012460947036742054,0.0003700325041642305
1,snowc,16,Random Forest,19350,4018,4.915682959263177,1.101547578297408,0.9879605944376152,0.987960593181042,0.9927789305121486,0.9868868589401244,XGBoost,81,1567350,4018,4.729172268274605,1.1380506753921509,0.988856852054596,0.98885685,0.9925186504941728,-0.0019699931144715466,0.0010737354974907909
1,snowc,17,Random Forest,19350,4018,5.125690415717775,1.097789239565692,0.9870253851315464,0.9870253859379846,0.9920407428511924,0.9864099025726318,XGBoost,81,1567350,4018,4.911486898307486,1.1288955211639404,0.9880871772766112,0.9880872,0.9920896749956704,-0.0016772747039793812,0.0006154825589145263
1,snowc,18,Random Forest,19350,4018,4.828702255039461,1.0594543656011577,0.9885706653561736,0.9885706663473128,0.992914173642114,0.9873170256614684,XGBoost,81,1567350,4018,4.867426540327885,1.1217832565307615,0.9883866310119628,0.98838663,0.9921961630882826,-0.0010696053504943848,0.0012536396947051553
1,snowc,19,Random Forest,19350,4018,4.7235430452214615,1.0276988832771066,0.9894302270445272,0.9894302260705335,0.9936238044421946,0.9885250329971312,XGBoost,81,1567350,4018,4.677896860760933,1.0627340078353882,0.9896335005760192,0.9896335,0.9929872141781724,-0.0011084675788879395,0.0009051940473959741
1,snowc,20,Random Forest,19350,4018,4.472100949469771,0.932564262487428,0.9908828680882076,0.9908828686723118,0.994415757291591,0.9904338121414183,XGBoost,81,1567350,4018,4.576136238457592,1.0096940994262695,0.9904537200927734,0.9904537,0.9934372540799318,-1.990795135509149e-05,0.0004490559467892341
1,snowc,21,Random Forest,19350,4018,4.602813196610506,1.0211313778342272,0.990252424531832,0.9902524246098612,0.9939662544608436,0.9892960786819458,XGBoost,81,1567350,4018,4.753715868658594,1.0652705430984497,0.98960280418396,0.9896028,0.9932519714769448,-0.00030672550201416016,0.000956345849886242
1,snowc,22,Random Forest,19350,4018,4.731204625901009,1.04162781949815,0.9898447499839182,0.989844750858136,0.9936148710631182,0.9893900752067566,XGBoost,81,1567350,4018,4.763880275845812,1.0533193349838257,0.9897040128707886,0.989704,0.9929638801304734,-0.0003139376640319824,0.0004546747771616566
1,snowc,23,Random Forest,19350,4018,4.701035504558472,1.0360496119825156,0.990044162815198,0.9900441644451538,0.9931701367469384,0.989782214164734,XGBoost,81,1567350,4018,4.6502517878135885,1.0292718410491943,0.9902580976486206,0.9902581,0.9926522734679482,-0.00047588348388660773,0.0002619486504640278
1,snowc,24,Random Forest,19350,4018,4.838418784823806,1.1428625062232645,0.9889181255723472,0.9889181245818738,0.993418420358286,0.98858642578125,XGBoost,81,1567350,4018,4.92147505815552,1.1875652074813845,0.9885343909263612,0.9885344,0.9907284365604724,5.203485488880499e-05,0.00033169979109715086
1,snowc,25,Random Forest,19350,4018,5.31501580411549,1.3231219286505596,0.9855461145425772,0.9855461133548304,0.9915530959065818,0.985421061515808,XGBoost,81,1567350,4018,5.255710402652324,1.39085853099823,0.9858668446540833,0.98586684,0.990993302961025,-0.0004457831382752575,0.00012505302676923957
1,snowc,26,Random Forest,19350,4018,4.417249617775116,0.8982642372713373,0.991240289597344,0.9912402883526203,0.9946830359515616,0.9908267855644226,XGBoost,81,1567350,4018,4.44835484986993,0.9384591579437256,0.991116464138031,0.99111646,0.9943226639415442,-0.00028967857360839844,0.0004135040329213968
1,snowc,27,Random Forest,19350,4018,4.697931897853237,0.953721795194801,0.9899142548735528,0.9899142540259523,0.9937105145881844,0.989542543888092,XGBoost,81,1567350,4018,4.592409937540836,0.992242157459259,0.9903622269630432,0.9903622,0.9938421893151824,-0.0008196830749511719,0.0003717109854607381
1,snowc,28,Random Forest,19350,4018,4.817943698932882,0.949799714133759,0.9895223668031248,0.9895223665551296,0.9935339010205484,0.9890902638435364,XGBoost,81,1567350,4018,4.599898187920402,0.972403645515442,0.9904492497444152,0.99044925,0.9937089263307858,-0.0013589859008787952,0.0004321029595883985
1,snowc,29,Random Forest,19350,4018,4.4096546511613415,0.8578904428136916,0.9914154540342264,0.9914154540556064,0.9943930508016038,0.990513801574707,XGBoost,81,1567350,4018,4.523000218366322,0.961742639541626,0.9909684658050536,0.99096847,0.992504287014027,-0.00045466423034656867,0.000901652459519342
1,snowc,30,Random Forest,19350,4018,4.213875526283658,0.7731681622677514,0.9920176736988858,0.9920176734703896,0.9949407867449228,0.9916906356811525,XGBoost,81,1567350,4018,4.249539069817832,0.946798861026764,0.9918819665908812,0.99188197,0.9931993993441636,-0.00019133090972878186,0.00032703801773337204
1,snowc,31,Random Forest,19350,4018,4.537355524154238,0.906160685300387,0.9909057007440822,0.9909056994699336,0.9941649769363254,0.9910086989402772,XGBoost,81,1567350,4018,4.452613131902723,0.9918220043182372,0.9912422299385072,0.99124223,0.9909829616512802,-0.00023353099822998047,-0.00010299819619496997
1,snowc,32,Random Forest,19350,4018,4.561442401185033,1.0029186600782871,0.990321373285367,0.9903213743464048,0.9939845115941912,0.989462673664093,XGBoost,81,1567350,4018,4.692624762070027,1.069646954536438,0.98975670337677,0.9897567,0.9925106140742336,-0.00029402971267700195,0.0008586996212739395
1,snowc,33,Random Forest,19350,4018,4.70440728168413,1.0019692886042917,0.9897450143550288,0.9897450145883904,0.993749679690692,0.989143967628479,XGBoost,81,1567350,4018,4.601305088168388,1.0565893650054932,0.9901896119117736,0.9901896,0.9925280640750644,-0.0010456442832945667,0.0006010467265498143
1,snowc,34,Random Forest,19350,4018,4.583604563282488,0.9448265470000212,0.9907565326688544,0.9907565325078368,0.9943294782638188,0.9901323318481444,XGBoost,81,1567350,4018,4.51812569300944,0.9191872477531432,0.9910187125205994,0.9910187,0.9938648391920368,-0.000886380672454945,0.0006242008207100191
1,snowc,35,Random Forest,19350,4018,4.408095089205595,0.941620543629586,0.9914496519642072,0.991449651907504,0.9943345686388658,0.9903468489646912,XGBoost,81,1567350,4018,4.481720780206349,0.9534534811973572,0.9911616444587708,0.99116164,0.9937424076825456,-0.0008147954940795898,0.0011028029995160393
1,snowc,36,Random Forest,19350,4018,4.497049145202535,0.983716726427256,0.9908834459602436,0.9908834467892824,0.9935626279643424,0.9900054335594176,XGBoost,81,1567350,4018,4.581951950440714,1.0416990518569946,0.9905359745025636,0.990536,0.9929470204497272,-0.000530540943145974,0.0008780124008259671
1,snowc,37,Random Forest,19350,4018,4.715961471348885,1.0731981079646995,0.9899506869084972,0.9899506859010152,0.9935139534683036,0.9890243411064148,XGBoost,81,1567350,4018,4.78470720947942,1.1026307344436646,0.9896555542945862,0.98965555,0.9924966316460574,-0.0006312131881713867,0.0009263458020823956
1,snowc,38,Random Forest,19350,4018,4.744637778367616,1.0866746946791717,0.9896843589067446,0.9896843583046652,0.9936065639499764,0.9889293313026428,XGBoost,81,1567350,4018,4.849557459196543,1.141446828842163,0.989223062992096,0.98922306,0.9922801254818736,-0.000293731689453125,0.0007550276041017323
1,snowc,39,Random Forest,19350,4018,4.652072195958016,0.8577929509141285,0.9907152843732336,0.9907152852902916,0.9941077859486084,0.9905501008033752,XGBoost,81,1567350,4018,4.510615437674432,0.8901551365852356,0.9912713170051576,0.9912713,0.9929062139749494,-0.0007212162017823376,0.00016518356985839588
1,snowc,40,Random Forest,19350,4018,4.912017437001724,0.8782471454777645,0.9896791150822416,0.9896791158694368,0.9937552786648004,0.9898799657821656,XGBoost,81,1567350,4018,4.846658141291771,0.9114367961883544,0.9899519681930542,0.98995197,0.993214127341426,-7.200241088856085e-05,-0.0002008506999240378
1,snowc,41,Random Forest,19350,4018,4.997749166658502,0.9714169969990288,0.9891636562533892,0.9891636564764876,0.9931166132704248,0.989035665988922,XGBoost,81,1567350,4018,4.92307811746216,0.9278201460838318,0.9894850254058838,0.989485,0.9935973987942528,-0.00044935941696178094,0.00012799026446719264
1,snowc,42,Random Forest,19350,4018,4.590430285731657,0.8414194609737773,0.9908499723715158,0.9908499718762168,0.9940039935749452,0.9898052215576172,XGBoost,81,1567350,4018,4.7637189211365865,0.88363116979599,0.9901461005210876,0.9901461,0.9934031398422576,-0.000340878963470459,0.0010447508138986539
1,snowc,43,Random Forest,19350,4018,4.324055117944275,0.7336879007250466,0.9920781737692572,0.9920781734524232,0.9950969520042487,0.9919853806495668,XGBoost,81,1567350,4018,4.314815839283145,0.7493752837181091,0.9921119809150696,0.992112,0.9940667324667088,-0.00012660026550281867,9.279311969045967e-05
1,snowc,44,Random Forest,19350,4018,4.009963989532049,0.6570892163089675,0.9932972303611382,0.9932972302408536,0.9954854434300489,0.9923837780952454,XGBoost,81,1567350,4018,4.175525454045612,0.7304697036743164,0.9927323460578918,0.99273235,0.9939465503306972,-0.0003485679626464844,0.000913452265892789
1,snowc,45,Random Forest,19350,4018,4.319273230761542,0.7037551974699461,0.9921838511394944,0.9921838507114848,0.994740433843517,0.992310643196106,XGBoost,81,1567350,4018,4.3874191581038255,0.7980461120605469,0.9919352531433104,0.99193525,0.9927958663608348,0.0003753900527955212,-0.00012679205661159099
1,snowc,46,Random Forest,19350,4018,4.307815282247878,0.7339459820569213,0.992198260514619,0.9921982604262568,0.9945790894832346,0.991108536720276,XGBoost,81,1567350,4018,4.551458716003194,0.8648350834846497,0.991290807723999,0.9912908,0.9927299618569804,-0.0001822710037230335,0.0010897237943430227
1,snowc,47,Random Forest,19350,4018,4.672237480358103,0.8552827828439034,0.9905028087916188,0.9905028104596714,0.9937192089544684,0.9897891283035278,XGBoost,81,1567350,4018,4.717550769526654,0.8981786370277405,0.990317702293396,0.9903177,0.9939296165636732,-0.0005285739898681641,0.0007136804880909509
1,snowc,48,Random Forest,19350,4018,4.689762897880713,0.9331711282584108,0.9903240626096224,0.9903240622747363,0.9934124818051726,0.9896828532218932,XGBoost,81,1567350,4018,4.730344964446675,0.9622542262077332,0.9901558756828308,0.9901559,0.993847196215964,-0.000473022460937611,0.000641209387729158
1,snowc,49,Random Forest,19350,4018,4.74302601632658,1.0240821416211563,0.9899006984812628,0.9899007002361584,0.9929203123336514,0.9893082976341248,XGBoost,81,1567350,4018,4.812985284291004,1.07020902633667,0.9896005988121032,0.9896006,0.9923878460052282,-0.0002923011779784046,0.0005924008471380748
1,snowc,50,Random Forest,19350,4018,4.843235438228065,1.1236849804705211,0.9893299380633184,0.989329937465854,0.9930510568303952,0.988467276096344,XGBoost,81,1567350,4018,4.929923509851677,1.1701520681381226,0.9889445304870604,0.98894453,0.9920947756940476,-0.0004772543907164417,0.0008626619669743762
1,snowc,51,Random Forest,19350,4018,4.53038205650069,0.91552033640746,0.99121399105519,0.991213992086876,0.9943789106697768,0.9905686974525452,XGBoost,81,1567350,4018,4.4941851876050105,0.9452939629554749,0.9913538098335266,0.9913538,0.9934916715619462,-0.0007851123809814453,0.0006452936026448697
1,snowc,52,Random Forest,19350,4018,4.6599964396154885,0.9611872815426424,0.9905651038496812,0.990565103683702,0.9937801636003256,0.9903593063354492,XGBoost,81,1567350,4018,4.535041433058859,0.9911713004112244,0.9910643100738524,0.9910643,0.992985858635572,-0.0007050037384032093,0.00020579751423199788
1,snowc,53,Random Forest,19350,4018,4.6765803688849665,0.9716407142218564,0.9904647057161308,0.9904647042676102,0.9936387485389832,0.9899142384529114,XGBoost,81,1567350,4018,4.73595137837943,1.0261316299438477,0.9902210831642152,0.9902211,0.9930764283969686,-0.00030684471130382196,0.0005504672632193897
1,snowc,54,Random Forest,19350,4018,4.876274610140377,1.0175215603538248,0.9897219766100224,0.9897219775253152,0.9929765237790024,0.9887407422065736,XGBoost,81,1567350,4018,4.832664355755593,1.0144697427749634,0.9899049997329712,0.989905,0.9929627849133872,-0.001164257526397594,0.0009812344034487719
1,snowc,55,Random Forest,19350,4018,4.688712653735704,0.8869693637977433,0.990626424210286,0.9906264240611132,0.9935798153252586,0.9901980757713318,XGBoost,81,1567350,4018,4.616336234119047,0.9272283315658568,0.9909135699272156,0.99091357,0.9931741300238291,-0.0007154941558837891,0.00042834843895422914
1,snowc,56,Random Forest,19350,4018,4.483737081347876,0.8577387045165559,0.9914300110343098,0.9914300115582326,0.9934052655470949,0.9903401732444764,XGBoost,81,1567350,4018,4.497661194724896,0.8975194692611694,0.9913766980171204,0.9913767,0.9930225943853098,-0.001036524772643932,0.0010898377898334033
1,snowc,57,Random Forest,19350,4018,4.485388739739364,0.8636355801468074,0.9913846188684714,0.9913846187109356,0.9936855203008232,0.9899198412895204,XGBoost,81,1567350,4018,4.501566720131005,0.9182206392288208,0.9913223385810852,0.99132234,0.9929232727157468,-0.0014024972915648304,0.0014647775789510264
1,snowc,58,Random Forest,19350,4018,4.568854856563846,0.920462746223085,0.9908155487902524,0.9908155482665798,0.9942841405647272,0.989783525466919,XGBoost,81,1567350,4018,4.611897234311875,0.965660035610199,0.990641713142395,0.9906417,0.9933618959672976,-0.0008581876754760742,0.0010320233233334086
1,snowc,59,Random Forest,19350,4018,4.700158257711828,1.014480098707295,0.9900767377689748,0.9900767381194768,0.993304114069856,0.9893048405647278,XGBoost,81,1567350,4018,4.7603037658703435,1.0639086961746216,0.9898211359977722,0.98982114,0.9923337715475126,-0.0005162954330444336,0.0007718972042469741
1,snowc,60,Random Forest,19350,4018,5.011579592351788,1.1360014042313296,0.9887411140801106,0.988741113758737,0.9919823302258354,0.9882033467292786,XGBoost,81,1567350,4018,5.055329884859244,1.1539061069488523,0.988543689250946,0.9885437,0.9921219167579703,-0.00034034252166748047,0.0005377673508319969
1,snowc,61,Random Forest,19350,4018,5.119450211119132,1.2209532193884631,0.9879020440164908,0.9879020425810258,0.9922914124186716,0.9868990182876588,XGBoost,81,1567350,4018,5.213489187956513,1.2566391229629517,0.9874535202980042,0.9874535,0.9916193036721744,-0.000554502010345348,0.001003025728832041
1,snowc,62,Random Forest,19350,4018,4.9666413706570465,1.1710860035581343,0.9885638346796198,0.9885638335057584,0.9928601712349292,0.9881083965301514,XGBoost,81,1567350,4018,5.010757318390963,1.3518449068069458,0.9883597493171692,0.98835975,0.9887912397838852,-0.00025135278701782227,0.00045543814946846783
1,snowc,63,Random Forest,19350,4018,4.488584757193051,0.9968856731155554,0.9913720263096332,0.9913720268479552,0.9936675464390862,0.990349531173706,XGBoost,81,1567350,4018,4.402722617417869,0.9901182055473328,0.9916989803314208,0.991699,0.993299769674625,-0.0013494491577147327,0.001022495135927115
1,snowc,64,Random Forest,19350,4018,4.225810627649477,0.8913558913999476,0.992287307015312,0.9922873070893844,0.994589474177321,0.991756796836853,XGBoost,81,1567350,4018,4.3045678650004495,0.991136372089386,0.9919971227645874,0.9919971,0.9933380900725438,-0.000240325927734375,0.0005305101784589539
1,snowc,65,Random Forest,19350,4018,4.171407640680038,0.8615205423360782,0.9924698255184796,0.9924698248816682,0.9948049796667092,0.992311716079712,XGBoost,81,1567350,4018,4.206093799700606,0.9912859201431274,0.992344081401825,0.9923441,0.9928261658403944,-3.236532211292609e-05,0.0001581094387675952
1,snowc,66,Random Forest,19350,4018,4.138722403278654,0.8797566339314079,0.9924957751020008,0.9924957757436368,0.9946861507176256,0.9918564558029176,XGBoost,81,1567350,4018,4.249800284685952,1.0200597047805786,0.9920875430107116,0.99208754,0.9926404609249688,-0.0002310872077939674,0.0006393192990832297
1,snowc,67,Random Forest,19350,4018,4.6364616891442205,0.9937756653174126,0.9907179188770248,0.9907179192214728,0.9939957982430072,0.9899946451187134,XGBoost,81,1567350,4018,4.655070520311402,1.0360183715820312,0.9906432628631592,0.99064326,0.9927290959366192,-0.0006486177444458008,0.0007232737583113824
1,snowc,68,Random Forest,19350,4018,5.084092172078343,1.1367501812777834,0.9885867076310316,0.9885867079705704,0.9929761094359516,0.988022804260254,XGBoost,81,1567350,4018,4.9992587493760405,1.1287349462509155,0.9889644384384156,0.98896444,0.992575301067552,-0.0009416341781616211,0.0005639033707776075
1,snowc,69,Random Forest,19350,4018,5.012187715163677,1.12037589835294,0.9886726005044204,0.9886725996867068,0.9927883960628788,0.9874601364135742,XGBoost,81,1567350,4018,5.067222935273012,1.1761884689331057,0.9884224534034728,0.98842245,0.9925092759152132,-0.0009623169898985706,0.0012124640908461881
1,snowc,70,Random Forest,19350,4018,5.137750908091169,1.216318282646543,0.9879944712619416,0.9879944717747354,0.9922806774209098,0.9874674677848816,XGBoost,81,1567350,4018,5.139718668619296,1.227260947227478,0.9879852533340454,0.98798525,0.991920863187184,-0.0005177855491638184,0.0005270034770600285
1,snowc,71,Random Forest,19350,4018,4.947304149877301,1.1953179186134557,0.9888780912876785,0.9888780918228556,0.9924039866955175,0.9876131415367126,XGBoost,81,1567350,4018,5.154036168034828,1.2301812171936035,0.9879291653633118,0.98792917,0.9920055112174708,-0.0003160238265991211,0.0012649497509658048
1,snowc,72,Random Forest,19350,4018,4.668998233210003,1.0671044711675837,0.990240748726765,0.9902407485697254,0.9925554742196052,0.9893571734428406,XGBoost,81,1567350,4018,4.812812497780684,1.1336276531219482,0.9896302819252014,0.9896303,0.9921940168059974,-0.00027310848236083984,0.0008835752839244648
1,snowc,73,Random Forest,19350,4018,4.776717362396487,1.093000839486418,0.9896669771916694,0.9896669764406104,0.9931103858109342,0.9896575808525084,XGBoost,81,1567350,4018,4.68254865451022,1.1563763618469238,0.9900704026222228,0.9900704,0.9917485614903464,-0.00041282176971435547,9.396339160971934e-06
1,snowc,74,Random Forest,19350,4018,4.843943502436307,1.2718993822602878,0.9883423700109848,0.98834236939272,0.9929014338765207,0.9879487752914428,XGBoost,81,1567350,4018,4.78758826908979,1.35022234916687,0.9886120557785034,0.98861206,0.9919928788496476,-0.0006632804870606579,0.0003935947195420342
1,snowc,75,Random Forest,19350,4018,5.278942749577209,1.3483697952978484,0.9870372554153232,0.9870372551774644,0.9914983758441042,0.9867771863937378,XGBoost,81,1567350,4018,5.2343190659907926,1.4081850051879885,0.9872554540634156,0.98725545,0.9907984917471164,-0.0004782676696778454,0.00026006902158537404
1,snowc,76,Random Forest,19350,4018,5.401585667543546,1.3892352277821185,0.986331513263946,0.9863315127686928,0.9906996204049292,0.9857723116874696,XGBoost,81,1567350,4018,5.503340660258236,1.486057162284851,0.985811710357666,0.9858117,0.9904933119508884,-3.939867019642218e-05,0.0005592015764763758
1,snowc,77,Random Forest,19350,4018,4.877818964743535,1.1923275605559345,0.9890517712055826,0.9890517708012326,0.9921144012988828,0.988932192325592,XGBoost,81,1567350,4018,4.936811761331526,1.2956700325012207,0.9887853264808656,0.9887853,0.991437438788029,0.00014686584472645148,0.00011957887999058947
1,snowc,78,Random Forest,19350,4018,4.6469950599375025,1.0908150493154491,0.9902167773194596,0.990216777030989,0.9933936106125,0.989959478378296,XGBoost,81,1567350,4018,4.623580302321105,1.1650031805038452,0.9903151392936708,0.99031514,0.9924262288169398,-0.00035566091537475586,0.0002572989411635529
1,snowc,79,Random Forest,19350,4018,4.468699975147213,1.1604613808913125,0.9904474078096746,0.9904474082066104,0.9934993824614928,0.989782214164734,XGBoost,81,1567350,4018,4.534657427078371,1.2308197021484375,0.9901633262634276,0.9901633,0.9926438547409706,-0.0003811120986936256,0.0006651936449405538
1,snowc,80,Random Forest,19350,4018,5.228504946749434,1.396463477084117,0.9870015862333312,0.987001585418217,0.9907446407567132,0.9871103167533876,XGBoost,81,1567350,4018,5.15276352890983,1.4524519443511963,0.9873754382133484,0.98737544,0.9906340399602112,-0.0002651214599608265,-0.00010873052005633266
1,snowc,81,Random Forest,19350,4018,5.031996737597606,1.3299846061733724,0.9877803557447328,0.9877803559043667,0.991594594608566,0.9877296090126038,XGBoost,81,1567350,4018,5.060708188040677,1.4421026706695557,0.9876405000686646,0.9876405,0.9910277835068416,8.910894393920898e-05,5.074673212901448e-05
1,sd,0,Random Forest,19350,4018,0.0018643870992355,0.000551943519398,0.9918497077714388,0.991849707009676,0.9828733243009036,0.989839494228363,XGBoost,81,1567350,4018,0.0023710131098288,0.0009764271089807,0.9868183732032776,0.9868184,0.9093268044694368,0.0030211210250854492,0.002010213543075734
1,sd,1,Random Forest,19350,4018,0.0030292899936185,0.0011202314946866,0.9976750712736536,0.9976750712994432,0.9911978975358706,0.9971659779548644,XGBoost,81,1567350,4018,0.0033684670575771,0.0013912301510572,0.9971253275871276,0.9971253,0.9890254390677272,4.0650367736816406e-05,0.0005090933187892333
1,sd,2,Random Forest,19350,4018,0.0029960788449391,0.0011186220065327,0.9972286475469588,0.997228647326458,0.990422580955954,0.9967449307441713,XGBoost,81,1567350,4018,0.0035264182464977,0.0015067986678332,0.9961606860160828,0.9961607,0.983190212125249,0.0005842447280884899,0.00048371680278758156
1,sd,3,Random Forest,19350,4018,0.003176078868184,0.0012266151263438,0.9973839029414572,0.9973839031811312,0.9897309376415584,0.9971269965171814,XGBoost,81,1567350,4018,0.0034763884228719,0.001517248689197,0.9968658089637756,0.9968658,0.9844075433826612,0.0002611875534057617,0.00025690642427578236
1,sd,4,Random Forest,19350,4018,0.0032562480880452,0.0013345579976431,0.998426900867127,0.9984269008972,0.9929750370575092,0.9981289505958556,XGBoost,81,1567350,4018,0.0036878675831126,0.0016630516620352,0.9979822039604188,0.9979822,0.9869347615905152,0.00014674663543678967,0.000297950271271441
1,sd,5,Random Forest,19350,4018,0.0040370695576658,0.0015371470530629,0.9983479801926518,0.9983479802468176,0.9939435247867504,0.9980874061584472,XGBoost,81,1567350,4018,0.0043361653079349,0.0018043083837255,0.9980941414833068,0.99809414,0.9899230891121994,-6.735324859619141e-06,0.0002605740342046525
1,sd,6,Random Forest,19350,4018,0.0045176738249653,0.001853012571666,0.998822577582475,0.9988225775989448,0.994643452383927,0.9986780285835266,XGBoost,81,1567350,4018,0.0048786564738141,0.0018944791518151,0.9986268877983092,0.9986269,0.997343497584157,5.114078521739618e-05,0.00014454899894833506
1,sd,7,Random Forest,19350,4018,0.0045079567534547,0.001868202713259,0.9988574794872866,0.9988574795448188,0.9943573508276649,0.9986639618873596,XGBoost,81,1567350,4018,0.0047172948415105,0.00187558401376,0.9987488985061646,0.9987489,0.9991945092547102,-8.493661880493164e-05,0.00019351759992702888
1,sd,8,Random Forest,19350,4018,0.004526615569197,0.0019691345551882,0.9989174450554984,0.9989174450522814,0.9940884340427522,0.9987366795539856,XGBoost,81,1567350,4018,0.004744307833903,0.0020432735327631,0.9988108277320862,0.9988108,0.995412125384064,-7.414817810058594e-05,0.0001807655015128029
1,sd,9,Random Forest,19350,4018,0.0045735196092746,0.0020600960572107,0.9990867924120136,0.999086792414829,0.9939827752948738,0.9989767670631408,XGBoost,81,1567350,4018,0.0049204822427161,0.0022461598273366,0.9989429712295532,0.998943,0.9949525957980934,3.379583358753546e-05,0.0001100253488728331
1,sd,10,Random Forest,19350,4018,0.0044302906454372,0.0020080688411837,0.9991770529726876,0.9991770529264477,0.9950896578056456,0.9990249872207642,XGBoost,81,1567350,4018,0.0047720017919701,0.0021981811150908,0.999045193195343,0.9990452,0.995407134632127,-2.0205974578857422e-05,0.00015206575192339145
1,sd,11,Random Forest,19350,4018,0.0044125731309101,0.0018444619705581,0.9988677907869716,0.9988677907262244,0.9948870937380216,0.998693585395813,XGBoost,81,1567350,4018,0.0047209593184289,0.0020087466109544,0.9987040162086488,0.998704,0.9970653948800208,-1.0430812835804382e-05,0.00017420539115864386
1,sd,12,Random Forest,19350,4018,0.0043911033875915,0.0018173756029352,0.9988227985171222,0.998822798566624,0.9953881793771364,0.9987112283706664,XGBoost,81,1567350,4018,0.0045826705434962,0.0018993666162714,0.9987178444862366,0.99871784,0.9990934909646986,-6.616115570179382e-06,0.00011157014645579721
1,sd,13,Random Forest,19350,4018,0.0043415885802857,0.0018583643469693,0.9988949324123916,0.9988949324409916,0.9935172651322018,0.9988279342651368,XGBoost,81,1567350,4018,0.0045564794366524,0.0017683614278212,0.9987828135490416,0.9987828,0.9929116793041812,4.512071609519275e-05,6.699814725474873e-05
1,sd,14,Random Forest,19350,4018,0.0043623820256746,0.001903873195143,0.9990174349986246,0.9990174350071194,0.9944711594153968,0.9988678097724916,XGBoost,81,1567350,4018,0.0047101434796074,0.0020371954888105,0.9988545179367064,0.9988545,0.9980516880944604,1.3291835785134154e-05,0.0001496252261330433
1,sd,15,Random Forest,19350,4018,0.004507057158226,0.0019732038116833,0.9991089877848424,0.9991089877618332,0.9948462952033338,0.998986005783081,XGBoost,81,1567350,4018,0.0049445334300321,0.0021823111455887,0.9989275932312012,0.9989276,0.9953846012651164,5.841255187988281e-05,0.00012298200176130702
1,sd,16,Random Forest,19350,4018,0.0045580488686602,0.0019663569505485,0.998906381226865,0.9989063812969629,0.9935695042581176,0.9987381100654602,XGBoost,81,1567350,4018,0.0049198520878181,0.0022044393699616,0.9987258911132812,0.9987259,0.9967671665660184,1.2218952178955078e-05,0.00016827116140483156
1,sd,17,Random Forest,19350,4018,0.0045001068993598,0.0018877474930787,0.9988829563852588,0.9988829564088132,0.9951785195566926,0.9986830949783324,XGBoost,81,1567350,4018,0.0047020457381325,0.0019017312442883,0.9987804293632508,0.9987804,0.9984763032839558,-9.733438491843494e-05,0.00019986140692640486
1,sd,18,Random Forest,19350,4018,0.0045521396136778,0.001973176420933,0.9989567333263228,0.9989567333531284,0.99399591438347,0.9987841248512268,XGBoost,81,1567350,4018,0.004850922696397,0.0020331477280706,0.9988152980804444,0.9988153,0.997815779577543,-3.117322921764032e-05,0.0001726084750960366
1,sd,19,Random Forest,19350,4018,0.0045747239348192,0.0019969627890881,0.9991235602149632,0.999123560180846,0.9960647265368616,0.9988993406295776,XGBoost,81,1567350,4018,0.0050888242034935,0.0022423204500228,0.9989154934883118,0.9989155,0.9967070857852566,-1.615285873413086e-05,0.00022421958538554332
1,sd,20,Random Forest,19350,4018,0.0048564697451816,0.0021591488947527,0.9991379003872364,0.9991379003403617,0.9948389407197076,0.9990187883377076,XGBoost,81,1567350,4018,0.0053075996753852,0.0023949244059622,0.9989702701568604,0.99897027,0.9948047538225028,4.851818084727899e-05,0.00011911204952874677
1,sd,21,Random Forest,19350,4018,0.0046743466941773,0.0020685932486492,0.9991042773983784,0.999104277400104,0.9953283735512932,0.9989025592803956,XGBoost,81,1567350,4018,0.0050922591906082,0.0021991159301251,0.9989369511604308,0.99893695,0.998921541751142,-3.4391880035178346e-05,0.00020171811798275208
1,sd,22,Random Forest,19350,4018,0.0045808748255241,0.0020157634806779,0.9990883726069608,0.9990883724910694,0.9957832929326476,0.9989199042320251,XGBoost,81,1567350,4018,0.0048177933153492,0.0019852523691952,0.99899160861969,0.9989916,0.9958610709567258,-7.170438766490594e-05,0.0001684683749356708
1,sd,23,Random Forest,19350,4018,0.0044604672829452,0.0019639720168285,0.9990743042364666,0.9990743041970312,0.9954274678692744,0.9989291429519652,XGBoost,81,1567350,4018,0.0047229447412639,0.002062281826511,0.9989621639251708,0.99896216,0.9988286793125852,-3.3020973205566406e-05,0.00014516128450137167
1,sd,24,Random Forest,19350,4018,0.0040428002877399,0.0017730423059759,0.9989951856161042,0.9989951855260382,0.9953207628292352,0.9988505244255066,XGBoost,81,1567350,4018,0.0042862736988879,0.0019866214133799,0.9988704919815063,0.9988705,0.993162717536014,-1.996755599975586e-05,0.00014466119059763916
1,sd,25,Random Forest,19350,4018,0.0034640110509203,0.0014527375674955,0.9987392266877712,0.9987392266875031,0.9950914825135628,0.9984752535820008,XGBoost,81,1567350,4018,0.0038142416205081,0.0017584105953574,0.9984713792800904,0.9984714,0.9894226268253355,3.874301910400391e-06,0.00026397310577030986
1,sd,26,Random Forest,19350,4018,0.0047067133972762,0.0021963912530201,0.9993299227208104,0.9993299226837452,0.996136721465164,0.9991551041603088,XGBoost,81,1567350,4018,0.0052849631153844,0.0023832388687878,0.9991551637649536,0.99915516,0.9977232040285366,-5.960464477539063e-08,0.0001748185605016106
1,sd,27,Random Forest,19350,4018,0.0046170945186567,0.0021209258878333,0.9992556254167364,0.999255625406025,0.9959882367526116,0.9990930557250975,XGBoost,81,1567350,4018,0.0050812395839415,0.0021818282548338,0.9990984201431274,0.9990984,0.9968960703690352,-5.3644180298961786e-06,0.0001625696916388586
1,sd,28,Random Forest,19350,4018,0.0046571927645212,0.0021500399270786,0.9992103370370854,0.9992103370307748,0.9949998095931002,0.9990651607513428,XGBoost,81,1567350,4018,0.0050092077322223,0.002188755897805,0.9990864396095276,0.99908644,0.998715029243038,-2.1278858184814453e-05,0.00014517628574262087
1,sd,29,Random Forest,19350,4018,0.0047973447114518,0.0022453258593188,0.9992803665385748,0.9992803665570954,0.9959957056663888,0.999103844165802,XGBoost,81,1567350,4018,0.0052913763263297,0.0024458814878016,0.9991245269775392,0.9991245,0.998061492607443,-2.068281173717157e-05,0.0001765223727727694
1,sd,30,Random Forest,19350,4018,0.0048986445401072,0.002382241389125,0.999377214878352,0.9993772149016183,0.9960178056845512,0.9992666840553284,XGBoost,81,1567350,4018,0.0065669016258519,0.0028694563079625,0.9988808035850524,0.9988808,0.994546438091848,0.00038588047027598993,0.0001105308230235913
1,sd,31,Random Forest,19350,4018,0.004853355584718,0.0023367590649854,0.999347145244676,0.9993471452606818,0.9963311632404906,0.9992108941078186,XGBoost,81,1567350,4018,0.0057251991484619,0.0025984381791204,0.9990915060043336,0.9990915,0.9987299591111098,0.0001193881034849964,0.00013625113685744594
1,sd,32,Random Forest,19350,4018,0.0045997627948799,0.0021185371310551,0.9992354091446972,0.999235409142505,0.9958983027541938,0.99906325340271,XGBoost,81,1567350,4018,0.0051130049363355,0.0023783294018357,0.99905526638031,0.99905527,0.998280498715206,7.987022400013366e-06,0.00017215574198725658
1,sd,33,Random Forest,19350,4018,0.00457270260083,0.0021357183377283,0.9992166635499355,0.9992166635796432,0.9953456822200044,0.9991034269332886,XGBoost,81,1567350,4018,0.0049781326130923,0.0023266449570655,0.9990715980529784,0.9990716,0.9962337103621602,3.1828880310169616e-05,0.00011323661664697227
1,sd,34,Random Forest,19350,4018,0.004733653842089,0.0022480667612109,0.9992597310813488,0.9992597310652304,0.9946719301493632,0.99917471408844,XGBoost,81,1567350,4018,0.0051427994372641,0.0024506140034645,0.9991262555122375,0.99912626,0.995509647933902,4.84585762025036e-05,8.501699290874853e-05
1,sd,35,Random Forest,19350,4018,0.0045130650173592,0.002109309817842,0.9992693461231612,0.9992693460786088,0.9959779970239308,0.9991028904914856,XGBoost,81,1567350,4018,0.005043450877547,0.0023788872640579,0.9990875124931335,0.9990875,0.99559068173719,1.537799835205078e-05,0.0001664556316756105
1,sd,36,Random Forest,19350,4018,0.0043699653265958,0.0019921682581801,0.9991465940622208,0.9991465940075156,0.9953662494648248,0.998968780040741,XGBoost,81,1567350,4018,0.0046810878200556,0.0022086680401116,0.9990207552909852,0.99902076,0.996018237655329,-5.197525024425165e-05,0.0001778140214798718
1,sd,37,Random Forest,19350,4018,0.0041204147296286,0.0018593604671522,0.9990526376774016,0.999052637622018,0.9943544705810026,0.998912274837494,XGBoost,81,1567350,4018,0.0043645838385028,0.0020442472305148,0.9989370107650756,0.998937,0.9948351306367172,-2.4735927581565065e-05,0.0001403628399075929
1,sd,38,Random Forest,19350,4018,0.0038231281470575,0.0016986630672035,0.9990432516047708,0.9990432515753808,0.9956796493562314,0.9988940954208374,XGBoost,81,1567350,4018,0.0041724976640179,0.0019665132276713,0.9988604187965392,0.9988604,0.9931544257826136,3.3676624298206725e-05,0.00014915618393340768
1,sd,39,Random Forest,19350,4018,0.0052197679472755,0.0025825366686318,0.9994150051573656,0.9994150051541396,0.9962653383784602,0.9992135167121888,XGBoost,81,1567350,4018,0.0081518746214724,0.0033071942161768,0.9985731840133668,0.9985732,0.995291602878315,0.0006403326988220215,0.00020148844517675624
1,sd,40,Random Forest,19350,4018,0.005178522390194,0.0024699044180829,0.9993400254929352,0.9993400255277248,0.9960332849678224,0.9990742206573486,XGBoost,81,1567350,4018,0.006377448834734,0.0027832223568111,0.9989990592002868,0.99899906,0.9988654653634668,7.51614570618786e-05,0.0002658048355865805
1,sd,41,Random Forest,19350,4018,0.0049990071525982,0.0023877995902747,0.9992953629997507,0.9992953629616113,0.9956457359829644,0.9991040825843812,XGBoost,81,1567350,4018,0.0060077437007316,0.0026738876476883,0.998982310295105,0.9989823,0.9982619625870336,0.00012177228927623407,0.00019128041536953244
1,sd,42,Random Forest,19350,4018,0.00508048854467,0.0024614686046179,0.99933574122571,0.9993357412049076,0.9955813633079202,0.999208927154541,XGBoost,81,1567350,4018,0.0063859932140859,0.0028915719594806,0.9989504814147948,0.9989505,0.9960056940554852,0.00025844573974620477,0.00012681407116899024
1,sd,43,Random Forest,19350,4018,0.0050956150794792,0.0025245787189239,0.9994088968309516,0.9994088968218388,0.9963816156807213,0.9992367029190063,XGBoost,81,1567350,4018,0.0067244165077383,0.0029535994399338,0.998970627784729,0.9989706,0.9958193617657014,0.00026607513427734375,0.0001721939119452287
1,sd,44,Random Forest,19350,4018,0.0050435037572063,0.0024679742074137,0.9994342779356956,0.9994342779391218,0.9968299190729736,0.9992569088935852,XGBoost,81,1567350,4018,0.0068135773944282,0.0029685131739825,0.9989675283432008,0.9989675,0.9953114698426376,0.00028938055038441046,0.00017736904211040905
1,sd,45,Random Forest,19350,4018,0.0050339918796503,0.0023936966508833,0.9993913353750454,0.9993913353185588,0.9970413659408076,0.9992520809173584,XGBoost,81,1567350,4018,0.0062838523401759,0.0028103671502321,0.999051570892334,0.9990516,0.9985529427705948,0.00020051002502441406,0.00013925445768703248
1,sd,46,Random Forest,19350,4018,0.0048347857997587,0.0023126886225076,0.9993463366476432,0.9993463367180998,0.9960252199809196,0.99920654296875,XGBoost,81,1567350,4018,0.0059353765842249,0.0026820672210305,0.9990148544311525,0.99901485,0.99601227387817,0.00019168853759754523,0.00013979367889316308
1,sd,47,Random Forest,19350,4018,0.004649130821861,0.0021938913711476,0.9992432138060502,0.9992432138116792,0.9954958522305164,0.9990952014923096,XGBoost,81,1567350,4018,0.0050620978814608,0.0023687970824539,0.999102771282196,0.9991028,0.9977802834616892,-7.569789886474609e-06,0.00014801231374061974
1,sd,48,Random Forest,19350,4018,0.0042955601840886,0.0020126081604586,0.9992301686399068,0.9992301686632242,0.9960705778592251,0.9990535378456116,XGBoost,81,1567350,4018,0.004700456867531,0.0022359422873705,0.9990782141685486,0.9990782,0.9974622167969428,-2.467632293701172e-05,0.00017663079429519613
1,sd,49,Random Forest,19350,4018,0.0038456440523122,0.0017414609649937,0.99918173846114,0.9991817384223632,0.9965238849896956,0.9989243745803832,XGBoost,81,1567350,4018,0.0043383264149359,0.0020714025013148,0.9989586472511292,0.99895865,0.9951908814582762,-3.427267074596063e-05,0.00025736388075681127
1,sd,50,Random Forest,19350,4018,0.0036759628799718,0.0016604163491091,0.9989992658039616,0.9989992658002742,0.9959302295073492,0.998849093914032,XGBoost,81,1567350,4018,0.0039438975071433,0.0018940018489956,0.9988480806350708,0.9988481,0.9930814592857828,1.0132789611816406e-06,0.00015017188992960673
1,sd,51,Random Forest,19350,4018,0.004884337906309,0.0024324586921953,0.9994039178941762,0.999403917921442,0.9965736590396308,0.9991950988769532,XGBoost,81,1567350,4018,0.0063205064444048,0.0028655771166086,0.9990018606185912,0.99900186,0.996558992035424,0.00019323825836203845,0.00020881901722291651
1,sd,52,Random Forest,19350,4018,0.0048048530916422,0.0023582586489649,0.9993748345040636,0.9993748345018802,0.9964572703958902,0.999181628227234,XGBoost,81,1567350,4018,0.0060716170988499,0.0027305395342409,0.9990017414093018,0.99900174,0.9973865568582668,0.00017988681793223993,0.0001932062768296161
1,sd,53,Random Forest,19350,4018,0.0047137264577125,0.002312611280315,0.9993467613976692,0.9993467613862856,0.9957987752903108,0.9991706609725952,XGBoost,81,1567350,4018,0.0055765084489309,0.0026766310911625,0.9990857243537904,0.9990857,0.9985079480310978,8.493661880482062e-05,0.00017610042507398838
1,sd,54,Random Forest,19350,4018,0.0046943746142511,0.0023277431781175,0.999307379926676,0.999307379978344,0.9951946989025936,0.9991520047187804,XGBoost,81,1567350,4018,0.0052861689916908,0.0025235214270651,0.9991217255592346,0.9991217,0.9982575174604068,3.0279159545787415e-05,0.00015537520789554726
1,sd,55,Random Forest,19350,4018,0.0046156554965553,0.0022405454998937,0.9993484602372322,0.9993484602378458,0.9961123691531292,0.9991836547851562,XGBoost,81,1567350,4018,0.0051913376823192,0.0024454467929899,0.999175786972046,0.9991758,0.9982015172736464,7.86781311024054e-06,0.00016480545207597785
1,sd,56,Random Forest,19350,4018,0.0045820816127221,0.0022032756900881,0.9993454815406432,0.9993454815336368,0.9963594576044318,0.9991468787193298,XGBoost,81,1567350,4018,0.0051651682419557,0.0024268475826829,0.9991682767868042,0.9991683,0.9992912255563527,-2.1398067474365234e-05,0.00019860282131334284
1,sd,57,Random Forest,19350,4018,0.004449998948152,0.0021517876139004,0.9993216263677,0.9993216263705884,0.9958476150940004,0.9991461634635924,XGBoost,81,1567350,4018,0.0048810853362132,0.0023353490978479,0.9991838335990906,0.99918383,0.998974980817095,-3.76701354981579e-05,0.0001754629041076372
1,sd,58,Random Forest,19350,4018,0.0042722952887701,0.0020660093184404,0.9992566892819182,0.9992566893185504,0.9952845553312082,0.9990949630737304,XGBoost,81,1567350,4018,0.0046757779355423,0.0022458375897258,0.99910968542099,0.9991097,0.9990604495052536,-1.4722347259632507e-05,0.00016172620818788452
1,sd,59,Random Forest,19350,4018,0.0039522059533526,0.001824425362534,0.9991810039586028,0.9991810039127256,0.9963933145215922,0.9989966154098512,XGBoost,81,1567350,4018,0.0043199322292489,0.0020536049269139,0.9990215301513672,0.99902153,0.9972005633094512,-2.491474151600226e-05,0.0001843885487515795
1,sd,60,Random Forest,19350,4018,0.003761805632294,0.0017233555011289,0.9990840500320086,0.9990840500736394,0.9958936083357172,0.9989491105079652,XGBoost,81,1567350,4018,0.0041121149308365,0.0019933108706027,0.9989055395126344,0.99890554,0.9940379877213924,4.357099533081055e-05,0.00013493952404342036
1,sd,61,Random Forest,19350,4018,0.0034948668427119,0.0015499639096628,0.9989418701231696,0.9989418701150246,0.99590555605036,0.998792827129364,XGBoost,81,1567350,4018,0.0037300087381997,0.0018125890055671,0.998794674873352,0.9987947,0.9919695566401168,-1.8477439880371094e-06,0.0001490429938055815
1,sd,62,Random Forest,19350,4018,0.0032159868194832,0.0014050303499529,0.9988915130894812,0.9988915130268584,0.99639213741928,0.9987452626228333,XGBoost,81,1567350,4018,0.0034277125939756,0.0016791477100923,0.9987407326698304,0.99874073,0.9913362800298688,4.529953002818665e-06,0.00014625046664795693
1,sd,63,Random Forest,19350,4018,0.0046061065000427,0.0022482951325782,0.9994130924818582,0.9994130924714406,0.9974939073644304,0.9991869926452636,XGBoost,81,1567350,4018,0.0056884964647886,0.0026989807374775,0.9991048574447632,0.99910486,0.999070099067732,8.213520050037726e-05,0.00022609983659460653
1,sd,64,Random Forest,19350,4018,0.0046421320656061,0.0023585788744125,0.9993922817946328,0.9993922818158328,0.9967160018215132,0.9992078542709352,XGBoost,81,1567350,4018,0.0057051603400672,0.0026975849177688,0.999082088470459,0.9990821,0.9989308120369828,0.00012576580047618524,0.00018442752369762783
1,sd,65,Random Forest,19350,4018,0.0045347046035672,0.0023049155076643,0.9994005801217084,0.999400580183148,0.9972228089136972,0.9992099404335022,XGBoost,81,1567350,4018,0.0053238038245769,0.0026210641954094,0.9991738200187684,0.9991738,0.9959750633790708,3.6120414733775696e-05,0.0001906396882062067
1,sd,66,Random Forest,19350,4018,0.004347492381412,0.0021651776079437,0.9993966950455384,0.9993966950416596,0.9973856673479554,0.9991270303726196,XGBoost,81,1567350,4018,0.0049246262410681,0.0024531895760446,0.9992258548736572,0.99922585,0.9980491301944352,-9.882450103759766e-05,0.00026966467291877905
1,sd,67,Random Forest,19350,4018,0.0040619801021399,0.0019794003966185,0.9993434483390004,0.9993434482898716,0.9969488876537452,0.9991096258163452,XGBoost,81,1567350,4018,0.0046689149909913,0.0023040103260427,0.9991325736045836,0.9991326,0.9973618413254338,-2.294778823841437e-05,0.00023382252265513603
1,sd,68,Random Forest,19350,4018,0.0038113464619436,0.0018417085916636,0.9992483431244852,0.9992483431028342,0.9953522298990256,0.9990463256835938,XGBoost,81,1567350,4018,0.0041995461902509,0.0020476735662668,0.9990874528884888,0.99908745,0.9976522438157226,-4.112720489501953e-05,0.00020201744089143325
1,sd,69,Random Forest,19350,4018,0.0037625131415406,0.0017551115395606,0.999111246641306,0.9991112466588468,0.9958519737270328,0.998928725719452,XGBoost,81,1567350,4018,0.0040800681713403,0.0020217038691043,0.9989548921585084,0.9989549,0.9962877880435916,-2.6166439056396484e-05,0.00018252092185400137
1,sd,70,Random Forest,19350,4018,0.0035377720894284,0.0016410635569791,0.9990444742481756,0.9990444742513044,0.9957357962274188,0.9988268613815308,XGBoost,81,1567350,4018,0.0038387131503443,0.0019111770670861,0.9988750219345092,0.998875,0.9942625844115384,-4.81605529784046e-05,0.00021761286664478963
1,sd,71,Random Forest,19350,4018,0.0033575677917579,0.0015180215444876,0.9989886601599528,0.9989886601484008,0.9965306766269052,0.9987871646881104,XGBoost,81,1567350,4018,0.0036856996665077,0.0018128415104001,0.9987813234329224,0.9987813,0.9925742524766352,5.841255187988281e-06,0.00020149547184244998
1,sd,72,Random Forest,19350,4018,0.0033117911943816,0.0015161742588273,0.9990002821616968,0.9990002821177024,0.9962205068479142,0.998764991760254,XGBoost,81,1567350,4018,0.0035154586566788,0.0017335121519863,0.99887353181839,0.99887353,0.9941578720004124,-0.00010854005813598633,0.00023529040144276703
1,sd,73,Random Forest,19350,4018,0.0030536587714103,0.0013932149670421,0.9989580922086572,0.9989580923076736,0.99645899634906,0.998712420463562,XGBoost,81,1567350,4018,0.003201044033567,0.0015983518678694,0.9988551139831544,0.9988551,0.9935952491688544,-0.00014269351959239618,0.0002456717450951551
1,sd,74,Random Forest,19350,4018,0.0026584305068133,0.0011494432781199,0.9986415205120732,0.9986415203804933,0.9961263092965844,0.9983546137809752,XGBoost,81,1567350,4018,0.0029873868892019,0.0014833069872111,0.9982845187187196,0.9982845,0.9900687939087496,7.009506225563733e-05,0.00028690673109799114
1,sd,75,Random Forest,19350,4018,0.0031918705902404,0.0014308489053114,0.9988661828953894,0.9988661828951312,0.9973674246315174,0.9986303448677064,XGBoost,81,1567350,4018,0.0034536278793514,0.0017031305469572,0.998672604560852,0.9986726,0.9945647196323828,-4.225969314564093e-05,0.00023583802768301076
1,sd,76,Random Forest,19350,4018,0.0029913159612627,0.0013105302457178,0.9987082645691264,0.9987082645043136,0.9967340884284666,0.998471736907959,XGBoost,81,1567350,4018,0.0033404268205369,0.0016636863583698,0.9983891844749452,0.9983892,0.9901438711909668,8.2552433013805e-05,0.0002365276611674405
1,sd,77,Random Forest,19350,4018,0.0029308574658739,0.0013012671866642,0.998807667684883,0.9988076676311856,0.996737737734042,0.9985301494598388,XGBoost,81,1567350,4018,0.0032737393222995,0.0015768700977787,0.9985123872756958,0.9985124,0.9936960204765116,1.7762184142955384e-05,0.00027751822504429313
1,sd,78,Random Forest,19350,4018,0.0028783805929517,0.0012782585885837,0.9988098470733796,0.9988098471322102,0.9960701289929068,0.9985930323600768,XGBoost,81,1567350,4018,0.0030733727369775,0.0015159709146246,0.998643159866333,0.99864316,0.9932701659998062,-5.012750625621454e-05,0.00021681471330281532
1,sd,79,Random Forest,19350,4018,0.0025908098213728,0.0011328758945843,0.9986244598464848,0.9986244598626364,0.9962697114763372,0.9984328150749208,XGBoost,81,1567350,4018,0.0029360746878104,0.0014797447947785,0.9982333779335022,0.9982334,0.9931042638150004,0.00019943714141856805,0.00019164477156408122
1,sd,80,Random Forest,19350,4018,0.0026537977208199,0.0011392476897903,0.9986255046070354,0.9986255046036284,0.9974487460097492,0.9984652996063232,XGBoost,81,1567350,4018,0.0029613771219867,0.0014005699194967,0.9982884526252748,0.99828845,0.9939251160677892,0.00017684698104847296,0.0001602050007121214
1,sd,81,Random Forest,19350,4018,0.0025294955840789,0.0010874931253367,0.9984876122490824,0.99848761219435,0.9966720353424844,0.9982555508613586,XGBoost,81,1567350,4018,0.0027859902138679,0.0013217297382652,0.9981653690338136,0.99816537,0.99197378398664,9.0181827545055e-05,0.00023206138772380314
1,smlt_mm,0,Extra Trees,19350,4018,0.4527376264911228,0.153107210572938,0.8947260847721992,0.8947260830466169,0.8827618400030939,0.9037339687347412,XGBoost,81,1567350,4018,0.5693258608520121,0.2230096310377121,0.8335248231887817,0.8335248,0.8278802783485664,0.07020914554595947,-0.00900788396254204
1,smlt_mm,1,Extra Trees,19350,4018,0.765213478942114,0.2804625195957577,0.8952489326512587,0.8952489332798507,0.9304572863373132,0.8926191926002502,XGBoost,81,1567350,4018,0.8141061972460594,0.3216209411621094,0.8814353346824646,0.88143533,0.8988840441506787,0.011183857917785645,0.0026297400510084668
1,smlt_mm,2,Extra Trees,19350,4018,0.6649922466389515,0.2687696433322089,0.906956376917374,0.9069563777933132,0.9246253636267392,0.9064149260520936,XGBoost,81,1567350,4018,0.7755155294598624,0.320631742477417,0.8734580874443054,0.8734581,0.9308808134535972,0.0329568386077882,0.0005414508652803462
1,smlt_mm,3,Extra Trees,19350,4018,0.6561488942653406,0.2676826656689046,0.9131986710254436,0.913198679202764,0.9351056938887782,0.9123147130012512,XGBoost,81,1567350,4018,0.7622743194418903,0.3201072812080383,0.8828495144844055,0.8828495,0.9328118984663676,0.029465198516845703,0.0008839580241923883
1,smlt_mm,4,Extra Trees,19350,4018,0.742040722320376,0.2973257411360023,0.913370676104628,0.9133706788708827,0.92907335194689,0.9118262529373168,XGBoost,81,1567350,4018,0.814073213298102,0.3396587669849396,0.895735502243042,0.8957355,0.936744868283727,0.01609075069427479,0.001544423167311182
1,smlt_mm,5,Extra Trees,19350,4018,0.8961010291326391,0.3159194820571438,0.912147530067396,0.9121475353012868,0.9397001400473076,0.9067508578300476,XGBoost,81,1567350,4018,0.9767687770424132,0.3632407188415527,0.8956184983253479,0.8956185,0.8565810562028023,0.011132359504699707,0.00539667223734841
1,smlt_mm,6,Extra Trees,19350,4018,1.057384357199174,0.3792215787768555,0.9202091171198624,0.9202091193378352,0.9433036747653628,0.9169708490371704,XGBoost,81,1567350,4018,1.1231187349631906,0.4272282719612121,0.909980058670044,0.90998006,0.8624433042239709,0.006990790367126465,0.0032382680826920085
1,smlt_mm,7,Extra Trees,19350,4018,1.049236490278249,0.3851258144249736,0.9234127751174728,0.9234127797450936,0.944872630344174,0.9198325276374816,XGBoost,81,1567350,4018,1.1017497559597575,0.4317808151245117,0.915554702281952,0.9155547,0.9162617624169724,0.004277825355529563,0.0035802474799911943
1,smlt_mm,8,Extra Trees,19350,4018,0.9904188124777318,0.3631408727287444,0.9361739079960372,0.9361739111712856,0.9378847411048428,0.9317534565925598,XGBoost,81,1567350,4018,1.0329842867510133,0.3996755182743072,0.9305698871612548,0.9305699,0.903408005736262,0.0011835694313050427,0.0044204514034773545
1,smlt_mm,9,Extra Trees,19350,4018,0.9520001470055096,0.3565910319831707,0.9426377100258058,0.9426377116946372,0.9333602418548944,0.935823917388916,XGBoost,81,1567350,4018,1.0014578801828535,0.3815231919288635,0.9365227818489076,0.9365228,0.9045589584744326,-0.0006988644599915661,0.006813792636889748
1,smlt_mm,10,Extra Trees,19350,4018,0.9850059378762102,0.3528900276795982,0.9412712243037236,0.9412712247941034,0.9282756688669702,0.9334970712661744,XGBoost,81,1567350,4018,1.0250644710082926,0.3714721202850342,0.9363973140716552,0.9363973,0.9167488161942776,-0.002900242805480735,0.007774153037549136
1,smlt_mm,11,Extra Trees,19350,4018,1.045222231063691,0.3733863186012843,0.9222967495372552,0.9222967511604964,0.9503600700564618,0.9148346185684204,XGBoost,81,1567350,4018,1.0903011442354609,0.4034417867660522,0.9154497385025024,0.91544974,0.91797113309705,-0.0006151199340820312,0.007462130968834746
1,smlt_mm,12,Extra Trees,19350,4018,1.0787505601356289,0.3814860271045014,0.9190966515979409,0.9190966531620596,0.9502357613037916,0.9138118028640748,XGBoost,81,1567350,4018,1.1206302016776313,0.4146424829959869,0.9126930236816406,0.912693,0.9410760404687102,0.001118779182434193,0.005284848733866032
1,smlt_mm,13,Extra Trees,19350,4018,1.1148275391602815,0.3882557383565671,0.9157703951683352,0.9157703872442754,0.9487572696719214,0.9078033566474916,XGBoost,81,1567350,4018,1.146027092012589,0.4168230891227722,0.9109899401664734,0.91098994,0.9383477088841488,-0.0031865835189818226,0.007967038520843683
1,smlt_mm,14,Extra Trees,19350,4018,1.0866453272271424,0.3819313657000434,0.9223423122980678,0.9223423130632074,0.9466018967226386,0.9164800047874452,XGBoost,81,1567350,4018,1.2273482217591891,0.4356199204921722,0.9009295105934144,0.9009295,0.8185244728936618,0.015550494194030762,0.005862307510622666
1,smlt_mm,15,Extra Trees,19350,4018,1.071338788996942,0.3773313709941753,0.9330897907224892,0.9330897921680064,0.9473342773260478,0.9277685880661012,XGBoost,81,1567350,4018,1.2766559860755489,0.444598525762558,0.9049862623214722,0.90498626,0.7803865563844363,0.022782325744629017,0.005321202656388024
1,smlt_mm,16,Extra Trees,19350,4018,1.0377807116750448,0.3842404766808848,0.9229346702266203,0.9229346714562576,0.9490695548207324,0.913577437400818,XGBoost,81,1567350,4018,1.0948898915012957,0.4169584512710571,0.9142194986343384,0.9142195,0.929199032097236,-0.0006420612335203968,0.009357232825802364
1,smlt_mm,17,Extra Trees,19350,4018,1.1349572080149264,0.4053303158978279,0.9178754404712112,0.9178754433660812,0.9488640203776068,0.9141502976417542,XGBoost,81,1567350,4018,1.191788208816513,0.4494630396366119,0.90944504737854,0.90944505,0.9352271611240844,0.004705250263214111,0.0037251428294570177
1,smlt_mm,18,Extra Trees,19350,4018,1.0791217780446256,0.3899430589597671,0.924634490829808,0.9246344917623548,0.9481673782157872,0.9203726649284364,XGBoost,81,1567350,4018,1.1124272869221452,0.4154619872570038,0.9199106097221376,0.9199106,0.9278754431506772,0.0004620552062988281,0.004261825901371585
1,smlt_mm,19,Extra Trees,19350,4018,1.0480394882772208,0.383671211296529,0.9347066716826884,0.9347066691989574,0.9414688825786586,0.9298074841499328,XGBoost,81,1567350,4018,1.1585367632462995,0.4217442274093628,0.9202128052711488,0.9202128,0.821991784723782,0.009594678878783958,0.0048991875327556444
1,smlt_mm,20,Extra Trees,19350,4018,1.0985798104863913,0.39347209719686,0.9387778857801712,0.9387778877131964,0.9235683865409844,0.9320191144943236,XGBoost,81,1567350,4018,1.282980378441685,0.4551361501216888,0.9165002703666688,0.9165003,0.78576301908641,0.015518844127654807,0.006758771285847565
1,smlt_mm,21,Extra Trees,19350,4018,1.1311818765723187,0.4136953180698191,0.9338420938940992,0.9338420880894454,0.9272574130313928,0.930575966835022,XGBoost,81,1567350,4018,1.163422478992057,0.4321940541267395,0.930017113685608,0.9300171,0.8845467999134201,0.0005588531494139515,0.0032661270590772506
1,smlt_mm,22,Extra Trees,19350,4018,1.1501363964943598,0.4088576426862704,0.933354061569614,0.9333540561399164,0.9257458076353624,0.930195450782776,XGBoost,81,1567350,4018,1.1959437280576968,0.4552411735057831,0.9279396533966064,0.92793965,0.9162545740302008,0.0022557973861695446,0.00315861078683799
1,smlt_mm,23,Extra Trees,19350,4018,1.1246002971265787,0.3935427744088465,0.9332786274280704,0.9332786306508412,0.9134654086544458,0.9311060309410096,XGBoost,81,1567350,4018,1.1427465591829515,0.4200298190116882,0.931108057498932,0.93110806,0.8796627665100836,-2.0265579223632812e-06,0.002172596487060807
1,smlt_mm,24,Extra Trees,19350,4018,0.9858686220335936,0.35578409731228,0.9311708306083948,0.9311708346899132,0.919315299292404,0.9290828704833984,XGBoost,81,1567350,4018,0.9901235544767016,0.3617680966854095,0.930575430393219,0.93057543,0.8777545666100504,-0.0014925599098205566,0.0020879601249963464
1,smlt_mm,25,Extra Trees,19350,4018,0.8663263428137814,0.3089191317789466,0.9167428069519136,0.9167428071559416,0.9185904405946064,0.9165211915969848,XGBoost,81,1567350,4018,0.9013156070188793,0.3308061361312866,0.909881830215454,0.90988183,0.879581194087724,0.006639361381530762,0.0002216153549288169
1,smlt_mm,26,Extra Trees,19350,4018,1.0977033917286618,0.4036375161148781,0.9405166935790702,0.9405166940165784,0.9445139447517814,0.9384042620658876,XGBoost,81,1567350,4018,1.096816043410462,0.4117276668548584,0.94061279296875,0.9406128,0.91586113644454,-0.002208530902862438,0.0021124315131826332
1,smlt_mm,27,Extra Trees,19350,4018,1.0777861885931663,0.4021604724958599,0.93809917534076,0.9380991753569368,0.9460537318154862,0.9333124756813048,XGBoost,81,1567350,4018,1.1459603094780586,0.4404686987400055,0.9300205707550048,0.9300206,0.9440316554639236,0.003291904926300049,0.004786699659455218
1,smlt_mm,28,Extra Trees,19350,4018,1.1238879163349291,0.4118436156963573,0.935388731578793,0.935388729924395,0.9456131942985444,0.9310494065284728,XGBoost,81,1567350,4018,1.178317708411391,0.4473249316215515,0.9289789199829102,0.9289789,0.9449935855767324,0.002070486545562633,0.0043393250503201974
1,smlt_mm,29,Extra Trees,19350,4018,1.0474534150245889,0.3778849917968646,0.9467449466070348,0.946744945884696,0.9477660553097256,0.9442393183708192,XGBoost,81,1567350,4018,1.1174468159660915,0.4088397920131683,0.9393898844718932,0.9393899,0.880222369135938,0.004849433898926003,0.0025056282362155846
1,smlt_mm,30,Extra Trees,19350,4018,0.948917831689854,0.3608092565218588,0.9486729804064112,0.9486729756121728,0.9499886907024132,0.9467402100563048,XGBoost,81,1567350,4018,1.0100814945088918,0.3886411488056183,0.941843032836914,0.94184303,0.9525371641396522,0.004897177219390869,0.0019327703501064164
1,smlt_mm,31,Extra Trees,19350,4018,0.9843764354887414,0.3632640463376684,0.9495839267010298,0.9495839253391162,0.9555700538197042,0.9471386671066284,XGBoost,81,1567350,4018,1.031476371657233,0.3898062407970428,0.9446439146995544,0.9446439,0.95130222957521,0.0024947524070739746,0.002445259594401339
1,smlt_mm,32,Extra Trees,19350,4018,0.9840944106312316,0.3781864965563417,0.9405660831022806,0.940566085813218,0.9429190480516998,0.9375351071357728,XGBoost,81,1567350,4018,1.0008331047161605,0.388916015625,0.9385270476341248,0.93852705,0.9464029108320058,-0.0009919404983519398,0.0030309759665078095
1,smlt_mm,33,Extra Trees,19350,4018,0.9698784681881798,0.3675084176598171,0.9420962904096122,0.9420962860632748,0.944793166854304,0.9380533695220948,XGBoost,81,1567350,4018,0.9875267073484344,0.3758485317230224,0.939969837665558,0.93996984,0.9280364549166852,-0.0019164681434631348,0.004042920887517343
1,smlt_mm,34,Extra Trees,19350,4018,1.0291645712838229,0.3759248786134097,0.9450989316659398,0.945098932110421,0.9326958028435924,0.940618932247162,XGBoost,81,1567350,4018,1.0883871209102849,0.3966223299503326,0.9385986328125,0.93859863,0.8828024093964942,0.0020202994346619763,0.004479999418777858
1,smlt_mm,35,Extra Trees,19350,4018,1.0361362275908996,0.3857045140404357,0.9413201544689896,0.9413201540268484,0.9291531828404812,0.9362953901290894,XGBoost,81,1567350,4018,1.0563960047827228,0.3884206414222717,0.9390029907226562,0.939003,0.9134465296984968,-0.0027076005935668945,0.0050247643399002895
1,smlt_mm,36,Extra Trees,19350,4018,1.0138011865761365,0.3829560732012641,0.9370369231070738,0.9370369278977876,0.9116385720365257,0.9320879578590392,XGBoost,81,1567350,4018,1.0149530975892882,0.3829065263271332,0.9368937611579896,0.93689376,0.9096444287656652,-0.004805803298950417,0.004948965248034565
1,smlt_mm,37,Extra Trees,19350,4018,1.0383945843220397,0.3736041997965497,0.933539921956512,0.9335399281295612,0.907175835326448,0.9343304634094238,XGBoost,81,1567350,4018,1.0435194069154885,0.3844864070415497,0.9328823089599608,0.9328823,0.8856530240524616,0.0014481544494630016,-0.0007905414529117971
1,smlt_mm,38,Extra Trees,19350,4018,0.9486837426696626,0.3387688819092565,0.9344326172276808,0.934432619983804,0.9073920269716992,0.9334821105003356,XGBoost,81,1567350,4018,0.956438651829983,0.3503388464450836,0.9333562850952148,0.9333563,0.8651780415576165,0.0001258254051207386,0.0009505067273452017
1,smlt_mm,39,Extra Trees,19350,4018,1.1131345206739498,0.4119962041268908,0.9446077454972908,0.944607745464774,0.926031828781364,0.943778932094574,XGBoost,81,1567350,4018,1.181532370912881,0.4522631764411926,0.937591314315796,0.9375913,0.9553104971093942,0.006187617778777965,0.0008288134027167882
1,smlt_mm,40,Extra Trees,19350,4018,1.1654462862879578,0.4329732974976247,0.9447312799477332,0.9447312749903052,0.9359819893302448,0.9436618685722352,XGBoost,81,1567350,4018,1.25577584043721,0.4832679331302643,0.935831904411316,0.9358319,0.9286383824144524,0.00782996416091919,0.0010694113754979861
1,smlt_mm,41,Extra Trees,19350,4018,1.1403988234941134,0.4406641720106368,0.941470452307202,0.941470447916914,0.9290105048544024,0.9389453530311584,XGBoost,81,1567350,4018,1.2787080996930382,0.498906135559082,0.9264124035835266,0.9264124,0.9184877547131002,0.012532949447631836,0.0025250992760436075
1,smlt_mm,42,Extra Trees,19350,4018,1.0733227670738186,0.4027370317495495,0.9462511981953656,0.9462512013912606,0.9406901371234668,0.9430406093597412,XGBoost,81,1567350,4018,1.1333729377072332,0.4395939111709595,0.9400687217712402,0.9400687,0.9473972874304486,0.0029718875885009766,0.003210588835624417
1,smlt_mm,43,Extra Trees,19350,4018,1.0256560972397757,0.3661343187392192,0.9546700002842,0.9546699990506832,0.9396836960906088,0.95246160030365,XGBoost,81,1567350,4018,1.0842345352881897,0.3887365460395813,0.949344277381897,0.9493443,0.9460753154032436,0.0031173229217530407,0.002208399980550002
1,smlt_mm,44,Extra Trees,19350,4018,1.075910860695874,0.3645020241182143,0.9543451321211446,0.954345131061703,0.940187705687222,0.9520208835601808,XGBoost,81,1567350,4018,1.2330171867218498,0.429717868566513,0.9400384426116944,0.94003844,0.8687307179541732,0.011982440948486328,0.002324248560963804
1,smlt_mm,45,Extra Trees,19350,4018,1.1156639452167585,0.3741849901355648,0.9514460741536876,0.9514460740519328,0.94099966046963,0.9489625692367554,XGBoost,81,1567350,4018,1.3228530367870217,0.461960881948471,0.9317377209663392,0.9317377,0.8451665819372784,0.01722484827041615,0.0024835049169322776
1,smlt_mm,46,Extra Trees,19350,4018,1.0311737218874264,0.3661010833691049,0.9513990837542284,0.9513990775498844,0.9386112091380848,0.946643888950348,XGBoost,81,1567350,4018,1.0925594935160046,0.3933218717575073,0.945440411567688,0.9454404,0.9289168381302786,0.0012034773826600231,0.004755194803880425
1,smlt_mm,47,Extra Trees,19350,4018,1.028347083151601,0.3787415427883985,0.9449063815352524,0.9449063782094992,0.927075154092081,0.9436213970184326,XGBoost,81,1567350,4018,1.0493621887188394,0.388272762298584,0.9426316022872924,0.9426316,0.9433661942912552,0.0009897947311402477,0.0012849845168197982
1,smlt_mm,48,Extra Trees,19350,4018,1.0480270379264944,0.3869493629661719,0.938945845688287,0.9389458394911192,0.9108391174671764,0.9371150732040404,XGBoost,81,1567350,4018,1.0534413640741564,0.3872299492359161,0.938313364982605,0.93831336,0.9255188399301608,-0.0011982917785645641,0.0018307724842465678
1,smlt_mm,49,Extra Trees,19350,4018,0.9920917748634744,0.3679347858244541,0.935189333955693,0.93518933357988,0.9046442245642272,0.9362455606460572,XGBoost,81,1567350,4018,0.9837934198940006,0.3662991821765899,0.9362690448760986,0.93626904,0.9320155885511522,-2.3484230041392884e-05,-0.0010562266903642037
1,smlt_mm,50,Extra Trees,19350,4018,0.8841642384495179,0.3263241428613105,0.932366198755064,0.9323661962967648,0.9170083458914507,0.9315632581710817,XGBoost,81,1567350,4018,0.9099247846854102,0.3390130400657654,0.9283676743507384,0.9283677,0.9425783237913888,0.0031955838203432396,0.0008029405839823367
1,smlt_mm,51,Extra Trees,19350,4018,1.0958861884445537,0.4204824275378446,0.942504344860532,0.9425043462422168,0.9147718194636976,0.9389527440071106,XGBoost,81,1567350,4018,1.1810569645825164,0.4521040916442871,0.9332200884819032,0.9332201,0.9201175610181496,0.0057326555252074085,0.0035516008534214327
1,smlt_mm,52,Extra Trees,19350,4018,1.0481223799380397,0.4052140720498725,0.9437864901580236,0.9437864835629796,0.9321781248681992,0.9396328330039978,XGBoost,81,1567350,4018,1.170064468482386,0.4603728652000427,0.929945468902588,0.92994547,0.8992141945847356,0.009687364101409801,0.004153657154025825
1,smlt_mm,53,Extra Trees,19350,4018,1.045353429355259,0.4099954690181354,0.942682605108952,0.9426826022998483,0.9308488840049536,0.9410361647605896,XGBoost,81,1567350,4018,1.1932403954663455,0.474342942237854,0.9253180027008056,0.925318,0.8882945004899985,0.015718162059784047,0.0016464403483623657
1,smlt_mm,54,Extra Trees,19350,4018,1.0453502983419305,0.4067747071026625,0.9434277403948568,0.9434277343427002,0.9329961213304112,0.9396954774856568,XGBoost,81,1567350,4018,1.193598197352452,0.4622909426689148,0.9262441992759703,0.9262442,0.8966109655941252,0.013451278209686501,0.0037322629091999238
1,smlt_mm,55,Extra Trees,19350,4018,1.046508876450378,0.3793444023471262,0.94695109515744,0.9469510992836728,0.94145701801387,0.9426791071891784,XGBoost,81,1567350,4018,1.0922935052381242,0.4062784314155578,0.9422078132629396,0.9422078,0.9480738743565336,0.00047129392623879163,0.00427198796826167
1,smlt_mm,56,Extra Trees,19350,4018,1.017226292160039,0.3583777785745877,0.9496571632587946,0.9496571602959588,0.9412407043270072,0.9463964700698853,XGBoost,81,1567350,4018,1.0602663909213603,0.3825560808181762,0.9453068971633912,0.9453069,0.9586965005239104,0.0010895729064940296,0.003260693188909314
1,smlt_mm,57,Extra Trees,19350,4018,0.9755609517907252,0.3516872088005928,0.94785877348611,0.9478587704955622,0.936625643592188,0.9433732628822328,XGBoost,81,1567350,4018,1.0127587588234468,0.3692517578601837,0.9438067078590392,0.9438067,0.9637673248377572,-0.0004334449768064186,0.004485510603877252
1,smlt_mm,58,Extra Trees,19350,4018,0.934792199787285,0.3433029352832853,0.9461043269051652,0.9461043269709104,0.9354972150726288,0.9443137645721436,XGBoost,81,1567350,4018,0.9935580422082518,0.3714651763439178,0.9391149878501892,0.939115,0.9561441770094335,0.005198776721954346,0.0017905623330216613
1,smlt_mm,59,Extra Trees,19350,4018,0.9443626202270274,0.3519946948775819,0.9401973249764036,0.940197326083,0.9230226180063024,0.9391905069351196,XGBoost,81,1567350,4018,0.9705886619825326,0.3626081347465515,0.9368296265602112,0.9368296,0.9538971132585224,0.0023608803749084473,0.0010068180412839967
1,smlt_mm,60,Extra Trees,19350,4018,0.9589025462580564,0.3539471143626574,0.9338210772270904,0.9338210776778894,0.9149720876514098,0.9337759017944336,XGBoost,81,1567350,4018,0.9810248389954008,0.3615829944610595,0.9307323098182678,0.9307323,0.9521559978944742,0.0030435919761657715,4.517543265680768e-05
1,smlt_mm,61,Extra Trees,19350,4018,0.8666287731096096,0.3246205603338243,0.9295083188799338,0.9295083157602044,0.9180749993838148,0.9274070262908936,XGBoost,81,1567350,4018,0.904395507970146,0.3369833827018738,0.923230528831482,0.9232305,0.9548320919296174,0.00417649745941151,0.002101292589040238
1,smlt_mm,62,Extra Trees,19350,4018,0.7728979897225472,0.2831119568276896,0.9314550283251278,0.9314550294918787,0.9288941571796177,0.929466426372528,XGBoost,81,1567350,4018,0.8347265438772651,0.3071420788764953,0.920049786567688,0.9200498,0.9565986868680456,0.009416639804839977,0.0019886019525998666
1,smlt_mm,63,Extra Trees,19350,4018,1.0436306960044597,0.3932260430896017,0.9435038245992288,0.943503826670085,0.9164634106611852,0.9394031167030334,XGBoost,81,1567350,4018,1.1488829806194552,0.4379591643810272,0.931533694267273,0.9315337,0.8956038551039222,0.007869422435760498,0.004100707896195321
1,smlt_mm,64,Extra Trees,19350,4018,1.0096931012985706,0.381128656772121,0.9426952830766054,0.9426952854027534,0.9219182196284204,0.9388298392295836,XGBoost,81,1567350,4018,1.1195458016577895,0.4271796345710754,0.9295476675033568,0.92954767,0.8751012578857457,0.009282171726226807,0.00386544384702181
1,smlt_mm,65,Extra Trees,19350,4018,0.9695883684132708,0.3634833003682012,0.9449973937465936,0.9449973971288306,0.9341463265598994,0.9411128163337708,XGBoost,81,1567350,4018,1.089687431910879,0.4222382307052612,0.9305275678634644,0.93052757,0.8732925573861097,0.010585248470306396,0.003884577412822887
1,smlt_mm,66,Extra Trees,19350,4018,0.9224544238294212,0.3478821922089622,0.9463269454122968,0.946326941820014,0.9469934848775694,0.9422566890716552,XGBoost,81,1567350,4018,1.0480905564255332,0.4080935716629028,0.930711030960083,0.93071103,0.8719143756143455,0.011545658111572155,0.00407025634064162
1,smlt_mm,67,Extra Trees,19350,4018,0.9227860263288276,0.3446159705553876,0.9461809619631636,0.946180961322242,0.9416751073872316,0.9421722292900084,XGBoost,81,1567350,4018,1.0379098220675058,0.394723117351532,0.931914746761322,0.93191475,0.9057087135595892,0.010257482528686412,0.004008732673155158
1,smlt_mm,68,Extra Trees,19350,4018,0.9245802533147768,0.348683019884469,0.9399614577772026,0.9399614606119808,0.934921882735684,0.9372078776359558,XGBoost,81,1567350,4018,1.0277592504108706,0.3849234282970428,0.9258136749267578,0.9258137,0.895153967194284,0.011394202709197998,0.0027535801412468253
1,smlt_mm,69,Extra Trees,19350,4018,0.9103639184266172,0.346856609656347,0.9327958297172462,0.9327958318833774,0.93410729471579,0.9293925762176514,XGBoost,81,1567350,4018,1.0155117265182942,0.3814515769481659,0.9163750410079956,0.91637504,0.9045479531329514,0.013017535209655762,0.003403253499594805
1,smlt_mm,70,Extra Trees,19350,4018,0.8891001865692103,0.3389346580420216,0.9300541857596808,0.930054184406536,0.930517491566086,0.9270761013031006,XGBoost,81,1567350,4018,0.9575942271508744,0.358459323644638,0.9188621640205384,0.91886216,0.934664750754488,0.008213937282562145,0.00297808445658021
1,smlt_mm,71,Extra Trees,19350,4018,0.8511524489260178,0.3230781644180018,0.9326108358132852,0.9326108372866077,0.9220547832175284,0.929887056350708,XGBoost,81,1567350,4018,0.8908971738703899,0.331598699092865,0.9261704087257384,0.9261704,0.9535838601248292,0.0037166476249695934,0.0027237794625771805
1,smlt_mm,72,Extra Trees,19350,4018,0.8323424712991636,0.2867015042457347,0.9352936079645616,0.935293607664664,0.923001441420086,0.933107852935791,XGBoost,81,1567350,4018,0.8297283198485866,0.294725239276886,0.9356994032859802,0.9356994,0.9327369551820528,-0.002591550350189209,0.0021857550287706085
1,smlt_mm,73,Extra Trees,19350,4018,0.7399982417912506,0.2621719068825764,0.9312785896781112,0.9312785918700704,0.9327345408949178,0.9283247590065002,XGBoost,81,1567350,4018,0.7756024126672427,0.2820653617382049,0.9245066046714784,0.9245066,0.955698936861384,0.0038181543350218616,0.002953830671610924
1,smlt_mm,74,Extra Trees,19350,4018,0.6920240813870061,0.2578070953043652,0.9105557157770466,0.9105557077547374,0.9252552995959974,0.907399833202362,XGBoost,81,1567350,4018,0.7578547357803729,0.285852700471878,0.8927290439605713,0.89272904,0.922291455997046,0.01467078924179066,0.0031558825746846875
1,smlt_mm,75,Extra Trees,19350,4018,0.8078700591123059,0.3101222020886501,0.9234575523663222,0.923457554914631,0.9297853032213728,0.9184591174125672,XGBoost,81,1567350,4018,0.9097508194645324,0.3473082780838012,0.9029346704483032,0.9029347,0.9048670581299736,0.015524446964264027,0.00499843495375496
1,smlt_mm,76,Extra Trees,19350,4018,0.8398066951767359,0.3169118682061166,0.9161039484654238,0.9161039435819656,0.9093980250255904,0.9149742126464844,XGBoost,81,1567350,4018,0.916009768729614,0.3407752811908722,0.9001879096031189,0.9001879,0.9363727984806076,0.014786303043365479,0.0011297358189393814
1,smlt_mm,77,Extra Trees,19350,4018,0.820133449592864,0.2777214542254703,0.9231648063458628,0.9231648021595104,0.9239994769307756,0.9188371300697328,XGBoost,81,1567350,4018,0.8601264789082392,0.2991059422492981,0.9154884815216064,0.9154885,0.9038962053453812,0.0033486485481263317,0.004327676276130066
1,smlt_mm,78,Extra Trees,19350,4018,0.7599078763698202,0.2493928570094815,0.9205492528402888,0.9205492564827434,0.9350726605885982,0.9208128452301024,XGBoost,81,1567350,4018,0.7927407749737614,0.2748531997203827,0.9135353565216064,0.91353536,0.8935033704761184,0.007277488708495983,-0.0002635923898136605
1,smlt_mm,79,Extra Trees,19350,4018,0.6988342767994408,0.2397538803709115,0.8998739946616822,0.8998740071789773,0.9098942099736208,0.8995101451873779,XGBoost,81,1567350,4018,0.7567526494620312,0.2692361772060394,0.8825896978378296,0.8825897,0.8956228079574806,0.01692044734954834,0.0003638494743042342
1,smlt_mm,80,Extra Trees,19350,4018,0.7943364989238927,0.269254747753913,0.9164735439159148,0.916473544109634,0.9193454843239184,0.9133033752441406,XGBoost,81,1567350,4018,0.8590938801895259,0.3062296211719513,0.9022996425628662,0.90229964,0.9070205298109348,0.011003732681274414,0.0031701686717742206
1,smlt_mm,81,Extra Trees,19350,4018,0.7940946569708047,0.2667111146779057,0.899451894908988,0.8994519004168812,0.9134807498121816,0.900821089744568,XGBoost,81,1567350,4018,0.8024863349487896,0.2736192047595978,0.8973155617713928,0.89731556,0.909125968592766,0.00350552797317516,-0.0013691948355799566
7,snowc,0,Extra Trees,19344,4018,16.057886339277708,7.512253851049191,0.6517408389881378,0.6517408239862482,0.6960393400196554,0.6501147747039795,XGBoost,81,1566864,4018,22.702512035772056,12.542206764221191,0.3038967847824096,0.30389678,0.077559323080827,0.3462179899215699,0.0016260642841583461
7,snowc,1,Extra Trees,19344,4018,16.970537820147353,7.646614746350094,0.804370510004677,0.8043704958323222,0.8484555488150418,0.8116161823272705,XGBoost,81,1566864,4018,18.59369419634483,8.797324180603027,0.7651586532592773,0.76515865,0.7541501588440751,0.046457529067993164,-0.007245672322593544
7,snowc,2,Extra Trees,19344,4018,16.601330567674488,7.749761269588054,0.8021175963230089,0.802117605769705,0.8484406021177089,0.8039728403091431,XGBoost,81,1566864,4018,18.34431064145383,8.989973068237305,0.7583848834037781,0.7583849,0.7517664562697547,0.04558795690536499,-0.0018552439861341252
7,snowc,3,Extra Trees,19344,4018,15.96204688857406,7.410117075340531,0.8231759392753975,0.823175943186059,0.8628939443308252,0.8235047459602356,XGBoost,81,1566864,4018,17.618278791033866,8.540040969848633,0.784577488899231,0.7845775,0.780435056256026,0.03892725706100464,-0.00032880668483814546
7,snowc,4,Extra Trees,19344,4018,15.583158283178513,6.860373092580865,0.8523418976303647,0.8523419131437319,0.8806564739929946,0.8559690713882446,XGBoost,81,1566864,4018,16.69395887557691,7.7685041427612305,0.8305408954620361,0.8305409,0.8356834268313224,0.025428175926208496,-0.003627173757879909
7,snowc,5,Extra Trees,19344,4018,16.290125868983345,6.84980773037417,0.8502421397680292,0.8502421540471933,0.8844641094072878,0.8546550869941711,XGBoost,81,1566864,4018,17.110127694630524,7.770388603210449,0.8347858786582947,0.8347859,0.8409248665251262,0.019869208335876465,-0.004412947226141939
7,snowc,6,Extra Trees,19344,4018,15.692988565365548,6.324465680968762,0.8739761084926353,0.8739761190006089,0.9082463702822416,0.8780838847160339,XGBoost,81,1566864,4018,15.685603175289634,6.795974254608154,0.8740947246551514,0.8740947,0.8870894891571259,0.003989160060882568,-0.00410777622339864
7,snowc,7,Extra Trees,19344,4018,15.02747723211511,6.043724625156649,0.8855098209830339,0.8855098261815848,0.9144863402811704,0.8881012201309204,XGBoost,81,1566864,4018,15.39442767108646,6.637343883514404,0.8798501491546631,0.87985015,0.8924709661827583,0.008251070976257324,-0.0025913991478865306
7,snowc,8,Extra Trees,19344,4018,15.227890550901147,5.961284369458355,0.885859793849912,0.8858597888388533,0.9172760947888144,0.8937874436378479,XGBoost,81,1566864,4018,14.9784115887067,6.332385063171387,0.8895690441131592,0.88956904,0.9073306458061824,0.004218399524688721,-0.00792764978793592
7,snowc,9,Extra Trees,19344,4018,14.30545187164708,5.255375324985178,0.9049036498132308,0.9049036589350754,0.933794546106288,0.9066250324249268,XGBoost,81,1566864,4018,13.823775026433456,5.662361145019531,0.9111998081207277,0.9111998,0.93318857289059,-0.004574775695800892,-0.0017213826116959652
7,snowc,10,Extra Trees,19344,4018,13.013071047297943,4.568627031633565,0.9247959474584748,0.9247959498338908,0.9458488851277737,0.9218795299530028,XGBoost,81,1566864,4018,12.544634665334767,4.867888450622559,0.9301127791404724,0.9301128,0.9445703068613092,-0.008233249187469593,0.002916417505472002
7,snowc,11,Extra Trees,19344,4018,15.486552662890364,6.063727339979615,0.8800903975897335,0.8800903862835887,0.9029735427743216,0.880508303642273,XGBoost,81,1566864,4018,15.730481845195692,6.587677001953125,0.8762832283973694,0.8762832,0.8776791923898113,0.0042250752449035645,-0.0004179060525394407
7,snowc,12,Extra Trees,19344,4018,15.397646714619842,6.020204662827745,0.8817724745555,0.8817724773231331,0.9040397912074756,0.8815131187438965,XGBoost,81,1566864,4018,15.97897196837192,6.706232070922852,0.8726767897605896,0.8726768,0.8741927015807865,0.008836328983306885,0.0002593558116035233
7,snowc,13,Extra Trees,19344,4018,15.044708542367568,5.820525571639462,0.8880727823530228,0.8880727620863025,0.9104161654047256,0.8862167000770569,XGBoost,81,1566864,4018,15.561623422225466,6.462821006774902,0.8802493214607239,0.8802493,0.8815844803920955,0.005967378616333008,0.001856082275965898
7,snowc,14,Extra Trees,19344,4018,14.710712994831528,5.473422093974407,0.8945223764184783,0.8945223703609279,0.9191722292074224,0.8938847184181213,XGBoost,81,1566864,4018,15.169928790272984,6.174836158752441,0.8878343105316162,0.8878343,0.895289423931785,0.006050407886505127,0.0006376580003569776
7,snowc,15,Extra Trees,19344,4018,13.771882227376162,5.023176614965123,0.9106808169537818,0.9106808113086022,0.9309083418436884,0.9122527241706848,XGBoost,81,1566864,4018,14.177013672660568,5.700647830963135,0.9053484797477722,0.9053485,0.9118907270623544,0.006904244422912598,-0.0015719072169030346
7,snowc,16,Extra Trees,19344,4018,14.90886630892176,5.87025048351308,0.8892543809242103,0.889254369365504,0.9141831320737523,0.8876324892044067,XGBoost,81,1566864,4018,15.544723469215366,6.597466945648193,0.8796064257621765,0.8796064,0.8923562474621978,0.008026063442230225,0.0016218917198035365
7,snowc,17,Extra Trees,19344,4018,15.804381673794184,6.116073376024695,0.8766484104955308,0.8766484181624579,0.903763440276047,0.8782201409339905,XGBoost,81,1566864,4018,16.35884333842383,6.830447673797607,0.8678416013717651,0.8678416,0.8793835589858345,0.010378539562225342,-0.0015717304384597064
7,snowc,18,Extra Trees,19344,4018,14.781622309384892,5.745238809882929,0.8928963436176331,0.8928963529055423,0.914588353434868,0.8928263187408447,XGBoost,81,1566864,4018,15.212457691594569,6.417171478271484,0.886561930179596,0.88656193,0.8948174330464203,0.006264388561248779,7.002487678842151e-05
7,snowc,19,Extra Trees,19344,4018,13.52551520930825,5.12297306518095,0.9133362379099284,0.913336229923954,0.9326163670143716,0.9110875725746156,XGBoost,81,1566864,4018,14.156028493196647,5.786797523498535,0.9050679802894592,0.905068,0.916481033852545,0.006019592285156361,0.0022486653353127606
7,snowc,20,Extra Trees,19344,4018,13.565471058179815,4.84865725213996,0.9161110420010994,0.916111047375584,0.9373421783849052,0.9160412549972534,XGBoost,81,1566864,4018,13.75016534879274,5.38192892074585,0.913811206817627,0.9138112,0.9252333888303884,0.002230048179626465,6.978700384596692e-05
7,snowc,21,Extra Trees,19344,4018,14.315829196780518,5.100364017074331,0.9057062465811284,0.9057062473359496,0.9344121293388776,0.9099342823028564,XGBoost,81,1566864,4018,14.494356306717927,5.650357246398926,0.9033398032188416,0.9033398,0.922128537024934,0.006594479084014893,-0.0042280357217280296
7,snowc,22,Extra Trees,19344,4018,14.067542360621928,4.949058776953329,0.9102191692818308,0.9102191770106396,0.9389090614424288,0.9116671681404114,XGBoost,81,1566864,4018,14.28523262301843,5.526122570037842,0.9074190258979796,0.907419,0.9269344474525956,0.004248142242431752,-0.0014479988585806014
7,snowc,23,Extra Trees,19344,4018,13.772748797684566,4.965223476683292,0.9145460826912208,0.9145460966816158,0.940827633157285,0.9143299460411072,XGBoost,81,1566864,4018,13.76866132003756,5.334303379058838,0.9145967960357666,0.9145968,0.9350040694187888,-0.00026684999465942383,0.000216136650113663
7,snowc,24,Extra Trees,19344,4018,14.239862265563806,5.527637088523707,0.904011790489122,0.9040117819099076,0.9322948143319876,0.9081255197525024,XGBoost,81,1566864,4018,13.5909771776915,5.63196325302124,0.9125604629516602,0.91256046,0.9346998004170908,-0.004434943199157715,-0.0041137292633804945
7,snowc,25,Extra Trees,19344,4018,15.602975084893778,6.331699850937274,0.8754366389028944,0.8754366286669114,0.909247253005846,0.8838347792625427,XGBoost,81,1566864,4018,14.87543134304352,6.414831638336182,0.8867822289466858,0.8867822,0.9092000339761498,-0.0029474496841430664,-0.008398140359648365
7,snowc,26,Extra Trees,19344,4018,13.110494316643344,4.614269500233072,0.9228343536805074,0.9228343427155437,0.941655412487066,0.9222518801689148,XGBoost,81,1566864,4018,12.782587629615104,4.701600551605225,0.926646053791046,0.92664605,0.944593276008838,-0.004394173622131237,0.0005824735115925739
7,snowc,27,Extra Trees,19344,4018,13.229151398671949,4.8285714613877,0.9200242118494264,0.9200242051283064,0.9369734985049892,0.9180566072463988,XGBoost,81,1566864,4018,13.162331813161588,4.979312419891357,0.9208300709724426,0.9208301,0.9380037281815002,-0.002773463726043812,0.001967604603027584
7,snowc,28,Extra Trees,19344,4018,13.556636325580303,4.901359105762951,0.917044795059695,0.9170447930962266,0.9365890545179754,0.9176151752471924,XGBoost,81,1566864,4018,13.416012639439543,5.047426700592041,0.9187568426132202,0.91875684,0.935482046842398,-0.001141667366027832,-0.0005703801874973324
7,snowc,29,Extra Trees,19344,4018,12.882294959666254,4.491043532983785,0.9267353209917788,0.9267353211742464,0.9438452016185948,0.9260135889053344,XGBoost,81,1566864,4018,12.73521972850108,4.684265613555908,0.9283986687660216,0.92839867,0.9432680624614252,-0.002385079860687256,0.0007217320864444376
7,snowc,30,Extra Trees,19344,4018,11.051225449490438,3.8434857325058354,0.9450981538070176,0.9450981522354376,0.9580400062279408,0.9435369968414308,XGBoost,81,1566864,4018,11.702757968418505,4.474937915802002,0.9384337663650512,0.93843377,0.9603912404288883,0.005103230476379617,0.0015611569655867852
7,snowc,31,Extra Trees,19344,4018,12.174855688260712,4.284699489467746,0.9345226241551452,0.9345226149814954,0.9531959700047588,0.9370688796043396,XGBoost,81,1566864,4018,12.063892659648278,4.614603042602539,0.9357107281684875,0.9357107,0.9484908983438908,0.0013581514358520508,-0.002546255449194401
7,snowc,32,Extra Trees,19344,4018,13.153196129100268,4.9608210123977035,0.9195229697456176,0.9195229785680642,0.9412601185817068,0.9240220785140992,XGBoost,81,1566864,4018,13.28091336889558,5.2471137046813965,0.9179525375366212,0.91795254,0.9426935167510412,0.006069540977478027,-0.004499108768481586
7,snowc,33,Extra Trees,19344,4018,13.081135443593713,4.962705577766194,0.9207104205130312,0.920710422317336,0.940965428426243,0.9205347299575806,XGBoost,81,1566864,4018,13.110884569297877,5.210022449493408,0.9203493595123292,0.92034936,0.9426902878471526,0.00018537044525135382,0.00017569055545063605
7,snowc,34,Extra Trees,19344,4018,12.824752544991563,4.52448284398432,0.927636658553842,0.9276366572933,0.947447985438468,0.9294866919517516,XGBoost,81,1566864,4018,12.329813755729509,4.570001125335693,0.933114230632782,0.93311423,0.9481037498439052,-0.0036275386810303845,-0.0018500333979095673
7,snowc,35,Extra Trees,19344,4018,12.91307444485803,4.570312155548645,0.9266261692456168,0.9266261687590251,0.9470688246709884,0.92878657579422,XGBoost,81,1566864,4018,12.289464169174735,4.609210014343262,0.9335418939590454,0.9335419,0.9477588455110684,-0.0047553181648254395,-0.0021604065486031665
7,snowc,36,Extra Trees,19344,4018,12.900030091927558,4.734490880594246,0.9249834840492244,0.9249834908710576,0.9457671052490538,0.9269766211509703,XGBoost,81,1566864,4018,12.821122408337358,4.959980487823486,0.9258984327316284,0.92589843,0.9457086395003534,0.00107818841934193,-0.0019931371017459787
7,snowc,37,Extra Trees,19344,4018,13.746761408868606,5.067286738677601,0.9146120335943108,0.9146120250338418,0.9407237917486042,0.9171323776245116,XGBoost,81,1566864,4018,13.78017651449022,5.4014458656311035,0.9141964316368104,0.91419643,0.9364132595221104,0.002935945987701194,-0.0025203440302008495
7,snowc,38,Extra Trees,19344,4018,13.746591060626765,5.253963476405571,0.913407530548552,0.9134075254945236,0.9405372684174216,0.9149406552314758,XGBoost,81,1566864,4018,13.54929309985799,5.4381937980651855,0.9158753156661988,0.9158753,0.939022436297195,-0.0009346604347230114,-0.001533124682923881
7,snowc,39,Extra Trees,19344,4018,12.228628983444626,3.899569739595192,0.9358448902679876,0.9358448966046348,0.9535597109016044,0.9353235363960266,XGBoost,81,1566864,4018,12.08142376422988,4.209453105926514,0.9373801946640016,0.9373802,0.9535270311735649,-0.0020566582679749645,0.0005213538719609501
7,snowc,40,Extra Trees,19344,4018,12.990416706882709,4.153060115107976,0.9278156082898652,0.927815613795518,0.9484399818706252,0.9243336915969848,XGBoost,81,1566864,4018,12.719132101331946,4.3276286125183105,0.9307990670204164,0.93079907,0.9484470469370758,-0.0064653754234316185,0.003481916692880449
7,snowc,41,Extra Trees,19344,4018,13.333351972381283,4.589775769777284,0.9228719147787964,0.9228719163667084,0.9417671551689614,0.9215085506439208,XGBoost,81,1566864,4018,13.078279592313606,4.495354652404785,0.9257946610450744,0.92579466,0.9471665119654438,-0.0042861104011535645,0.0013633641348755887
7,snowc,42,Extra Trees,19344,4018,12.285339539168207,4.162710516804748,0.93446248942151,0.9344624858739072,0.9534615973594208,0.9352777004241944,XGBoost,81,1566864,4018,12.232328163310608,4.252135753631592,0.9350268840789796,0.9350269,0.9555227496409712,0.00025081634521484375,-0.0008152110026844461
7,snowc,43,Extra Trees,19344,4018,10.724412447633751,3.5407084105300544,0.9512707322368475,0.9512707302879178,0.9605205845237788,0.951697826385498,XGBoost,81,1566864,4018,10.621506419552995,3.488856315612793,0.9522014260292052,0.9522014,0.9620914965944276,-0.0005035996437071644,-0.00042709414865049755
7,snowc,44,Extra Trees,19344,4018,10.15753156297991,3.12960948303427,0.9569919541855226,0.956991953413722,0.962155163533198,0.9545170068740844,XGBoost,81,1566864,4018,10.231951570779511,3.228132486343384,0.9563594460487366,0.95635945,0.9593246454152576,-0.0018424391746522106,0.002474947311438269
7,snowc,45,Extra Trees,19344,4018,10.214586421910662,3.2253082960853,0.9562867556111864,0.9562867532174651,0.9613460512009652,0.9551706314086914,XGBoost,81,1566864,4018,10.72496915514941,3.51802134513855,0.951809287071228,0.9518093,0.9556891750399024,0.003361344337463379,0.0011161242024949614
7,snowc,46,Extra Trees,19344,4018,11.071933034047827,3.554030668627856,0.948462398886054,0.9484623983023404,0.957901940729503,0.9431997537612916,XGBoost,81,1566864,4018,11.285467569368906,3.7589845657348633,0.9464552998542786,0.9464553,0.9509711733782318,-0.0032555460929869495,0.005262645124762377
7,snowc,47,Extra Trees,19344,4018,12.358601302766164,4.305181636239693,0.9335516796544632,0.9335516913252074,0.9518383718748796,0.929645299911499,XGBoost,81,1566864,4018,12.464752550786708,4.410901069641113,0.9324052929878236,0.9324053,0.9528939450780224,-0.002759993076324574,0.00390637974296415
7,snowc,48,Extra Trees,19344,4018,13.03334567713985,4.712091211246221,0.9252686023643752,0.9252685997779072,0.9439429978024992,0.9246101379394532,XGBoost,81,1566864,4018,12.999568051718104,4.670039176940918,0.9256554245948792,0.9256554,0.9492865040183484,-0.0010452866554259144,0.0006584644249220117
7,snowc,49,Extra Trees,19344,4018,13.298258731632057,5.0484185102117545,0.9206092542518132,0.9206092680470708,0.9417107432902448,0.9215651750564576,XGBoost,81,1566864,4018,13.327351627071357,5.044467449188232,0.9202615022659302,0.9202615,0.9448194841608242,0.0013036727905274548,-0.0009559208046444612
7,snowc,50,Extra Trees,19344,4018,13.576147205206356,5.301732066633211,0.91616046626842,0.9161604615738717,0.9400657251229046,0.9173980951309204,XGBoost,81,1566864,4018,13.50726292530794,5.289252758026123,0.9170091152191162,0.9170091,0.9409581496711036,0.0003889799118041992,-0.0012376288625004506
7,snowc,51,Extra Trees,19344,4018,13.356266984644192,4.544870446368638,0.923635384813232,0.9236353937802518,0.9483064789394152,0.9287126064300536,XGBoost,81,1566864,4018,12.068271343393528,4.271453380584717,0.9376534819602966,0.9376535,0.9522383433555284,-0.008940875530243031,-0.005077221616821559
7,snowc,52,Extra Trees,19344,4018,12.861046731575335,4.479065054801201,0.9281348085212372,0.9281348072569816,0.9499437118985256,0.9302130341529846,XGBoost,81,1566864,4018,12.141965342879846,4.318747043609619,0.9359463453292848,0.93594635,0.9543421083448208,-0.00573331117630016,-0.0020782256317474213
7,snowc,53,Extra Trees,19344,4018,12.986893418132018,4.559758122093049,0.9264660578332304,0.9264660466625808,0.9481618973370964,0.928052544593811,XGBoost,81,1566864,4018,12.550010431900857,4.522317409515381,0.9313302040100098,0.9313302,0.9523447847399512,-0.0032776594161987305,-0.0015864867605805966
7,snowc,54,Extra Trees,19344,4018,13.660718301451212,4.723700044699201,0.9193358869263484,0.9193358941097596,0.9445492706437012,0.9206149578094482,XGBoost,81,1566864,4018,12.870055202789596,4.628690242767334,0.92840313911438,0.92840314,0.9484192429628938,-0.007788181304931752,-0.0012790708830998643
7,snowc,55,Extra Trees,19344,4018,12.277348778074842,4.194020854900986,0.9357301559008124,0.9357301548780096,0.9527800949971604,0.9345474243164062,XGBoost,81,1566864,4018,12.024941908602862,4.196491241455078,0.9383456110954284,0.9383456,0.9510188863682232,-0.0037981867790221058,0.0011827315844061825
7,snowc,56,Extra Trees,19344,4018,11.108142203211711,3.792080138879104,0.9474003508146154,0.947400354030274,0.9579087902632716,0.9405822157859802,XGBoost,81,1566864,4018,11.082184428466393,3.824434757232666,0.947645902633667,0.9476459,0.9560337948489532,-0.007063686847686768,0.006818135028635153
7,snowc,57,Extra Trees,19344,4018,11.317592398596508,3.896711195639939,0.9451492695462652,0.9451492685432972,0.958093957253996,0.9423409104347228,XGBoost,81,1566864,4018,11.248435017558588,3.948145866394043,0.9458175897598268,0.9458176,0.9549004346176452,-0.003476679325103982,0.0028083591115424245
7,snowc,58,Extra Trees,19344,4018,11.610365000358469,4.212750901928171,0.9406896844891226,0.9406896811074078,0.9560255903546824,0.9367423057556152,XGBoost,81,1566864,4018,12.057333358571729,4.395512104034424,0.9360352158546448,0.9360352,0.956079156532495,0.000707089900970459,0.003947378733507367
7,snowc,59,Extra Trees,19344,4018,12.88421254961902,4.921960773601845,0.9254332409932674,0.9254332436270593,0.945638827550396,0.927718698978424,XGBoost,81,1566864,4018,12.81317226227961,4.8142828941345215,0.9262532591819764,0.92625326,0.9506392138231778,0.0014654397964475319,-0.002285457985156558
7,snowc,60,Extra Trees,19344,4018,14.082600161294245,5.33094170582362,0.911097934317115,0.9110979317794944,0.9364484177682482,0.9121741652488708,XGBoost,81,1566864,4018,13.911874520910072,5.319580554962158,0.9132404327392578,0.91324043,0.9393465319029,-0.0010662674903869629,-0.001076230931755795
7,snowc,61,Extra Trees,19344,4018,14.507844116487002,5.820151818039595,0.9028436672025144,0.9028436556745736,0.9313975756638088,0.9054996967315674,XGBoost,81,1566864,4018,14.26353908969584,5.76853084564209,0.9060882329940796,0.90608823,0.9344428825546288,-0.000588536262512207,-0.0026560295290529723
7,snowc,62,Extra Trees,19344,4018,14.171023160708112,5.754964127181863,0.9068983801938232,0.9068983706374372,0.9326377085836725,0.905642032623291,XGBoost,81,1566864,4018,14.21655846778568,6.00377893447876,0.9062991142272948,0.9062991,0.9267278127633946,-0.0006570816040037952,0.001256347570532168
7,snowc,63,Extra Trees,19344,4018,11.832544442976388,4.107923820017632,0.940042123919084,0.9400421276600146,0.9538903840526958,0.9416549801826476,XGBoost,81,1566864,4018,11.323800359854626,4.0713982582092285,0.9450870752334596,0.9450871,0.9526604636307918,-0.0034320950508119896,-0.0016128562635635557
7,snowc,64,Extra Trees,19344,4018,11.370360843641564,3.959742520732082,0.9441614056779114,0.9441614062141828,0.9559135111000931,0.9484972953796388,XGBoost,81,1566864,4018,10.912273153807174,3.847233533859253,0.9485700130462646,0.94857,0.9556460808570154,-7.271766662586554e-05,-0.00433588970172738
7,snowc,65,Extra Trees,19344,4018,11.408571316360682,3.943876006537389,0.943674857660484,0.9436748528971816,0.9567281071415552,0.9491084814071656,XGBoost,81,1566864,4018,10.980467707777432,3.905362844467163,0.9478226900100708,0.9478227,0.9551451885545004,0.0012857913970948376,-0.0054336237466816595
7,snowc,66,Extra Trees,19344,4018,11.473671074827806,4.092694128360692,0.9423262704966138,0.9423262754279068,0.9565921663458808,0.9473496675491332,XGBoost,81,1566864,4018,11.15395196920132,4.053496360778809,0.9454957246780396,0.9454957,0.956944000941167,0.001853942871093639,-0.005023397052519418
7,snowc,67,Extra Trees,19344,4018,12.925801645120917,4.66079006701857,0.9278581985660934,0.9278582012431964,0.9476231272130452,0.9351959228515624,XGBoost,81,1566864,4018,12.391559656977078,4.56911039352417,0.9336984157562256,0.9336984,0.9462722185498716,0.001497507095336803,-0.007337724285468972
7,snowc,68,Extra Trees,19344,4018,13.768652593393709,5.214151069406064,0.9162919942069196,0.9162919966971844,0.938140147608204,0.9190934896469116,XGBoost,81,1566864,4018,13.276685221974589,5.070430278778076,0.9221670627593994,0.92216706,0.9451707710437453,-0.003073573112487793,-0.0028014954399919745
7,snowc,69,Extra Trees,19344,4018,13.743217676005496,5.344434861068391,0.9148367135337244,0.9148367073858718,0.9380834879594988,0.9164867401123048,XGBoost,81,1566864,4018,13.50512654487784,5.2318196296691895,0.9177619218826294,0.9177619,0.946037902140223,-0.001275181770324596,-0.001650026578580377
7,snowc,70,Extra Trees,19344,4018,14.096856423395757,5.591244809804234,0.9096184561913504,0.9096184600518308,0.9344605269920616,0.9108276963233948,XGBoost,81,1566864,4018,13.744971448217152,5.3574042320251465,0.9140743613243104,0.91407436,0.9421810662531284,-0.0032466650009156384,-0.0012092401320443757
7,snowc,71,Extra Trees,19344,4018,14.420087791888474,5.79215131473997,0.9055117264961868,0.9055117310428856,0.9310849869620758,0.9065817594528198,XGBoost,81,1566864,4018,14.06247992620095,5.595281600952148,0.910140097141266,0.9101401,0.937296060414738,-0.003558337688446156,-0.0010700329566329936
7,snowc,72,Extra Trees,19344,4018,14.081784367456144,5.363411105886995,0.911226271570966,0.9112262701424764,0.9379088871040328,0.9123245477676392,XGBoost,81,1566864,4018,13.773909432499094,5.2789716720581055,0.9150656461715698,0.91506565,0.937734596211963,-0.002741098403930664,-0.0010982761966731314
7,snowc,73,Extra Trees,19344,4018,13.841244089490306,5.406301988553149,0.9132401978141748,0.913240191508011,0.9393434721187184,0.9128134846687316,XGBoost,81,1566864,4018,13.8278849952689,5.512404918670654,0.913407564163208,0.91340756,0.9324917637883724,-0.0005940794944764294,0.0004267131454431805
7,snowc,74,Extra Trees,19344,4018,15.023866008982544,6.461796341406469,0.8878561318749784,0.8878561259274032,0.9179909445009556,0.8838425874710083,XGBoost,81,1566864,4018,14.434107526376817,6.365762710571289,0.8964877128601074,0.8964877,0.9269731237238304,-0.012645125389099121,0.00401354440397006
7,snowc,75,Extra Trees,19344,4018,14.969098353753592,6.282646052710169,0.8957696146208741,0.8957696127083085,0.9223590658037596,0.8960597515106201,XGBoost,81,1566864,4018,14.693480747081129,6.069290637969971,0.8995725512504578,0.89957255,0.9324659202118782,-0.0035127997398376465,-0.0002901368897459955
7,snowc,76,Extra Trees,19344,4018,15.63691339197963,6.5852820775520415,0.8854539913972318,0.8854539872468636,0.9166888497492978,0.8862701058387756,XGBoost,81,1566864,4018,15.215046332091642,6.378467559814453,0.8915512561798096,0.89155126,0.9255755676841508,-0.0052811503410339355,-0.0008161144415438359
7,snowc,77,Extra Trees,19344,4018,15.045712873193663,6.068744569205513,0.895835904228154,0.89583590038107,0.926966631613916,0.8968855142593384,XGBoost,81,1566864,4018,14.598310064465725,5.870157241821289,0.9019386768341064,0.9019387,0.9304817449872888,-0.005053162574768066,-0.0010496100311844225
7,snowc,78,Extra Trees,19344,4018,14.627301864918229,5.782118812603907,0.9030682696834164,0.9030682668252632,0.933698093942699,0.9051749110221864,XGBoost,81,1566864,4018,14.240082083476226,5.681712627410889,0.9081323742866516,0.9081324,0.9297486825331488,-0.002957463264465221,-0.0021066413387700322
7,snowc,79,Extra Trees,19344,4018,14.785655240174547,6.18592790334448,0.8954220814516125,0.8954220857971061,0.9284485639727892,0.8975141048431396,XGBoost,81,1566864,4018,14.273013621750652,6.192649841308594,0.9025481343269348,0.90254813,0.9296270816574816,-0.005034029483795166,-0.0020920233915271425
7,snowc,80,Extra Trees,19344,4018,15.666092777322245,6.631411813650696,0.8833038040416271,0.8833037967237549,0.9123965027426054,0.8834203481674194,XGBoost,81,1566864,4018,15.21729962528642,6.5120463371276855,0.8898941278457642,0.8898941,0.9225625726440938,-0.0064737796783447266,-0.00011654412579231721
7,snowc,81,Extra Trees,19344,4018,16.144200986251068,6.838509557810671,0.874220179029245,0.8742201806723991,0.9094975695603182,0.8787592053413391,XGBoost,81,1566864,4018,15.389367314570585,6.707695484161377,0.8857070803642273,0.8857071,0.9196625595667902,-0.006947875022888184,-0.00453902631209413
7,sd,0,Extra Trees,19344,4018,0.0104780701986342,0.0039632890897922,0.7425673603956784,0.7425673363348795,0.7304176617181071,0.7415105104446411,XGBoost,81,1566864,4018,0.0137436040990682,0.0067290212027728,0.5571033954620361,0.5571034,0.1071428811769552,0.18440711498260498,0.0010568499510372753
7,sd,1,Extra Trees,19344,4018,0.0170977302018436,0.0076697875772643,0.9259363924029912,0.925936393224548,0.8866528509721218,0.9292842745780944,XGBoost,81,1566864,4018,0.0189434893396951,0.0089461635798215,0.9090824127197266,0.9090824,0.8362542074049438,0.02020186185836781,-0.0033478821751031784
7,sd,2,Extra Trees,19344,4018,0.0168347854771973,0.007547226289257,0.9125015300538928,0.9125015230921416,0.8873086285172703,0.9133435487747192,XGBoost,81,1566864,4018,0.019368766901558,0.0092541156336665,0.8841784596443176,0.88417846,0.8233337808140146,0.02916508913040161,-0.000842018720826454
7,sd,3,Extra Trees,19344,4018,0.0164952521137594,0.0075679792380187,0.9294350218534144,0.9294350283182294,0.9028623329401309,0.9318262338638306,XGBoost,81,1566864,4018,0.0185699227802312,0.0090091023594141,0.9105682969093324,0.9105683,0.8463833249087004,0.02125793695449818,-0.002391212010416144
7,sd,4,Extra Trees,19344,4018,0.0171217773109063,0.0082270673556618,0.9565070556823764,0.956507056513827,0.9406523860479163,0.9565473198890686,XGBoost,81,1566864,4018,0.0188674278890605,0.0093082906678318,0.947186291217804,0.9471863,0.8898881301723351,0.009361028671264648,-4.0264206692230964e-05
7,sd,5,Extra Trees,19344,4018,0.0208822575654818,0.0099535985634109,0.9557984313766856,0.9557984328259548,0.9535089746009774,0.9571137428283693,XGBoost,81,1566864,4018,0.0218671038332323,0.0107897827401757,0.9515308737754822,0.9515309,0.9072180711650328,0.005582869052887074,-0.0013153114516836206
7,sd,6,Extra Trees,19344,4018,0.0244954879540191,0.0120578643673262,0.965384170188954,0.9653841706731656,0.9473895923439908,0.9681989550590516,XGBoost,81,1566864,4018,0.0232694431983341,0.0113969137892127,0.9687626361846924,0.96876264,0.9710095738324044,-0.0005636811256407581,-0.002814784870097675
7,sd,7,Extra Trees,19344,4018,0.0243541862305274,0.0122082779273982,0.9666533839344058,0.96665338561359,0.949039089855402,0.9702180027961732,XGBoost,81,1566864,4018,0.0228573884425097,0.0112343989312648,0.9706263542175292,0.97062635,0.9691735329823928,-0.00040835142135597913,-0.003564618861767399
7,sd,8,Extra Trees,19344,4018,0.0234914895791127,0.0119085608923436,0.9708442757411092,0.9708442756544668,0.957245591414536,0.9736130237579346,XGBoost,81,1566864,4018,0.0226751111812143,0.0114552322775125,0.9728355407714844,0.97283554,0.9540037285313464,0.0007774829864501953,-0.002768748016825362
7,sd,9,Extra Trees,19344,4018,0.0235222160637838,0.0121464709323786,0.9758440072704612,0.975844007344936,0.9548891539295066,0.9786394238471984,XGBoost,81,1566864,4018,0.0223970762231825,0.0116443457081913,0.9780996441841124,0.97809964,0.9589505744935696,0.0005397796630859375,-0.0027954165767372086
7,sd,10,Extra Trees,19344,4018,0.0219728052670435,0.0115320647914873,0.9797568330395132,0.9797568319020814,0.9628870557184344,0.980945646762848,XGBoost,81,1566864,4018,0.0216688303459803,0.0115362824872136,0.9803130626678468,0.98031306,0.9599059499915014,0.0006325840950012207,-0.0011888137233347917
7,sd,11,Extra Trees,19344,4018,0.0235596384390327,0.0121300160423265,0.9677239711764918,0.967723969444766,0.9532294024521708,0.970565378665924,XGBoost,81,1566864,4018,0.0223902153876439,0.011537343263626,0.9708486199378968,0.9708486,0.9622065922297292,-0.0002832412719728783,-0.0028414074894321795
7,sd,12,Extra Trees,19344,4018,0.0240826494920986,0.0121884979226545,0.96459113508865,0.9645911365776052,0.9510271679649188,0.968464732170105,XGBoost,81,1566864,4018,0.0218695273429465,0.0111674396321177,0.9708000421524048,0.97080004,0.9655032936731818,-0.0023353099822998047,-0.0038735970814549603
7,sd,13,Extra Trees,19344,4018,0.0245880141685377,0.0124259639271207,0.9645563517512398,0.9645563526685444,0.9474492565873982,0.9696232676506042,XGBoost,81,1566864,4018,0.0213365706345394,0.0106599247083067,0.9733104705810548,0.9733105,0.9841305820055491,-0.0036872029304505505,-0.005066915899364477
7,sd,14,Extra Trees,19344,4018,0.0237667551032355,0.0122303046082702,0.9708355572675184,0.9708355575196588,0.9484712606635836,0.9729271531105042,XGBoost,81,1566864,4018,0.0220774779513901,0.0113204326480627,0.9748340845108032,0.9748341,0.9772430660983558,-0.0019069314002990723,-0.002091595842985794
7,sd,15,Extra Trees,19344,4018,0.0239285555903374,0.0123614018986143,0.9748851554650196,0.9748851548164634,0.956726856386828,0.9768224954605104,XGBoost,81,1566864,4018,0.0225431928969704,0.0117180543020367,0.9777090549468994,0.97770905,0.9697379323083056,-0.0008865594863890491,-0.0019373399954907278
7,sd,16,Extra Trees,19344,4018,0.0233963573343516,0.0119683425982179,0.9711859374881888,0.9711859393350848,0.9572518922538904,0.9727822542190552,XGBoost,81,1566864,4018,0.0225712062310319,0.0117835598066449,0.9731825590133668,0.97318256,0.9668459697191458,-0.00040030479431163446,-0.001596316730866354
7,sd,17,Extra Trees,19344,4018,0.023237596394508,0.0117197604459768,0.97021436398547,0.9702143646135426,0.9612173254436917,0.971754789352417,XGBoost,81,1566864,4018,0.02225326463748,0.0111751891672611,0.9726843237876892,0.9726843,0.9714799706705426,-0.0009295344352722168,-0.0015404253669469847
7,sd,18,Extra Trees,19344,4018,0.0235183805796796,0.0119604119537991,0.9721529614799858,0.9721529621954804,0.955525370720948,0.9733136892318726,XGBoost,81,1566864,4018,0.0226408115559283,0.0114695336669683,0.9741923809051514,0.9741924,0.9653110899894496,-0.0008786916732788086,-0.001160727751886803
7,sd,19,Extra Trees,19344,4018,0.0240316141564121,0.0123244945861458,0.9758143264886814,0.9758143255471984,0.9599832899507424,0.976713001728058,XGBoost,81,1566864,4018,0.0234277178297982,0.0120933363214135,0.9770146012306212,0.9770146,0.9669007048610944,-0.0003015995025632545,-0.0008986752393765896
7,sd,20,Extra Trees,19344,4018,0.0256927767394627,0.0132040164599594,0.975871064577584,0.9758710632656264,0.9549550776149618,0.9777764081954956,XGBoost,81,1566864,4018,0.0241784757351325,0.0124515853822231,0.9786314964294434,0.9786315,0.9687901834081905,-0.0008550882339477539,-0.0019053436179116146
7,sd,21,Extra Trees,19344,4018,0.0243868082331523,0.0124475736839282,0.9756195555826438,0.9756195556296128,0.9649019878292908,0.97647887468338,XGBoost,81,1566864,4018,0.023174666099412,0.0117174247279763,0.9779829978942872,0.977983,0.9781121392400264,-0.0015041232109072045,-0.0008593191007362222
7,sd,22,Extra Trees,19344,4018,0.0237041778512059,0.0119556783380836,0.9755898576945948,0.9755898545914364,0.9640069768040456,0.9768624305725098,XGBoost,81,1566864,4018,0.0219325162562617,0.0109367007389664,0.979102373123169,0.9791024,0.9827510896985238,-0.0022399425506591797,-0.0012725728779149348
7,sd,23,Extra Trees,19344,4018,0.0227456479789123,0.0116485660846911,0.975928442747962,0.9759284417224968,0.9589747668856592,0.9771606922149658,XGBoost,81,1566864,4018,0.0212084783563005,0.0107799870893359,0.9790720343589784,0.97907203,0.9804400501495232,-0.0019113421440125622,-0.001232249467003843
7,sd,24,Extra Trees,19344,4018,0.0202827812684936,0.0104112399971989,0.9747084013225508,0.9747083990555494,0.9613866587475878,0.9762572646141052,XGBoost,81,1566864,4018,0.0196743543090693,0.0102467108517885,0.9762030243873596,0.976203,0.9514332943256206,5.424022674560547e-05,-0.0015488632915544587
7,sd,25,Extra Trees,19344,4018,0.0177637993570333,0.0086291807492818,0.9668449117808156,0.966844911773762,0.9587484551101956,0.9687037467956544,XGBoost,81,1566864,4018,0.0175612421552575,0.0089551946148276,0.967596709728241,0.9675967,0.9182628329584714,0.001107037067413441,-0.0018588350148388555
7,sd,26,Extra Trees,19344,4018,0.0240233187613144,0.0129839111768488,0.9825435715682872,0.9825435706026842,0.9669442701066628,0.9829811453819276,XGBoost,81,1566864,4018,0.0225250118034894,0.0119373993948102,0.984653115272522,0.9846531,0.9901289726899726,-0.0016719698905943714,-0.0004375738136404017
7,sd,27,Extra Trees,19344,4018,0.0235065446587549,0.0126881578414603,0.9807055859244076,0.9807055856467628,0.9646065104652696,0.9808836579322816,XGBoost,81,1566864,4018,0.0223429147253267,0.0116354878991842,0.9825685620307922,0.98256856,0.9869602671195072,-0.0016849040985106312,-0.00017807200787400834
7,sd,28,Extra Trees,19344,4018,0.0233376492730816,0.0126002713071338,0.9801706919993478,0.9801706918408842,0.9624342900794904,0.9803059101104736,XGBoost,81,1566864,4018,0.0219224979850976,0.0113599402830004,0.982502579689026,0.9825026,0.9866269416505474,-0.002196669578552357,-0.00013521811112582327
7,sd,29,Extra Trees,19344,4018,0.0236669227146462,0.0129329736759581,0.9824856879684574,0.9824856884192072,0.9639220580007456,0.98282128572464,XGBoost,81,1566864,4018,0.0223173913753277,0.0119733726605772,0.9844261407852172,0.98442614,0.9841777357078868,-0.0016048550605771705,-0.0003355977561826373
7,sd,30,Extra Trees,19344,4018,0.0237021311310113,0.0132190466033674,0.9854198776678638,0.9854198782125592,0.9733573166687324,0.9859583377838136,XGBoost,81,1566864,4018,0.0227958010071814,0.0126536805182695,0.986513614654541,0.9865136,0.9912819063386408,-0.000555276870727428,-0.0005384601159498237
7,sd,31,Extra Trees,19344,4018,0.0236816103355876,0.0130736656358927,0.9844562855019502,0.9844562858830322,0.96906782529398,0.9853531122207642,XGBoost,81,1566864,4018,0.0224622422855209,0.0120948860421776,0.986015796661377,0.9860158,0.9895461207781466,-0.000662684440612793,-0.00089682671881397
7,sd,32,Extra Trees,19344,4018,0.0235443904765575,0.0126918077062577,0.9799675932051596,0.979967593147726,0.9596823366178228,0.9807339906692504,XGBoost,81,1566864,4018,0.0223893444739294,0.0120427124202251,0.9818848967552184,0.9818849,0.984519004707602,-0.0011509060859680176,-0.0007663974640907956
7,sd,33,Extra Trees,19344,4018,0.0231805137248456,0.0126160084313777,0.9798697793517324,0.9798697801151612,0.9565097035898986,0.9812821745872498,XGBoost,81,1566864,4018,0.0219364298104101,0.0117960786446928,0.9819725751876832,0.9819726,0.97704206463638,-0.0006904006004334606,-0.001412395235517394
7,sd,34,Extra Trees,19344,4018,0.0233676094815546,0.0127952319071364,0.9819604751103252,0.9819604747175408,0.9602338945948428,0.9829304814338684,XGBoost,81,1566864,4018,0.0219506438249328,0.0118775945156812,0.9840819239616394,0.9840819,0.9753028859789696,-0.001151442527770996,-0.00097000632354316
7,sd,35,Extra Trees,19344,4018,0.0234912383832307,0.0127299996149293,0.9802038682027794,0.9802038669956868,0.9591877456099008,0.9820117950439452,XGBoost,81,1566864,4018,0.0222815053341347,0.0120730781927704,0.9821902513504028,0.98219025,0.9673377667817008,-0.00017845630645763055,-0.001807926841165819
7,sd,36,Extra Trees,19344,4018,0.0219500280093134,0.0117351958996936,0.9784687206496564,0.9784687192694526,0.9613645085561608,0.9795804023742676,XGBoost,81,1566864,4018,0.0212851876267194,0.011316011659801,0.9797532558441162,0.97975326,0.9643106180095392,-0.0001728534698486328,-0.0011116817246111799
7,sd,37,Extra Trees,19344,4018,0.0203598261698934,0.0105698015242084,0.9768696407605992,0.9768696394083802,0.9614989978549509,0.9772309064865112,XGBoost,81,1566864,4018,0.0197751470539021,0.0104409744963049,0.9781790375709534,0.97817904,0.962210049189594,-0.0009481310844421387,-0.0003612657259119967
7,sd,38,Extra Trees,19344,4018,0.0191982856090058,0.0098732456575665,0.975874021949646,0.9758740212085332,0.9647326771022152,0.9771526455879213,XGBoost,81,1566864,4018,0.018618219239468,0.0099152298644185,0.9773098826408386,0.9773099,0.9525846711663688,-0.00015723705291736945,-0.0012786236382752447
7,sd,39,Extra Trees,19344,4018,0.0247522584330164,0.0141851662573218,0.986845349729881,0.986845349657336,0.9732410477786672,0.9870843887329102,XGBoost,81,1566864,4018,0.0245417533908583,0.0135254943743348,0.9870681166648864,0.9870681,0.9914009761727284,1.6272068023792663e-05,-0.00023903900302912895
7,sd,40,Extra Trees,19344,4018,0.0253967829941183,0.0141812417517658,0.984126494023266,0.9841264948600156,0.9671002664656316,0.9846059679985046,XGBoost,81,1566864,4018,0.0231447287241241,0.0125942751765251,0.9868168234825134,0.9868168,0.9910892197474236,-0.002210855484008789,-0.0004794739752386201
7,sd,41,Extra Trees,19344,4018,0.0240573102000132,0.0134408092728002,0.9836810555511712,0.98368105466788,0.9654097640409824,0.983987271785736,XGBoost,81,1566864,4018,0.0237406433137722,0.0130337895825505,0.9841078519821168,0.98410785,0.9789624975048768,-0.00012058019638083728,-0.0003062162345647268
7,sd,42,Extra Trees,19344,4018,0.0243830842141422,0.0137050020713839,0.98469957043017,0.984699569951007,0.9703893950534886,0.9852126240730286,XGBoost,81,1566864,4018,0.0230450379924562,0.0126963779330253,0.9863327741622924,0.9863328,0.988120861513264,-0.001120150089263805,-0.0005130536428585852
7,sd,43,Extra Trees,19344,4018,0.0243054435683813,0.0137399173745245,0.9865513973585964,0.986551397151264,0.976725644875738,0.9865505695343018,XGBoost,81,1566864,4018,0.0233979151644381,0.0127862356603145,0.9875369668006896,0.98753697,0.9855943841716394,-0.0009863972663878284,8.278242946690995e-07
7,sd,44,Extra Trees,19344,4018,0.0243721787473743,0.0137260301984254,0.9867892604881876,0.9867892605681932,0.9771758000867912,0.987343430519104,XGBoost,81,1566864,4018,0.0238303133670991,0.0129790380597114,0.9873701333999634,0.98737013,0.9765992874384848,-2.6702880859375e-05,-0.000554170030916401
7,sd,45,Extra Trees,19344,4018,0.0242247478516817,0.0134547764911492,0.9859047893408032,0.98590478803271,0.9778298764119764,0.9860904216766356,XGBoost,81,1566864,4018,0.0234170653250067,0.0125952465459704,0.9868290424346924,0.98682904,0.9734792520502936,-0.0007386207580567516,-0.00018563233583246408
7,sd,46,Extra Trees,19344,4018,0.022645565033346,0.0127143052670877,0.9856594441968398,0.9856594457425676,0.973890250731717,0.9853363037109376,XGBoost,81,1566864,4018,0.0216955265349094,0.012048190459609,0.9868374466896056,0.98683745,0.9904544054025448,-0.0015011429786679908,0.0003231404859022069
7,sd,47,Extra Trees,19344,4018,0.0220424934745141,0.0121313941566641,0.9829881670874454,0.9829881672139816,0.9691264153078966,0.983819842338562,XGBoost,81,1566864,4018,0.021217634246418,0.0116919009014964,0.984237551689148,0.98423755,0.9791238874351936,-0.0004177093505859375,-0.0008316752511166037
7,sd,48,Extra Trees,19344,4018,0.0212394748663496,0.0115383104549657,0.9811789637148248,0.9811789642848936,0.9684112982857924,0.9820732474327089,XGBoost,81,1566864,4018,0.0203662853701467,0.0110593810677528,0.982694685459137,0.9826947,0.9754020750168464,-0.0006214380264281116,-0.0008942837178840257
7,sd,49,Extra Trees,19344,4018,0.0195864846171984,0.0104753145241074,0.978774058555295,0.9787740575494118,0.9630465149726036,0.9797124862670898,XGBoost,81,1566864,4018,0.0189187348574664,0.0104469023644924,0.9801966547966005,0.98019665,0.9588644702552868,-0.00048416852951060907,-0.0009384277117948647
7,sd,50,Extra Trees,19344,4018,0.0172424536623176,0.0090664061442534,0.9779821635752266,0.9779821634940996,0.9646490103670948,0.9791730046272278,XGBoost,81,1566864,4018,0.0169525318162832,0.009398897178471,0.9787163734436036,0.9787164,0.9435107332893972,0.00045663118362415656,-0.0011908410520011792
7,sd,51,Extra Trees,19344,4018,0.0231968612865294,0.013344421808958,0.9865552375692556,0.9865552381842452,0.973096756988515,0.986902117729187,XGBoost,81,1566864,4018,0.0223984250093411,0.0126400683075189,0.9874648451805116,0.98746485,0.9878630666496812,-0.0005627274513245739,-0.0003468801599314508
7,sd,52,Extra Trees,19344,4018,0.0228426409587814,0.0131476122378674,0.9858704802669018,0.9858704802175516,0.9725133345874648,0.9864566922187804,XGBoost,81,1566864,4018,0.0221931861295604,0.0124072656035423,0.98666250705719,0.9866625,0.989293645899246,-0.00020581483840964587,-0.0005862119518785791
7,sd,53,Extra Trees,19344,4018,0.0224116005736647,0.0127238119943388,0.9852331169413115,0.9852331166839752,0.9720685207761648,0.9853988289833068,XGBoost,81,1566864,4018,0.0215274787503873,0.0120769925415515,0.9863752126693726,0.9863752,0.987245977021928,-0.0009763836860657849,-0.00016571204199522516
7,sd,54,Extra Trees,19344,4018,0.0222270688157939,0.0125621669356333,0.9844724128688356,0.9844724140271645,0.96864108809633,0.9852356910705566,XGBoost,81,1566864,4018,0.0213131960023414,0.0119075728580355,0.9857230186462402,0.985723,0.9832394238115068,-0.00048732757568359375,-0.0007632782017210626
7,sd,55,Extra Trees,19344,4018,0.0220668875479304,0.0124342074717367,0.98510788723234,0.9851078872463672,0.9677817207223454,0.9846001267433168,XGBoost,81,1566864,4018,0.021008933931659,0.0114704901352524,0.9865015745162964,0.9865016,0.9864811777287618,-0.0019014477729796253,0.0005077604890232346
7,sd,56,Extra Trees,19344,4018,0.0222659892823732,0.0125769349670323,0.9845445999710528,0.984544599805602,0.9688493116414644,0.984639585018158,XGBoost,81,1566864,4018,0.0209685570598099,0.011419653892517,0.9862933158874512,0.9862933,0.9848111923268202,-0.0016537308692932129,-9.498504710514499e-05
7,sd,57,Extra Trees,19344,4018,0.0213712821679523,0.012137205386266,0.9843537487788848,0.9843537488454992,0.9691780179409226,0.9847717881202698,XGBoost,81,1566864,4018,0.019884048663076,0.0110008427873253,0.9864556193351746,0.9864556,0.989047558057578,-0.0016838312149047852,-0.000418039341384957
7,sd,58,Extra Trees,19344,4018,0.020798516055625,0.0117145388781527,0.9823837862941392,0.9823837871623118,0.9651502789839989,0.9835097193717957,XGBoost,81,1566864,4018,0.0192943005796778,0.0107569620013237,0.9848397374153136,0.98483974,0.9865537775291024,-0.0013300180435179554,-0.0011259330776564047
7,sd,59,Extra Trees,19344,4018,0.0192878441362376,0.0105756025914485,0.9804939181458592,0.9804939170531988,0.9688949006571128,0.9810948967933656,XGBoost,81,1566864,4018,0.0184540876180674,0.0101912850514054,0.9821438789367676,0.9821439,0.9734761832493126,-0.0010489821434019886,-0.0006009786475064116
7,sd,60,Extra Trees,19344,4018,0.0181650962226352,0.0097303336348242,0.9786423014449508,0.9786423024156776,0.9676620442945676,0.9794211983680724,XGBoost,81,1566864,4018,0.0179437171738526,0.0099223097786307,0.9791597127914428,0.9791597,0.9538586717424078,0.00026148557662963867,-0.0007788969231216081
7,sd,61,Extra Trees,19344,4018,0.016866305778863,0.0088421447251808,0.97535563402735,0.9753556338376448,0.9602411368708776,0.9774239659309388,XGBoost,81,1566864,4018,0.0163212079958162,0.0090600382536649,0.976922869682312,0.97692287,0.9355709071783992,0.00050109624862682,-0.0020683319035887937
7,sd,62,Extra Trees,19344,4018,0.0151807698484003,0.0079234151736455,0.975300415871016,0.9753004144756384,0.9691692767214404,0.9754862785339355,XGBoost,81,1566864,4018,0.0146452025974186,0.0082257678732275,0.9770124554634094,0.97701246,0.928794637039359,-0.001526176929473877,-0.00018586266291953368
7,sd,63,Extra Trees,19344,4018,0.0217383438923928,0.0124909234560537,0.9869276209618149,0.9869276207297832,0.9791991901689432,0.9874008893966676,XGBoost,81,1566864,4018,0.0209751267037238,0.012018728069961,0.9878294467926024,0.98782945,0.9923802722976688,-0.00042855739593483655,-0.00047326843485273606
7,sd,64,Extra Trees,19344,4018,0.0214240981238776,0.0124923415369451,0.987055885055804,0.9870558855073588,0.980492197247293,0.9873589873313904,XGBoost,81,1566864,4018,0.0208939804077014,0.0118998028337955,0.9876885414123536,0.98768854,0.991873063551133,-0.0003295540809632458,-0.0003031022755863866
7,sd,65,Extra Trees,19344,4018,0.0214452456894801,0.0125128359099428,0.9865941242530502,0.9865941256271312,0.976859987197256,0.9870508909225464,XGBoost,81,1566864,4018,0.0205329828542612,0.0117056537419557,0.987710416316986,0.9877104,0.9854590105238378,-0.0006595253944395862,-0.00045676666949623357
7,sd,66,Extra Trees,19344,4018,0.0207184656801208,0.0121093032410691,0.9862983012986436,0.9862983012105482,0.9768642299862188,0.986705243587494,XGBoost,81,1566864,4018,0.0202351974733007,0.0114943170920014,0.9869300723075868,0.9869301,0.9812417915893386,-0.00022482872009277344,-0.0004069422888504093
7,sd,67,Extra Trees,19344,4018,0.0192947736866112,0.0111294956573601,0.9851859877636044,0.9851859866550964,0.9682151187332896,0.9850091338157654,XGBoost,81,1566864,4018,0.0185835035763545,0.0105743082240223,0.986258029937744,0.98625803,0.986535132141974,-0.0012488961219786487,0.00017685394783906183
7,sd,68,Extra Trees,19344,4018,0.0181189392208447,0.0102629371156465,0.9830125452677448,0.9830125447784296,0.9672167191462104,0.982866108417511,XGBoost,81,1566864,4018,0.0174095402727484,0.0098784137517213,0.9843167066574096,0.9843167,0.9747214015854596,-0.0014505982398985706,0.00014643685023385533
7,sd,69,Extra Trees,19344,4018,0.0178245416673372,0.0099122565573286,0.9800537183662724,0.9800537187599412,0.9682812393436008,0.9800487756729126,XGBoost,81,1566864,4018,0.0168138536386148,0.0095574613660573,0.9822515845298768,0.9822516,0.969339352521474,-0.0022028088569642224,4.9426933598217815e-06
7,sd,70,Extra Trees,19344,4018,0.0170546149827435,0.0092966297197706,0.9777941944679894,0.9777941945407022,0.9671431770467066,0.978721559047699,XGBoost,81,1566864,4018,0.0160817819183489,0.0091686388477683,0.9802552461624146,0.98025525,0.955488400731186,-0.0015336871147155762,-0.0009273645797095442
7,sd,71,Extra Trees,19344,4018,0.0158371737344956,0.0084656242024287,0.977498944154934,0.977498943897915,0.966862222691208,0.9770717024803162,XGBoost,81,1566864,4018,0.0155630864101171,0.0088203148916363,0.9782710075378418,0.978271,0.9452703630964566,-0.0011993050575256348,0.0004272416746178287
7,sd,72,Extra Trees,19344,4018,0.016154851754313,0.0085313338115355,0.9762120234674818,0.9762120224206494,0.9642693111988628,0.9779134392738342,XGBoost,81,1566864,4018,0.0151233479450018,0.0084363454952836,0.9791527986526488,0.9791528,0.9547624679136884,-0.0012393593788145862,-0.0017014158063524132
7,sd,73,Extra Trees,19344,4018,0.0145169260516007,0.0076265597558209,0.9764528904830084,0.9764528927207842,0.9633489685161036,0.9781095385551452,XGBoost,81,1566864,4018,0.0134727060892068,0.0077422163449227,0.9797186255455016,0.9797186,0.9467867513124962,-0.0016090869903564453,-0.0016566480721367238
7,sd,74,Extra Trees,19344,4018,0.0123624789688719,0.0064121810845399,0.9706225840275138,0.9706225811820646,0.96281444327885,0.969880998134613,XGBoost,81,1566864,4018,0.0130767276989791,0.0071315481327474,0.9671299457550048,0.96712995,0.911897782842528,0.0027510523796082653,0.0007415858929007424
7,sd,75,Extra Trees,19344,4018,0.014804076847327,0.0080198028817052,0.9756098138078666,0.9756098138023102,0.969214806280248,0.9766595363616944,XGBoost,81,1566864,4018,0.0142118096615155,0.0081324633210897,0.977522313594818,0.9775223,0.9556183885311652,-0.0008627772331235573,-0.0010497225538278476
7,sd,76,Extra Trees,19344,4018,0.01433080828541,0.0074301513956194,0.970352343679876,0.9703523421923071,0.9648180110544996,0.971682608127594,XGBoost,81,1566864,4018,0.0142109894689621,0.0079857986420392,0.9708460569381714,0.97084606,0.9300906410373307,0.0008365511894226074,-0.0013302644477179992
7,sd,77,Extra Trees,19344,4018,0.0144216825438175,0.0073479806675167,0.9711304655185689,0.971130464218414,0.9645123069672392,0.9711768627166748,XGBoost,81,1566864,4018,0.014323884983637,0.0078454781323671,0.9715206623077391,0.97152066,0.9511475952327726,-0.0003437995910643421,-4.639719810595189e-05
7,sd,78,Extra Trees,19344,4018,0.0131986706046012,0.0068898228421329,0.9749754247919722,0.9749754260289628,0.9703228526856348,0.9763193130493164,XGBoost,81,1566864,4018,0.0136084704197025,0.0076231718994677,0.9733973741531372,0.9733974,0.9496618443491202,0.0029219388961791992,-0.0013438882573442168
7,sd,79,Extra Trees,19344,4018,0.0118896589798112,0.0062275976436459,0.971030499994442,0.9710305003345996,0.9629190856094852,0.9732269644737244,XGBoost,81,1566864,4018,0.0126050210695722,0.0070450119674205,0.9674396514892578,0.96743965,0.9430908557592594,0.005787312984466553,-0.002196464479282345
7,sd,80,Extra Trees,19344,4018,0.0127189997548722,0.0063792114491096,0.9684271655154983,0.9684271654372366,0.9676561297445782,0.9691261649131776,XGBoost,81,1566864,4018,0.0141200245060666,0.0074921837076544,0.9610884189605712,0.9610884,0.9408777269006044,0.008037745952606423,-0.0006989993976792563
7,sd,81,Extra Trees,19344,4018,0.0126124916613885,0.006110578015363,0.9623992000655784,0.9623991987048266,0.965315291722081,0.9655969142913818,XGBoost,81,1566864,4018,0.0136173969135128,0.0072445403784513,0.9561687707901,0.9561688,0.9295353990553702,0.00942814350128185,-0.003197714225803394
7,smlt_mm,0,XGBoost,19344,4018,0.9283400957442236,0.3978162705898285,0.5573689937591553,0.5573689937591553,0.5261122857892262,0.5573689937591553,XGBoost,81,1566864,4018,1.277161051432227,0.5636517405509949,0.1622413396835327,0.16224134,0.191879560242244,0.39512765407562256,0.0
7,smlt_mm,1,XGBoost,19344,4018,1.3384279383376383,0.5635449886322021,0.679533064365387,0.679533064365387,0.6787675936070043,0.679533064365387,XGBoost,81,1566864,4018,1.5745994542953723,0.6383436322212219,0.556459367275238,0.55645937,0.4697088187094429,0.12307369709014893,0.0
7,smlt_mm,2,XGBoost,19344,4018,1.2487975058621723,0.5428690910339355,0.6718763709068298,0.6718763709068298,0.664990803660036,0.6718763709068298,XGBoost,81,1566864,4018,1.4266415861337616,0.6152132153511047,0.5717639923095703,0.571764,0.5228834868671075,0.10011237859725952,0.0
7,smlt_mm,3,XGBoost,19344,4018,1.2280384586506188,0.5468190908432007,0.6959496736526489,0.6959496736526489,0.7221675800155787,0.6959496736526489,XGBoost,81,1566864,4018,1.3756054498928916,0.6064168810844421,0.6184870004653931,0.618487,0.5703040141605518,0.07746267318725586,0.0
7,smlt_mm,4,XGBoost,19344,4018,1.324001418202266,0.5892924070358276,0.7242050170898438,0.7242050170898438,0.7677058282873248,0.7242050170898438,XGBoost,81,1566864,4018,1.4892121855203164,0.6581648588180542,0.6510826349258423,0.65108263,0.6720770776496365,0.07312238216400146,0.0
7,smlt_mm,5,XGBoost,19344,4018,1.5993223573250548,0.6508998274803162,0.720158576965332,0.720158576965332,0.7693768995828114,0.720158576965332,XGBoost,81,1566864,4018,1.7412642012412043,0.7169614434242249,0.6682817935943604,0.6682818,0.598747960542907,0.05187678337097168,0.0
7,smlt_mm,6,XGBoost,19344,4018,1.8071909133427704,0.7430825233459473,0.7669250965118408,0.7669250965118408,0.7859087791439276,0.7669250965118408,XGBoost,81,1566864,4018,1.9789255965801056,0.8036677837371826,0.7205227613449097,0.72052276,0.6209570290285666,0.04640233516693115,0.0
7,smlt_mm,7,XGBoost,19344,4018,1.743316626617632,0.7318478226661682,0.7885721921920776,0.7885721921920776,0.7940653242318605,0.7885721921920776,XGBoost,81,1566864,4018,1.921591016675992,0.7928742170333862,0.7431192994117737,0.7431193,0.6336105277560113,0.045452892780303955,0.0
7,smlt_mm,8,XGBoost,19344,4018,1.7743272607931029,0.7261348366737366,0.795153796672821,0.795153796672821,0.7981362267114694,0.795153796672821,XGBoost,81,1566864,4018,1.9489857872708471,0.7895325422286987,0.7528402209281921,0.7528402,0.6143234119318738,0.042313575744628906,0.0
7,smlt_mm,9,XGBoost,19344,4018,1.887953454930984,0.7731487154960632,0.7744021415710449,0.7744021415710449,0.7520530227314235,0.7744021415710449,XGBoost,81,1566864,4018,1.8789235072622243,0.7635435461997986,0.7765550017356873,0.776555,0.7017847251245883,-0.002152860164642334,0.0
7,smlt_mm,10,XGBoost,19344,4018,2.018928009782742,0.7940797209739685,0.7532739639282227,0.7532739639282227,0.7175824948342182,0.7532739639282227,XGBoost,81,1566864,4018,1.8626519186031776,0.7309012413024902,0.7899916172027588,0.7899916,0.7481416376880347,-0.03671765327453613,0.0
7,smlt_mm,11,XGBoost,19344,4018,1.8200012726831705,0.7327128052711487,0.7644054293632507,0.7644054293632507,0.788332678303218,0.7644054293632507,XGBoost,81,1566864,4018,1.9697464737195471,0.7821748852729797,0.7240422964096069,0.7240423,0.6291022987064354,0.0403631329536438,0.0
7,smlt_mm,12,XGBoost,19344,4018,1.8908048812162448,0.7556501626968384,0.7514476776123047,0.7514476776123047,0.7878323968609606,0.7514476776123047,XGBoost,81,1566864,4018,2.027649137983176,0.7970144152641296,0.7141685485839844,0.71416855,0.6122684648687318,0.03727912902832031,0.0
7,smlt_mm,13,XGBoost,19344,4018,1.909939619078572,0.7497652173042297,0.752777099609375,0.752777099609375,0.8001969274424846,0.752777099609375,XGBoost,81,1566864,4018,2.042593168377263,0.7897940278053284,0.7172430753707886,0.7172431,0.6139329876490125,0.035534024238586426,0.0
7,smlt_mm,14,XGBoost,19344,4018,1.8752635770549575,0.7384583950042725,0.7687224745750427,0.7687224745750427,0.7908823343811935,0.7687224745750427,XGBoost,81,1566864,4018,2.0940544704140422,0.8011139035224915,0.7116069793701172,0.711607,0.6087524130979791,0.05711549520492554,0.0
7,smlt_mm,15,XGBoost,19344,4018,1.959411209477617,0.7700778841972351,0.776184618473053,0.776184618473053,0.7589191054608659,0.776184618473053,XGBoost,81,1566864,4018,2.134908352030556,0.8071752190589905,0.7342965602874756,0.73429656,0.6184195726843056,0.04188805818557739,0.0
7,smlt_mm,16,XGBoost,19344,4018,1.7705859815591765,0.7268044352531433,0.7756727933883667,0.7756727933883667,0.7923709951285165,0.7756727933883667,XGBoost,81,1566864,4018,1.950908532380513,0.7880814671516418,0.7276536226272583,0.7276536,0.6539027865906242,0.0480191707611084,0.0
7,smlt_mm,17,XGBoost,19344,4018,1.8709863938530595,0.7636620998382568,0.7768199443817139,0.7768199443817139,0.8035131996245659,0.7768199443817139,XGBoost,81,1566864,4018,2.108317470365212,0.8305186033248901,0.716609001159668,0.716609,0.5951124809563559,0.0602109432220459,0.0
7,smlt_mm,18,XGBoost,19344,4018,1.858631209661024,0.7531036138534546,0.7764276266098022,0.7764276266098022,0.7855414402629952,0.7764276266098022,XGBoost,81,1566864,4018,1.9884060743679224,0.7812622785568237,0.7441167831420898,0.7441168,0.6328333919635515,0.0323108434677124,0.0
7,smlt_mm,19,XGBoost,19344,4018,1.884350919806884,0.7666587829589844,0.7889248728752136,0.7889248728752136,0.7689985215212798,0.7889248728752136,XGBoost,81,1566864,4018,2.028984449640042,0.7926082015037537,0.7552791833877563,0.7552792,0.6394804593865311,0.033645689487457275,0.0
7,smlt_mm,20,XGBoost,19344,4018,2.0527291483862458,0.7959221005439758,0.7862488627433777,0.7862488627433777,0.7436931498602045,0.7862488627433777,XGBoost,81,1566864,4018,2.1935013328532547,0.8492619395256042,0.7559263706207275,0.7559264,0.6264626390474359,0.030322492122650146,0.0
7,smlt_mm,21,XGBoost,19344,4018,2.0419617134786696,0.8193262815475464,0.7844181656837463,0.7844181656837463,0.7688651742717983,0.7844181656837463,XGBoost,81,1566864,4018,2.216399223523571,0.8703234195709229,0.7460122108459473,0.7460122,0.6048188590274175,0.03840595483779907,0.0
7,smlt_mm,22,XGBoost,19344,4018,2.008339660550145,0.8074690699577332,0.7967879772186279,0.7967879772186279,0.7827988324578484,0.7967879772186279,XGBoost,81,1566864,4018,2.2077603106529553,0.8681990504264832,0.754427969455719,0.75442797,0.6122856499574527,0.042360007762908936,0.0
7,smlt_mm,23,XGBoost,19344,4018,2.052200959476477,0.8138163685798645,0.7778182625770569,0.7778182625770569,0.7601284544521776,0.7778182625770569,XGBoost,81,1566864,4018,2.1794366726410037,0.8487734198570251,0.7494138479232788,0.74941385,0.6214522488421974,0.028404414653778076,0.0
7,smlt_mm,24,XGBoost,19344,4018,1.817357165090556,0.7267622351646423,0.7661082148551941,0.7661082148551941,0.7507305185400915,0.7661082148551941,XGBoost,81,1566864,4018,1.841725482548096,0.7326105833053589,0.7597938179969788,0.7597938,0.6641439065000311,0.006314396858215332,0.0
7,smlt_mm,25,XGBoost,19344,4018,1.5636956789871723,0.6184856295585632,0.7287541031837463,0.7287541031837463,0.7661043317138088,0.7287541031837463,XGBoost,81,1566864,4018,1.6584712554216352,0.6526032090187073,0.6948772668838501,0.69487727,0.6903786137486452,0.03387683629989624,0.0
7,smlt_mm,26,XGBoost,19344,4018,2.005308972760285,0.8136233687400818,0.8014875650405884,0.8014875650405884,0.7620933588707091,0.8014875650405884,XGBoost,81,1566864,4018,1.990505570642246,0.7931108474731445,0.8044076561927795,0.80440766,0.7363213661679429,-0.002920091152191162,0.0
7,smlt_mm,27,XGBoost,19344,4018,1.91835947194038,0.8030275106430054,0.8038938641548157,0.8038938641548157,0.7818150810191477,0.8038938641548157,XGBoost,81,1566864,4018,1.953315725550965,0.7909296154975891,0.7966818809509277,0.7966819,0.7292483113640603,0.0072119832038879395,0.0
7,smlt_mm,28,XGBoost,19344,4018,1.9532066022992187,0.8076266050338745,0.8048544526100159,0.8048544526100159,0.7778146984980113,0.8048544526100159,XGBoost,81,1566864,4018,2.0015530516783366,0.7973496913909912,0.7950742840766907,0.7950743,0.6963887990846354,0.009780168533325195,0.0
7,smlt_mm,29,XGBoost,19344,4018,2.0398663218961324,0.8132257461547852,0.7980263233184814,0.7980263233184814,0.7835259900706947,0.7980263233184814,XGBoost,81,1566864,4018,1.9227550941551577,0.7712958455085754,0.8205516934394836,0.8205517,0.7424104180647428,-0.022525370121002197,0.0
7,smlt_mm,30,XGBoost,19344,4018,1.8452324161061264,0.7225462794303894,0.8059154152870178,0.8059154152870178,0.7537000115443941,0.8059154152870178,XGBoost,81,1566864,4018,2.001864875150927,0.8138757348060608,0.7715672254562378,0.7715672,0.8691422909392889,0.03434818983078003,0.0
7,smlt_mm,31,XGBoost,19344,4018,1.8386068863868283,0.7236650586128235,0.8241167664527893,0.8241167664527893,0.7456895716593194,0.8241167664527893,XGBoost,81,1566864,4018,1.7849647870049925,0.7288114428520203,0.8342300057411194,0.83423,0.8666132527636987,-0.010113239288330078,0.0
7,smlt_mm,32,XGBoost,19344,4018,1.7766397612051157,0.7481997609138489,0.806286633014679,0.806286633014679,0.7724957979952085,0.806286633014679,XGBoost,81,1566864,4018,1.7890456419571126,0.7410838007926941,0.803571879863739,0.8035719,0.8048018602240687,0.0027147531509399414,0.0
7,smlt_mm,33,XGBoost,19344,4018,1.7749984526291671,0.7365795373916626,0.8060598373413086,0.8060598373413086,0.7748983166853793,0.8060598373413086,XGBoost,81,1566864,4018,1.7817011479370783,0.7279531955718994,0.8045923709869385,0.8045924,0.78425573967969,0.0014674663543701172,0.0
7,smlt_mm,34,XGBoost,19344,4018,2.0344519394068032,0.7997745275497437,0.7854611277580261,0.7854611277580261,0.7495264426792019,0.7854611277580261,XGBoost,81,1566864,4018,1.899416070853694,0.7381685972213745,0.8129957914352417,0.8129958,0.7626491073567847,-0.027534663677215576,0.0
7,smlt_mm,35,XGBoost,19344,4018,2.023546841881616,0.8192508816719055,0.776188850402832,0.776188850402832,0.742908563889384,0.776188850402832,XGBoost,81,1566864,4018,1.886795200354897,0.7522327303886414,0.8054170608520508,0.80541706,0.7631393176300714,-0.02922821044921875,0.0
7,smlt_mm,36,XGBoost,19344,4018,1.8810020384749584,0.7748966217041016,0.7832501530647278,0.7832501530647278,0.7398376172959683,0.7832501530647278,XGBoost,81,1566864,4018,1.8516495438730287,0.7470731735229492,0.7899619936943054,0.789962,0.7211255104574386,-0.006711840629577637,0.0
7,smlt_mm,37,XGBoost,19344,4018,1.925748256067989,0.772203803062439,0.7714216709136963,0.7714216709136963,0.7376967645135186,0.7714216709136963,XGBoost,81,1566864,4018,1.9986400152677,0.7898388504981995,0.7537903189659119,0.7537903,0.646660689159211,0.017631351947784424,0.0
7,smlt_mm,38,XGBoost,19344,4018,1.8474848145517704,0.7288642525672913,0.7513395547866821,0.7513395547866821,0.7352891666766148,0.7513395547866821,XGBoost,81,1566864,4018,1.8211350444888768,0.7142760157585144,0.7583820223808289,0.758382,0.6851687956242667,-0.0070424675941467285,0.0
7,smlt_mm,39,XGBoost,19344,4018,1.9671012392894305,0.7952011227607727,0.8270155191421509,0.8270155191421509,0.7702422834599658,0.8270155191421509,XGBoost,81,1566864,4018,1.9090894594847552,0.8031970858573914,0.8370680212974548,0.837068,0.8947644925538144,-0.010052502155303955,0.0
7,smlt_mm,40,XGBoost,19344,4018,2.092673295295638,0.8552916646003723,0.8218040466308594,0.8218040466308594,0.7683335422772263,0.8218040466308594,XGBoost,81,1566864,4018,2.0300931717485837,0.8518268465995789,0.8323023915290833,0.8323024,0.7712737954902202,-0.010498344898223877,0.0
7,smlt_mm,41,XGBoost,19344,4018,1.9826676841139776,0.8493528366088867,0.8230862617492676,0.8230862617492676,0.7702179085049301,0.8230862617492676,XGBoost,81,1566864,4018,1.957343223208112,0.8318126201629639,0.8275768160820007,0.8275768,0.7636820289960293,-0.004490554332733154,0.0
7,smlt_mm,42,XGBoost,19344,4018,1.934346863475764,0.7910059094429016,0.8254271149635315,0.8254271149635315,0.7640402229693605,0.8254271149635315,XGBoost,81,1566864,4018,1.8619406173734765,0.7850592732429504,0.8382517099380493,0.8382517,0.8415425147273307,-0.012824594974517822,0.0
7,smlt_mm,43,XGBoost,19344,4018,1.9514647484541523,0.7494884133338928,0.8359018564224243,0.8359018564224243,0.7705588457225648,0.8359018564224243,XGBoost,81,1566864,4018,1.8334347812443224,0.7339695692062378,0.8551517724990845,0.8551518,0.875192215819862,-0.019249916076660156,0.0
7,smlt_mm,44,XGBoost,19344,4018,2.0485281056400395,0.7666262984275818,0.8344922065734863,0.8344922065734863,0.7789077770574568,0.8344922065734863,XGBoost,81,1566864,4018,1.988150481774592,0.7832056879997253,0.8441047072410583,0.8441047,0.8448472092583714,-0.009612500667572021,0.0
7,smlt_mm,45,XGBoost,19344,4018,2.1008081606797218,0.7648099660873413,0.8278407454490662,0.8278407454490662,0.7736401358807217,0.8278407454490662,XGBoost,81,1566864,4018,2.071297350142543,0.8063914775848389,0.8326435089111328,0.8326435,0.8020337264040063,-0.00480276346206665,0.0
7,smlt_mm,46,XGBoost,19344,4018,1.9727281613981165,0.7608065605163574,0.8221248388290405,0.8221248388290405,0.7565100912469946,0.8221248388290405,XGBoost,81,1566864,4018,1.925400825979615,0.7710733413696289,0.8305572271347046,0.8305572,0.8241947762769923,-0.008432388305664062,0.0
7,smlt_mm,47,XGBoost,19344,4018,1.9577808885998256,0.7801718711853027,0.800312876701355,0.800312876701355,0.7461880746643664,0.800312876701355,XGBoost,81,1566864,4018,1.9017058444633248,0.761243462562561,0.8115879893302917,0.811588,0.7755430600917418,-0.011275112628936768,0.0
7,smlt_mm,48,XGBoost,19344,4018,1.9765722101146432,0.7905932068824768,0.7828320860862732,0.7828320860862732,0.7375953858213671,0.7828320860862732,XGBoost,81,1566864,4018,1.9227927273050325,0.7614240646362305,0.7944889068603516,0.7944889,0.7340993937035716,-0.01165682077407837,0.0
7,smlt_mm,49,XGBoost,19344,4018,1.8376329101450375,0.7530622482299805,0.7776381373405457,0.7776381373405457,0.7258247682319914,0.7776381373405457,XGBoost,81,1566864,4018,1.790892285808129,0.7227510809898376,0.7888059616088867,0.78880596,0.7305678427581986,-0.011167824268341064,0.0
7,smlt_mm,50,XGBoost,19344,4018,1.68436479724632,0.6892431378364563,0.7545459270477295,0.7545459270477295,0.7042472795684718,0.7545459270477295,XGBoost,81,1566864,4018,1.631983861605005,0.6683273911476135,0.7695749998092651,0.769575,0.7799987055404722,-0.015029072761535645,0.0
7,smlt_mm,51,XGBoost,19344,4018,1.9295810561996245,0.7972608804702759,0.821749746799469,0.821749746799469,0.7623005777909139,0.821749746799469,XGBoost,81,1566864,4018,1.8721160962670615,0.788352370262146,0.8322086334228516,0.83220863,0.8933566219355541,-0.010458886623382568,0.0
7,smlt_mm,52,XGBoost,19344,4018,1.854479009773316,0.781165599822998,0.8240211009979248,0.8240211009979248,0.7614020325901545,0.8240211009979248,XGBoost,81,1566864,4018,1.8161937958539864,0.7800921201705933,0.8312121629714966,0.83121216,0.8993449671133645,-0.007191061973571777,0.0
7,smlt_mm,53,XGBoost,19344,4018,1.8443864273549768,0.7833672761917114,0.8215715885162354,0.8215715885162354,0.7579719787909712,0.8215715885162354,XGBoost,81,1566864,4018,1.8033750972154168,0.7833055853843689,0.8294183611869812,0.82941836,0.8873417759213227,-0.00784677267074585,0.0
7,smlt_mm,54,XGBoost,19344,4018,1.8499513851685896,0.7789270877838135,0.8228257894515991,0.8228257894515991,0.7500874497232279,0.8228257894515991,XGBoost,81,1566864,4018,1.808795102077131,0.7753487229347229,0.8306213617324829,0.83062136,0.864078600147514,-0.007795572280883789,0.0
7,smlt_mm,55,XGBoost,19344,4018,1.9201430914129431,0.7574859261512756,0.8214097619056702,0.8214097619056702,0.7481528284148102,0.8214097619056702,XGBoost,81,1566864,4018,1.83588497005552,0.7550400495529175,0.8367393612861633,0.83673936,0.8434902591876117,-0.015329599380493164,0.0
7,smlt_mm,56,XGBoost,19344,4018,1.926774208088028,0.7324343919754028,0.8193807005882263,0.8193807005882263,0.7584879315051966,0.8193807005882263,XGBoost,81,1566864,4018,1.826051759084465,0.7293425798416138,0.837770938873291,0.83777094,0.8493170491199755,-0.018390238285064697,0.0
7,smlt_mm,57,XGBoost,19344,4018,1.8107826383925896,0.70566326379776,0.8203591704368591,0.8203591704368591,0.7537334047447295,0.8203591704368591,XGBoost,81,1566864,4018,1.754853941988276,0.7099165320396423,0.831284761428833,0.83128476,0.8719397133571803,-0.010925590991973877,0.0
7,smlt_mm,58,XGBoost,19344,4018,1.8269023882509157,0.7111738920211792,0.794148325920105,0.794148325920105,0.7342973741818632,0.794148325920105,XGBoost,81,1566864,4018,1.780888704835316,0.723821222782135,0.8043872117996216,0.8043872,0.8509626840147296,-0.010238885879516602,0.0
7,smlt_mm,59,XGBoost,19344,4018,1.7642762425478955,0.7116637825965881,0.7912741899490356,0.7912741899490356,0.7354699250192476,0.7912741899490356,XGBoost,81,1566864,4018,1.7077693085649024,0.6955671310424805,0.804430365562439,0.80443037,0.7947440637832102,-0.01315617561340332,0.0
7,smlt_mm,60,XGBoost,19344,4018,1.8049204622322672,0.7373295426368713,0.7655302286148071,0.7655302286148071,0.7171213936179798,0.7655302286148071,XGBoost,81,1566864,4018,1.7446031459099087,0.7056706547737122,0.780939519405365,0.7809395,0.7506448624990373,-0.015409290790557861,0.0
7,smlt_mm,61,XGBoost,19344,4018,1.6437166420920477,0.6772600412368774,0.7464138269424438,0.7464138269424438,0.6951156515382337,0.7464138269424438,XGBoost,81,1566864,4018,1.5852236339071155,0.6564115285873413,0.7641408443450928,0.76414084,0.7714551791101262,-0.017727017402648926,0.0
7,smlt_mm,62,XGBoost,19344,4018,1.5354952450041712,0.6084293127059937,0.7294620275497437,0.7294620275497437,0.6815247128310333,0.7294620275497437,XGBoost,81,1566864,4018,1.475997413002373,0.6029582023620605,0.7500216364860535,0.75002164,0.816724637318368,-0.020559608936309814,0.0
7,smlt_mm,63,XGBoost,19344,4018,1.902895179740265,0.7805064916610718,0.8121742606163025,0.8121742606163025,0.7640128876895504,0.8121742606163025,XGBoost,81,1566864,4018,1.982965464361942,0.8189267516136169,0.7960349917411804,0.796035,0.7985382919412076,0.01613926887512207,0.0
7,smlt_mm,64,XGBoost,19344,4018,1.8205350158643028,0.747590184211731,0.8137013912200928,0.8137013912200928,0.7632582361564911,0.8137013912200928,XGBoost,81,1566864,4018,2.019829084322906,0.8299208283424377,0.7706805467605591,0.77068055,0.7316236852405935,0.04302084445953369,0.0
7,smlt_mm,65,XGBoost,19344,4018,1.755647742021255,0.7170711755752563,0.8196636438369751,0.8196636438369751,0.7721427003485006,0.8196636438369751,XGBoost,81,1566864,4018,2.072976295214207,0.8517225384712219,0.7485815286636353,0.7485815,0.6787728363972619,0.07108211517333984,0.0
7,smlt_mm,66,XGBoost,19344,4018,1.6870577903893522,0.6875730752944946,0.82047438621521,0.82047438621521,0.7870725788094404,0.82047438621521,XGBoost,81,1566864,4018,2.0269938554713005,0.8428211212158203,0.7408379316329956,0.74083793,0.6796928337617887,0.07963645458221436,0.0
7,smlt_mm,67,XGBoost,19344,4018,1.7333500213308777,0.7062997817993164,0.8101080656051636,0.8101080656051636,0.7675750944002193,0.8101080656051636,XGBoost,81,1566864,4018,1.7822714436771812,0.7343840003013611,0.7992379665374756,0.79923797,0.8440433805187232,0.010870099067687988,0.0
7,smlt_mm,68,XGBoost,19344,4018,1.687450125628356,0.68770831823349,0.8000125288963318,0.8000125288963318,0.7480769567596774,0.8000125288963318,XGBoost,81,1566864,4018,1.6589437926636958,0.6794366240501404,0.80671226978302,0.80671227,0.8690518621595231,-0.006699740886688232,0.0
7,smlt_mm,69,XGBoost,19344,4018,1.6692792046188745,0.682250440120697,0.7740439176559448,0.7740439176559448,0.7326014651597186,0.7740439176559448,XGBoost,81,1566864,4018,1.6248695614621986,0.671559751033783,0.7859066724777222,0.7859067,0.8628317187431496,-0.011862754821777344,0.0
7,smlt_mm,70,XGBoost,19344,4018,1.6259387312603448,0.6763240098953247,0.766079306602478,0.766079306602478,0.7287833040087707,0.766079306602478,XGBoost,81,1566864,4018,1.5840110165087686,0.6541398763656616,0.7779878377914429,0.77798784,0.8365176538758003,-0.011908531188964844,0.0
7,smlt_mm,71,XGBoost,19344,4018,1.6533242060552942,0.6760517358779907,0.7457321882247925,0.7457321882247925,0.7000128038993738,0.7457321882247925,XGBoost,81,1566864,4018,1.5866190380806988,0.6532459259033203,0.765835702419281,0.7658357,0.801100816108123,-0.020103514194488525,0.0
7,smlt_mm,72,XGBoost,19344,4018,1.7146506233344794,0.6490995287895203,0.725403904914856,0.725403904914856,0.6967332418523131,0.725403904914856,XGBoost,81,1566864,4018,1.6228271776369698,0.6352059245109558,0.7540268898010254,0.7540269,0.7915713085423189,-0.028622984886169434,0.0
7,smlt_mm,73,XGBoost,19344,4018,1.5132814359098603,0.5694222450256348,0.7126110792160034,0.7126110792160034,0.6743136701572965,0.7126110792160034,XGBoost,81,1566864,4018,1.4506324802716966,0.5795527696609497,0.7359139323234558,0.73591393,0.8066767699086026,-0.023302853107452393,0.0
7,smlt_mm,74,XGBoost,19344,4018,1.318201080991695,0.5186954140663147,0.6754560470581055,0.6754560470581055,0.7244786481898875,0.6754560470581055,XGBoost,81,1566864,4018,1.3302871159001657,0.5351963043212891,0.6694775223731995,0.6694775,0.8022396675601312,0.005978524684906006,0.0
7,smlt_mm,75,XGBoost,19344,4018,1.4936804368169625,0.6247314214706421,0.7383415699005127,0.7383415699005127,0.7278731603864637,0.7383415699005127,XGBoost,81,1566864,4018,1.4883155318189143,0.6195816993713379,0.7402178049087524,0.7402178,0.8463565889463476,-0.001876235008239746,0.0
7,smlt_mm,76,XGBoost,19344,4018,1.590207444939585,0.6612460613250732,0.6991912722587585,0.6991912722587585,0.7067441223077189,0.6991912722587585,XGBoost,81,1566864,4018,1.5545942575682128,0.6375916004180908,0.71251380443573,0.7125138,0.7797542483388323,-0.013322532176971436,0.0
7,smlt_mm,77,XGBoost,19344,4018,1.6616047363193545,0.6240082383155823,0.6846109628677368,0.6846109628677368,0.6728771225284043,0.6846109628677368,XGBoost,81,1566864,4018,1.5646275340955205,0.6109418272972107,0.7203510999679565,0.7203511,0.7731492577696337,-0.03574013710021973,0.0
7,smlt_mm,78,XGBoost,19344,4018,1.505976295137717,0.5308470726013184,0.6879584789276123,0.6879584789276123,0.665569806582887,0.6879584789276123,XGBoost,81,1566864,4018,1.4862641209219485,0.5794757604598999,0.6960738897323608,0.6960739,0.7566315206129737,-0.008115410804748535,0.0
7,smlt_mm,79,XGBoost,19344,4018,1.2686518513717675,0.476894199848175,0.6700232028961182,0.6700232028961182,0.7128767327170233,0.6700232028961182,XGBoost,81,1566864,4018,1.3049946954407436,0.52669757604599,0.6508468389511108,0.65084684,0.7018421654238831,0.019176363945007324,0.0
7,smlt_mm,80,XGBoost,19344,4018,1.5658667341604746,0.5986666083335876,0.6754179000854492,0.6754179000854492,0.7129467510869809,0.6754179000854492,XGBoost,81,1566864,4018,1.5226522916347984,0.5912166237831116,0.6930861473083496,0.69308615,0.7508463075192663,-0.01766824722290039,0.0
7,smlt_mm,81,XGBoost,19344,4018,1.553622393719544,0.5868484377861023,0.6151244640350342,0.6151244640350342,0.7010129447921802,0.6151244640350342,XGBoost,81,1566864,4018,1.4491796771023562,0.564605176448822,0.6651319265365601,0.6651319,0.743387351571087,-0.05000746250152588,0.0
15,snowc,0,Extra Trees,19336,4018,19.845682899850253,9.975598391915598,0.4680658339735082,0.4680658110594875,0.5585378333419853,0.4595769643783569,XGBoost,81,1566216,4018,25.74845926064072,14.171956062316896,0.1045768857002258,0.104576886,-0.0433704847980722,0.3550000786781311,0.008488869595151327
15,snowc,1,Extra Trees,19336,4018,19.71525161864497,9.68397230476301,0.7359733537329973,0.7359733346056188,0.794393991599669,0.7357125282287598,XGBoost,81,1566216,4018,21.634659037749763,10.895421981811523,0.6820614337921143,0.68206143,0.6937557715121655,0.05365109443664551,0.0002608255042375607
15,snowc,2,Extra Trees,19336,4018,19.00113461951638,9.474973048732776,0.7407728697508698,0.7407728821260982,0.8000264757569312,0.7385468482971191,XGBoost,81,1566216,4018,20.24319532057895,10.329421043395996,0.7057750225067139,0.705775,0.7432981958133507,0.03277182579040527,0.002226021453750615
15,snowc,3,Extra Trees,19336,4018,18.043409219958537,8.998691854463488,0.7740556981397017,0.7740557031367122,0.8200834297187001,0.7730886340141296,XGBoost,81,1566216,4018,19.153351158366597,9.712069511413574,0.7454027533531189,0.74540275,0.7904319659973675,0.027685880661010742,0.0009670641255720147
15,snowc,4,Extra Trees,19336,4018,17.710190238438326,8.411482277383554,0.8092815223496731,0.8092815423870818,0.8388095133041333,0.8079177737236023,XGBoost,81,1566216,4018,18.829316287520076,9.17632007598877,0.7844165563583374,0.78441656,0.8161139517284797,0.023501217365264893,0.0013637486260708043
15,snowc,5,Extra Trees,19336,4018,18.83965929362027,8.46305139159302,0.7996972853472641,0.7996973044457963,0.8426061355880676,0.7976710200309753,XGBoost,81,1566216,4018,19.918329954192007,9.401440620422363,0.7761039137840271,0.7761039,0.7900992881455702,0.021567106246948242,0.0020262653162888
15,snowc,6,Extra Trees,19336,4018,17.084712133427512,7.307376851322509,0.8506322287844191,0.8506322412388243,0.8772109800814787,0.849175214767456,XGBoost,81,1566216,4018,17.54419642289153,7.966978549957275,0.8424898386001587,0.84248984,0.861898579184163,0.006685376167297363,0.0014570140169630763
15,snowc,7,Extra Trees,19336,4018,16.722964949846123,7.160379859444321,0.8582174979356005,0.8582175043733891,0.8826060092227587,0.8566156029701233,XGBoost,81,1566216,4018,16.612427510834603,7.671992301940918,0.860085666179657,0.86008567,0.8893438468569571,-0.0034700632095336914,0.0016018949654772463
15,snowc,8,Extra Trees,19336,4018,16.390565158427325,6.896777636132018,0.8677648182654715,0.8677648124599953,0.8900731027300887,0.8642870783805847,XGBoost,81,1566216,4018,16.457902321624253,7.474459648132324,0.8666760921478271,0.8666761,0.8954445483159305,-0.0023890137672424316,0.0034777398848867547
15,snowc,9,Extra Trees,19336,4018,15.134272107291013,6.075705192104514,0.8935651716638577,0.8935651818733134,0.9137872658428284,0.89211106300354,XGBoost,81,1566216,4018,15.145777027527446,6.474761962890625,0.8934032917022705,0.8934033,0.9141810752220082,-0.0012922286987304688,0.001454108660317699
15,snowc,10,Extra Trees,19336,4018,13.910789521695518,5.4279326180281045,0.9140620080876726,0.9140620108021338,0.9296066539022672,0.9095712900161744,XGBoost,81,1566216,4018,13.830834281731198,5.853031635284424,0.9150470495224,0.91504705,0.925188173750165,-0.005475759506225586,0.004490718071498145
15,snowc,11,Extra Trees,19336,4018,17.6850809691656,7.605893972536845,0.8436281549101476,0.8436281401660181,0.8718413707077519,0.8447111248970032,XGBoost,81,1566216,4018,18.446468951993904,8.317512512207031,0.8298739194869995,0.8298739,0.8501408237942354,0.014837205410003662,-0.001082969986855531
15,snowc,12,Extra Trees,19336,4018,17.964538892468617,7.766684908933813,0.8390681341200539,0.8390681378873691,0.8706317709381886,0.8391101956367493,XGBoost,81,1566216,4018,18.069710424200306,8.322848320007324,0.8371782898902893,0.8371783,0.8709858280454232,0.001931905746459961,-4.206151669539082e-05
15,snowc,13,Extra Trees,19336,4018,17.544839933208163,7.521018101391609,0.8477816635526788,0.8477816359904243,0.8789085777465958,0.848422646522522,XGBoost,81,1566216,4018,17.541644436904463,8.046048164367676,0.8478370904922485,0.8478371,0.8780002844036919,0.0005855560302734375,-0.0006409829698431624
15,snowc,14,Extra Trees,19336,4018,16.85654023081148,7.01977154597439,0.8615063777073309,0.8615063697536809,0.8901422339070486,0.8620782494544983,XGBoost,81,1566216,4018,18.20386180778125,7.908334255218506,0.8384823799133301,0.8384824,0.8500403909890883,0.023595869541168213,-0.0005718717471674406
15,snowc,15,Extra Trees,19336,4018,16.18615719270593,6.604300670483682,0.8766197489902188,0.8766197411923007,0.9006431849149098,0.8769696354866028,XGBoost,81,1566216,4018,17.875758868561444,7.592900276184082,0.8495171070098877,0.8495171,0.852967844617428,0.027452528476715088,-0.0003498864963840109
15,snowc,16,Extra Trees,19336,4018,17.0348136460701,7.328780124492984,0.8554187123187295,0.8554186972285376,0.8841859509727045,0.8592238426208496,XGBoost,81,1566216,4018,17.45932511431257,7.815337181091309,0.8481228947639465,0.8481229,0.8781528734433572,0.011100947856903076,-0.003805130302120152
15,snowc,17,Extra Trees,19336,4018,18.1657403011864,7.730042061295767,0.8370344022453984,0.837034412374537,0.8696421266459662,0.8419484496116638,XGBoost,81,1566216,4018,17.667828407716982,8.082549095153809,0.8458455801010132,0.8458456,0.8851623276864569,-0.0038971304893493652,-0.004914047366265439
15,snowc,18,Extra Trees,19336,4018,17.158512713568108,7.239614223788744,0.8556823739003865,0.8556823864154494,0.8801801864236218,0.8587204813957214,XGBoost,81,1566216,4018,16.99288701864741,7.594786167144775,0.8584550619125366,0.85845506,0.8879174418811819,0.00026541948318481445,-0.003038107495334952
15,snowc,19,Extra Trees,19336,4018,15.649701543596692,6.357966872169618,0.8839775524876852,0.8839775417963387,0.9003388098541469,0.8841112852096558,XGBoost,81,1566216,4018,16.703913356921692,7.126597881317139,0.8678197860717773,0.8678198,0.8754139130930357,0.016291499137878418,-0.00013373272197059194
15,snowc,20,Extra Trees,19336,4018,15.322800430489435,5.982379522577239,0.8929685689573661,0.8929685758145114,0.9106771903156706,0.8905711770057678,XGBoost,81,1566216,4018,16.407415323197334,6.823809623718262,0.8772799968719482,0.87728,0.8832504011548787,0.01329118013381958,0.002397391951598271
15,snowc,21,Extra Trees,19336,4018,15.540887731260352,6.193191339574935,0.8888776151881473,0.8888776160776816,0.908851152495695,0.8873826265335083,XGBoost,81,1566216,4018,15.632891073796788,6.676718711853027,0.8875579833984375,0.887558,0.9095274343635552,-0.00017535686492919922,0.00149498865463904
15,snowc,22,Extra Trees,19336,4018,15.224165613401992,5.985570932036737,0.8948488187788894,0.8948488278308594,0.9157071829732374,0.8932846784591675,XGBoost,81,1566216,4018,15.217593421304592,6.616393089294434,0.8949396014213562,0.8949396,0.9160180363809524,-0.0016549229621887207,0.0015641403197219628
15,snowc,23,Extra Trees,19336,4018,14.807895565051243,5.810508107727213,0.901218092348702,0.9012181085211368,0.9209898710646776,0.9018764495849608,XGBoost,81,1566216,4018,14.713550078353054,6.242955684661865,0.9024728536605836,0.90247285,0.9219449151290984,-0.0005964040756227806,-0.0006583572362588441
15,snowc,24,Extra Trees,19336,4018,14.922972003978831,6.217893818192748,0.894581468534135,0.8945814591120591,0.9134894469016748,0.8943061828613281,XGBoost,81,1566216,4018,14.851065220501653,6.504446029663086,0.8955949544906616,0.89559495,0.9139773891338406,-0.001288771629333496,0.00027528567280687977
15,snowc,25,Extra Trees,19336,4018,16.509625103423115,7.27200513096722,0.8605399195725235,0.8605399081124041,0.884522751270153,0.8560773134231567,XGBoost,81,1566216,4018,16.67858511433196,7.637576103210449,0.857670783996582,0.8576708,0.878410939367263,-0.001593470573425293,0.004462606149366777
15,snowc,26,Extra Trees,19336,4018,15.04209911026712,5.749238858054677,0.898421275169262,0.8984212607352865,0.9210874423187728,0.8950387835502625,XGBoost,81,1566216,4018,14.67224627625285,5.9649577140808105,0.903355062007904,0.90335506,0.9224408173522296,-0.008316278457641602,0.003382491618999506
15,snowc,27,Extra Trees,19336,4018,15.3419047148425,6.1029508125321605,0.8924394244266284,0.8924394153872987,0.9141906142716136,0.8927040696144104,XGBoost,81,1566216,4018,14.750068793702129,6.1514105796813965,0.900577962398529,0.90057796,0.9287322968026456,-0.007873892784118652,-0.00026464518778201995
15,snowc,28,Extra Trees,19336,4018,15.691624953361206,6.187141779969126,0.8888586703626221,0.8888586677320156,0.910451529855371,0.8899166584014893,XGBoost,81,1566216,4018,15.09731514410913,6.349796772003174,0.8971180319786072,0.89711803,0.9219633620128516,-0.00720137357711792,-0.0010579880388671414
15,snowc,29,Extra Trees,19336,4018,15.326410386617605,5.786655940586875,0.8962975363201929,0.8962975365784666,0.9186686481159022,0.8980363607406616,XGBoost,81,1566216,4018,14.661146570101534,5.8803582191467285,0.9051048755645752,0.9051049,0.9202726833980948,-0.007068514823913574,-0.0017388244204686876
15,snowc,30,Extra Trees,19336,4018,12.874608899289097,5.038205991476254,0.9254866375934772,0.925486635460512,0.940121245502373,0.923160195350647,XGBoost,81,1566216,4018,13.25557030244149,5.715998649597168,0.9210116863250732,0.9210117,0.944046390897384,0.0021485090255737305,0.0023264422428301845
15,snowc,31,Extra Trees,19336,4018,13.58026357163065,5.136059555935424,0.9185333197004428,0.9185333082866256,0.935641315329343,0.911669671535492,XGBoost,81,1566216,4018,12.937928713269695,5.2085652351379395,0.9260576367378236,0.92605764,0.9376764076358994,-0.014387965202331543,0.006863648164950775
15,snowc,32,Extra Trees,19336,4018,14.657180450100904,5.975766359825504,0.9000667022645332,0.9000667132199099,0.9202212485049346,0.8985310196876526,XGBoost,81,1566216,4018,14.556382101597062,6.09837532043457,0.9014365077018738,0.9014365,0.9300967272045436,-0.0029054880142211914,0.001535682576880637
15,snowc,33,Extra Trees,19336,4018,14.724478827363056,5.955164493517843,0.8995372427286331,0.8995372450147525,0.916697550449427,0.8973246216773987,XGBoost,81,1566216,4018,14.453510869004448,6.009287357330322,0.9032007455825806,0.90320075,0.924689143334574,-0.005876123905181885,0.0022126210512344313
15,snowc,34,Extra Trees,19336,4018,14.209655235556465,5.507828604806038,0.9111642637129542,0.9111642621654692,0.9243356454771092,0.902579426765442,XGBoost,81,1566216,4018,13.878776517476975,5.669568061828613,0.9152532815933228,0.9152533,0.925276541949006,-0.012673854827880748,0.00858483694751222
15,snowc,35,Extra Trees,19336,4018,13.922102919395314,5.45427702314054,0.9147112864061702,0.9147112858405628,0.927284859163962,0.908456325531006,XGBoost,81,1566216,4018,13.58844409740428,5.591290473937988,0.9187504053115844,0.9187504,0.9289280070422608,-0.010294079780578391,0.006254960875164195
15,snowc,36,Extra Trees,19336,4018,14.11862146727129,5.70632896273097,0.9101413204661214,0.9101413286376676,0.9241255771849574,0.908780872821808,XGBoost,81,1566216,4018,13.99345517446376,5.827262878417969,0.9117275476455688,0.91172755,0.931398755625321,-0.0029466748237608753,0.0013604476443134228
15,snowc,37,Extra Trees,19336,4018,15.025143341027562,6.023431827549311,0.8979922594228534,0.8979922491961886,0.9181905690837912,0.8964312672615051,XGBoost,81,1566216,4018,15.023790439659516,6.3674468994140625,0.8980106115341187,0.8980106,0.921728292148443,-0.0015793442726135254,0.0015609921613483069
15,snowc,38,Extra Trees,19336,4018,15.030004421116102,6.131398937178012,0.8964838013903739,0.8964837953485805,0.9181461922928034,0.8980441689491272,XGBoost,81,1566216,4018,15.05993174584311,6.432472229003906,0.8960711359977722,0.89607114,0.9181653659114448,0.0019730329513549805,-0.0015603675587533283
15,snowc,39,Extra Trees,19336,4018,13.798600252936277,4.975809117649132,0.918314347735434,0.9183143558035854,0.9360666037594316,0.915635883808136,XGBoost,81,1566216,4018,13.265692289471565,5.322175025939941,0.9245020151138306,0.924502,0.941307681764814,-0.00886613130569458,0.0026784639272979804
15,snowc,40,Extra Trees,19336,4018,14.989849404171668,5.445099672216879,0.9038848882304092,0.9038848955613072,0.9253616191040096,0.9009034037590028,XGBoost,81,1566216,4018,14.840947515052106,5.930161952972412,0.9057849645614624,0.90578496,0.924805002746577,-0.004881560802459606,0.002981484471406448
15,snowc,41,Extra Trees,19336,4018,15.183405538103097,5.7221278558134205,0.8999833633494543,0.8999833654085954,0.9197984933108366,0.8989889621734619,XGBoost,81,1566216,4018,15.06433246276874,6.030630588531494,0.9015459418296814,0.90154594,0.9231755061646438,-0.0025569796562194824,0.0009944011759923654
15,snowc,42,Extra Trees,19336,4018,13.750590406251977,5.1870019481007885,0.9178971364423106,0.9178971319980108,0.933971528236464,0.914101243019104,XGBoost,81,1566216,4018,13.392876488081267,5.354414463043213,0.922113299369812,0.9221133,0.9419192221084872,-0.008012056350708008,0.003795893423206631
15,snowc,43,Extra Trees,19336,4018,12.328148297145452,4.505981693034873,0.9356070132963248,0.9356070107209236,0.9453325009699648,0.9299665689468384,XGBoost,81,1566216,4018,11.756478978573169,4.671727657318115,0.9414404630661012,0.94144046,0.9476079927248708,-0.011473894119262806,0.0056404443494864065
15,snowc,44,Extra Trees,19336,4018,12.046413113312967,4.1941867914207,0.9395092660744808,0.9395092649889448,0.9453543160860384,0.9357277154922484,XGBoost,81,1566216,4018,11.592098149254651,4.563122749328613,0.943985879421234,0.9439859,0.9420910614208576,-0.008258163928985596,0.003781550582232396
15,snowc,45,Extra Trees,19336,4018,12.03980943381848,4.2917569159507005,0.939268963615816,0.9392689602902072,0.9443870910450146,0.9334835410118104,XGBoost,81,1566216,4018,11.896037851013016,4.685222148895264,0.940710723400116,0.9407107,0.9412711214104376,-0.007227182388305553,0.005785422604005608
15,snowc,46,Extra Trees,19336,4018,12.290882316319832,4.5102542294428245,0.9364898088532568,0.936489808133942,0.9414856249255208,0.9343174695968628,XGBoost,81,1566216,4018,11.934831410860568,4.6892876625061035,0.9401161074638368,0.9401161,0.942072550849477,-0.005798637866973988,0.0021723392563940402
15,snowc,47,Extra Trees,19336,4018,14.052024622583902,5.500841881111899,0.9140940651922376,0.9140940802804474,0.9291585943389494,0.9116836190223694,XGBoost,81,1566216,4018,13.592596035790496,5.483095645904541,0.919619619846344,0.9196196,0.9395385410101608,-0.00793600082397461,0.0024104461698681856
15,snowc,48,Extra Trees,19336,4018,14.684422792236306,5.8420151919358645,0.9051352127859956,0.9051352095027074,0.9218009036933136,0.905832052230835,XGBoost,81,1566216,4018,14.322253239843617,5.822388172149658,0.9097568988800048,0.9097569,0.9335638710144236,-0.003924846649169811,-0.0006968394448393367
15,snowc,49,Extra Trees,19336,4018,15.025004276147165,6.204518959593311,0.8986533183602095,0.8986533359706191,0.9167401645869372,0.9004533886909485,XGBoost,81,1566216,4018,14.531262075767833,6.140904903411865,0.9052046537399292,0.90520465,0.929875301747172,-0.004751265048980713,-0.0018000703307390342
15,snowc,50,Extra Trees,19336,4018,15.381365676114545,6.494949640711067,0.8923818376290612,0.8923818316030416,0.915063901311494,0.8943159580230713,XGBoost,81,1566216,4018,14.740821180722302,6.426560878753662,0.9011585116386414,0.9011585,0.9247749365187324,-0.006842553615570068,-0.001934120394010086
15,snowc,51,Extra Trees,19336,4018,13.791848809103868,5.213407689744149,0.9185732765800444,0.9185732861414762,0.9307459570812436,0.9141206741333008,XGBoost,81,1566216,4018,13.543119726227976,5.534320831298828,0.9214837551116944,0.92148376,0.9372175017347988,-0.007363080978393666,0.004452602446743614
15,snowc,52,Extra Trees,19336,4018,13.610399591535364,5.231362832415824,0.9195163420936544,0.919516340677782,0.9327036947350736,0.9188430905342102,XGBoost,81,1566216,4018,13.555067988175583,5.513304710388184,0.9201694130897522,0.9201694,0.9389768758672852,-0.0013263225555419922,0.000673251559444199
15,snowc,53,Extra Trees,19336,4018,14.035362687677994,5.486109365998392,0.9141135650700654,0.9141135520229304,0.9295316273964864,0.9154092073440552,XGBoost,81,1566216,4018,13.9882703417299,5.684229373931885,0.9146889448165894,0.91468894,0.9351145548598366,0.0007202625274658203,-0.0012956422739898166
15,snowc,54,Extra Trees,19336,4018,14.617800961866378,5.6468532009120205,0.9076371384314832,0.9076371466567072,0.9234316697341952,0.9073807001113892,XGBoost,81,1566216,4018,14.537383198289376,5.871683120727539,0.9086505770683287,0.9086506,0.9293486222598132,-0.0012698769569395862,0.00025643832009403233
15,snowc,55,Extra Trees,19336,4018,13.522085902549984,5.056061135691972,0.9220375568355392,0.9220375555948293,0.934985241617912,0.9190821647644044,XGBoost,81,1566216,4018,13.264311349120476,5.354290008544922,0.924981653690338,0.92498165,0.9344385661247036,-0.005899488925933616,0.0029553920711348214
15,snowc,56,Extra Trees,19336,4018,12.449870359828116,4.7159575562583465,0.9339261452507452,0.933926149290144,0.941802577713802,0.9279862642288208,XGBoost,81,1566216,4018,11.951691984157712,4.833261013031006,0.9391081929206848,0.9391082,0.9451771676513367,-0.011121928691864014,0.0059398810219244425
15,snowc,57,Extra Trees,19336,4018,12.233075247011625,4.643144874125855,0.9359165901788866,0.935916589007095,0.9435907953762166,0.931239664554596,XGBoost,81,1566216,4018,11.825859467642829,4.832888603210449,0.9401119947433472,0.940112,0.9460204251486068,-0.00887233018875122,0.004676925624290673
15,snowc,58,Extra Trees,19336,4018,13.228469006790972,5.276082184723808,0.9230058628224516,0.9230058584324528,0.937692144724698,0.922198474407196,XGBoost,81,1566216,4018,12.799533144066414,5.236322402954102,0.927918016910553,0.927918,0.947485003544445,-0.005719542503356934,0.0008073884152555166
15,snowc,59,Extra Trees,19336,4018,14.475056890603808,6.012964041555881,0.9058825689947412,0.9058825723190872,0.9241325285406352,0.9092271327972412,XGBoost,81,1566216,4018,13.948259383139389,5.779220104217529,0.9126084446907043,0.91260844,0.9386082449986144,-0.0033813118934631348,-0.0033445638025000335
15,snowc,60,Extra Trees,19336,4018,16.034903178723024,6.637325274775219,0.8847399407763351,0.8847399374863519,0.9089800940832732,0.887615978717804,XGBoost,81,1566216,4018,15.31632107139666,6.485769271850586,0.8948389291763306,0.8948389,0.9239485081956228,-0.007222950458526611,-0.0028760379414688453
15,snowc,61,Extra Trees,19336,4018,16.404030372439635,7.128633937085951,0.8757871626865888,0.8757871479482983,0.9019850300929974,0.8734443783760071,XGBoost,81,1566216,4018,15.717052572831474,6.995715141296387,0.8859730362892151,0.88597304,0.917728564808515,-0.012528657913208008,0.002342784310581769
15,snowc,62,Extra Trees,19336,4018,16.437138993104128,7.161490879537959,0.874741479842057,0.8747414669849362,0.9038209071966672,0.8749962449073792,XGBoost,81,1566216,4018,15.77010358216418,7.167216777801514,0.8847014307975769,0.88470143,0.9127858745986416,-0.009705185890197754,-0.00025476506532218224
15,snowc,63,Extra Trees,19336,4018,13.107453154350711,4.987234592782165,0.9264256252655082,0.9264256298560084,0.9340046855800604,0.9249117970466614,XGBoost,81,1566216,4018,12.895536469641105,5.396273612976074,0.9287854433059692,0.92878544,0.9399927316275624,-0.0038736462593078613,0.0015138282188468244
15,snowc,64,Extra Trees,19336,4018,12.659294993239314,4.732231414798099,0.9307842351642134,0.9307842358289586,0.938073235063658,0.9294678568840028,XGBoost,81,1566216,4018,12.310625427373132,5.022819995880127,0.9345445036888124,0.9345445,0.9429469969923798,-0.00507664680480957,0.001316378280210584
15,snowc,65,Extra Trees,19336,4018,12.47206093169464,4.716681398462515,0.9326843222724216,0.932684316579672,0.9390134506467,0.9274277091026306,XGBoost,81,1566216,4018,12.385107979271035,5.05678129196167,0.9336196780204772,0.9336197,0.9419962314587204,-0.006191968917846569,0.00525661316979098
15,snowc,66,Extra Trees,19336,4018,12.579208443275732,4.882060590843972,0.9306765971506188,0.9306766030779972,0.9391709674774736,0.926327109336853,XGBoost,81,1566216,4018,12.563274910024209,5.20091438293457,0.9308521151542664,0.9308521,0.9444639918141036,-0.00452500581741333,0.004349487813765762
15,snowc,67,Extra Trees,19336,4018,13.752961877837585,5.366200177680013,0.9183296368151852,0.9183296398458826,0.9302744324572298,0.9162400364875792,XGBoost,81,1566216,4018,13.596114871521548,5.647305965423584,0.9201818704605104,0.9201819,0.9323045966813366,-0.00394183397293113,0.002089600327605967
15,snowc,68,Extra Trees,19336,4018,15.172194506696442,6.109519435258439,0.8983561948633764,0.8983561978872209,0.916121290910975,0.895513653755188,XGBoost,81,1566216,4018,14.437452440059651,6.057758808135986,0.907962441444397,0.90796244,0.9315878035896482,-0.012448787689208984,0.002842541108188379
15,snowc,69,Extra Trees,19336,4018,15.34248382233089,6.4182743647874725,0.8938629750357622,0.893862967373836,0.9149402681864244,0.894261360168457,XGBoost,81,1566216,4018,14.542918387302,6.105440616607666,0.9046372771263124,0.9046373,0.9340718657466284,-0.010375916957855336,-0.0003983851326948562
15,snowc,70,Extra Trees,19336,4018,15.860639490394458,6.781633822964111,0.8855866794907442,0.8855866843776972,0.9102467550204004,0.8858810067176819,XGBoost,81,1566216,4018,14.964042289619066,6.350090503692627,0.8981565833091736,0.8981566,0.9296573827942444,-0.0122755765914917,-0.000294327226937674
15,snowc,71,Extra Trees,19336,4018,16.27988612591692,7.034134435176144,0.8795671870604155,0.8795671928555442,0.905937493396672,0.8803970217704773,XGBoost,81,1566216,4018,15.424765828981206,6.722265720367432,0.8918866515159607,0.89188665,0.9234760475607684,-0.011489629745483398,-0.0008298347100618164
15,snowc,72,Extra Trees,19336,4018,15.801435116803724,6.6031232317290645,0.8882205044794531,0.8882205026807692,0.9146940686670498,0.8849064707756042,XGBoost,81,1566216,4018,15.361883259398589,6.603531360626221,0.8943527936935425,0.8943528,0.9221982687473432,-0.009446322917938232,0.003314033703848862
15,snowc,73,Extra Trees,19336,4018,15.813061073016687,6.736765767877779,0.8867599129011219,0.88675990467023,0.9155593672238868,0.8854463696479797,XGBoost,81,1566216,4018,15.500026087585152,6.946818828582764,0.8911989331245422,0.89119893,0.918986009823926,-0.0057525634765625,0.0013135432531421465
15,snowc,74,Extra Trees,19336,4018,16.92767836427107,7.950850947465173,0.8576337892956564,0.8576337817452324,0.8920342302162311,0.856689453125,XGBoost,81,1566216,4018,17.1091012035741,7.9771857261657715,0.8545657992362976,0.8545658,0.8831470354637521,0.0021236538887023926,0.000944336170656368
15,snowc,75,Extra Trees,19336,4018,16.664071288740992,7.532249254256365,0.8708289203933905,0.870828918023178,0.8964592719301829,0.8680856823921204,XGBoost,81,1566216,4018,15.96414219617109,6.972193717956543,0.8814520239830017,0.881452,0.9214372557226236,-0.013366341590881348,0.0027432380012701874
15,snowc,76,Extra Trees,19336,4018,17.799107260297944,8.071515681716201,0.8515861813449412,0.851586175967434,0.8850678623662261,0.8522071242332458,XGBoost,81,1566216,4018,17.142158766553713,7.80911111831665,0.8623396158218384,0.8623396,0.9066570300750644,-0.01013249158859253,-0.0006209428883046098
15,snowc,77,Extra Trees,19336,4018,17.283791294820467,7.606271050328235,0.8625418369440446,0.8625418318673136,0.896178775827295,0.8640687465667725,XGBoost,81,1566216,4018,16.5822111481702,7.345066547393799,0.8734747171401978,0.8734747,0.9103111446641724,-0.009405970573425293,-0.0015269096227278345
15,snowc,78,Extra Trees,19336,4018,16.589227580480696,7.137073028362583,0.8753219941433892,0.8753219904671022,0.9097795896731442,0.8738743662834167,XGBoost,81,1566216,4018,16.209085925885343,7.336358070373535,0.8809704780578613,0.8809705,0.9106760517929056,-0.00709611177444458,0.0014476278599724335
15,snowc,79,Extra Trees,19336,4018,16.56643144129223,7.591863102623342,0.868714495365475,0.8687145008207406,0.905097531706484,0.8663244247436523,XGBoost,81,1566216,4018,16.65591287182273,7.935232639312744,0.8672924041748047,0.8672924,0.8968809691355909,-0.0009679794311523438,0.0023900706218226153
15,snowc,80,Extra Trees,19336,4018,17.944913835892446,8.297092192649169,0.8468848847456375,0.8468848751439806,0.8822446487433875,0.8478565216064453,XGBoost,81,1566216,4018,17.612268922588097,8.199152946472168,0.8525088429450989,0.85250884,0.8987667326216329,-0.0046523213386535645,-0.0009716368608078119
15,snowc,81,Extra Trees,19336,4018,18.051955116272534,8.455911014366585,0.8427370742840532,0.8427370763384945,0.8805749922930557,0.846502959728241,XGBoost,81,1566216,4018,17.878102706844604,8.3928861618042,0.8457515835762024,0.8457516,0.891266854235051,0.0007513761520385742,-0.0037658854441877665
15,sd,0,Extra Trees,19336,4018,0.0171029220853208,0.0065944414589139,0.3141302690443144,0.3141302049398802,0.4596834015721417,0.3017770051956177,XGBoost,81,1566216,4018,0.0272044246880479,0.0132621070370078,-0.7353222370147705,-0.73532224,-1.0526212809307252,1.0370992422103882,0.012353263848696727
15,sd,1,Extra Trees,19336,4018,0.0294836121524659,0.0130408672547237,0.7797634870730115,0.7797634895160038,0.7856700977539737,0.784540057182312,XGBoost,81,1566216,4018,0.0321145332067095,0.0152055043727159,0.7387049198150635,0.7387049,0.6261049401057072,0.045835137367248535,-0.004776570109300549
15,sd,2,Extra Trees,19336,4018,0.0285862278351047,0.0127401156400186,0.7477106098138271,0.7477105897406084,0.7640971814041593,0.7506430745124817,XGBoost,81,1566216,4018,0.0313966929071362,0.014877576380968,0.6956641674041748,0.69566417,0.6408041162911451,0.054978907108306885,-0.002932464698654602
15,sd,3,Extra Trees,19336,4018,0.0282833354582825,0.0130308593732284,0.792540873441719,0.7925408924481,0.7948817911405475,0.792533278465271,XGBoost,81,1566216,4018,0.0304160766635856,0.0146434642374515,0.7600737810134888,0.7600738,0.7246768965092314,0.03245949745178223,7.594976447977686e-06
15,sd,4,Extra Trees,19336,4018,0.0285793205298248,0.013795382060702,0.8788216823074166,0.8788216846239715,0.8729936323874217,0.8786811828613281,XGBoost,81,1566216,4018,0.0307035369002155,0.015583423897624,0.8601385951042175,0.8601386,0.81941879958601,0.018542587757110596,0.0001404994460885156
15,sd,5,Extra Trees,19336,4018,0.035456809322494,0.0171369782608066,0.8725669465945658,0.8725669507728071,0.8788616266757809,0.8814789652824402,XGBoost,81,1566216,4018,0.0367034716727805,0.0181369930505752,0.8634483218193054,0.8634483,0.8360631408089573,0.018030643463134766,-0.00891201868787439
15,sd,6,Extra Trees,19336,4018,0.041322233376408,0.0203739710669026,0.9014923113408322,0.901492312718773,0.8967071482409912,0.9106695652008056,XGBoost,81,1566216,4018,0.0393453031738775,0.0197283383458852,0.9106923937797546,0.9106924,0.9103363380444088,-2.282857894908563e-05,-0.009177253859973367
15,sd,7,Extra Trees,19336,4018,0.0396636106092288,0.0201116139961723,0.9115517966144512,0.9115518010683014,0.9049596339541168,0.9172766804695128,XGBoost,81,1566216,4018,0.0379810309784849,0.0191205237060785,0.9188967943191528,0.9188968,0.9313170748776995,-0.0016201138496400036,-0.0057248838550616465
15,sd,8,Extra Trees,19336,4018,0.0378298033843781,0.0194341899003855,0.9243914532816606,0.9243914530569736,0.9198535491784924,0.930261731147766,XGBoost,81,1566216,4018,0.0371199094100098,0.0190356653183698,0.9272024631500244,0.92720246,0.9221936458862688,0.003059267997741588,-0.005870277866105389
15,sd,9,Extra Trees,19336,4018,0.038835053664316,0.0200996200263447,0.9341559949254348,0.9341559951284372,0.9106432952534133,0.9424084424972534,XGBoost,81,1566216,4018,0.0368516593848534,0.0190499126911163,0.9407098293304444,0.9407098,0.9290978542665544,0.001698613166808971,-0.008252447571818644
15,sd,10,Extra Trees,19336,4018,0.0361540460777718,0.0192943289884649,0.9451948642497904,0.9451948611703752,0.9256645712026804,0.9511281847953796,XGBoost,81,1566216,4018,0.0349709891275888,0.0187149792909622,0.9487228989601136,0.9487229,0.93234249949321,0.0024052858352660023,-0.00593332054558926
15,sd,11,Extra Trees,19336,4018,0.0387452981550075,0.0198360093219975,0.91270670904166,0.9127067043580588,0.908619744052364,0.9223467111587524,XGBoost,81,1566216,4018,0.0375743459300228,0.0192224849015474,0.9179033041000366,0.9179033,0.9058086968084864,0.00444340705871582,-0.009640002117092483
15,sd,12,Extra Trees,19336,4018,0.0396093510592969,0.019992919179409,0.9042146854675376,0.9042146894953432,0.904138802625238,0.9145099520683287,XGBoost,81,1566216,4018,0.0363248669793856,0.0185866598039865,0.9194414615631104,0.91944146,0.922011700830922,-0.004931509494781605,-0.010295266600791164
15,sd,13,Extra Trees,19336,4018,0.040603682264876,0.020369281391099,0.9033454396434468,0.9033454421449296,0.9014115222825888,0.9140888452529908,XGBoost,81,1566216,4018,0.036402817946038,0.0186595954000949,0.9223106503486632,0.92231065,0.9238683133911488,-0.008221805095672385,-0.01074340560954401
15,sd,14,Extra Trees,19336,4018,0.0404244248108574,0.0206449984898489,0.9156273677411348,0.915627368470576,0.899036291925114,0.9267460107803344,XGBoost,81,1566216,4018,0.0401815156896228,0.0203714109957218,0.9166383147239684,0.9166383,0.8812769756130577,0.010107696056365967,-0.011118643039199516
15,sd,15,Extra Trees,19336,4018,0.0407096105653509,0.0212918385802599,0.927307195875748,0.9273071939985562,0.9076174889012704,0.9352572560310364,XGBoost,81,1566216,4018,0.0419175085555806,0.0212998297065496,0.9229294657707214,0.92292947,0.8870112394969109,0.012327790260314941,-0.00795006015528843
15,sd,16,Extra Trees,19336,4018,0.0388106385156766,0.0199274702513227,0.9207116138531032,0.9207116189352528,0.919371087301312,0.9260150194168092,XGBoost,81,1566216,4018,0.0377843359025351,0.0194802694022655,0.924849569797516,0.92484957,0.9192659117184988,0.0011654496192932129,-0.00530340556370601
15,sd,17,Extra Trees,19336,4018,0.0380368101038045,0.0194064044663221,0.9201945324781704,0.9201945341609824,0.9216453886136406,0.9253592491149902,XGBoost,81,1566216,4018,0.0367239540678462,0.0188279747962951,0.9256085157394408,0.9256085,0.9359026942611568,-0.00024926662445057257,-0.005164716636819833
15,sd,18,Extra Trees,19336,4018,0.0391099760263484,0.0202498439344902,0.922991389522936,0.922991391501575,0.9130475878143296,0.9313634634017944,XGBoost,81,1566216,4018,0.037608655955379,0.0195446740835905,0.9287902116775512,0.9287902,0.9299555023919232,0.002573251724243275,-0.00837207387885841
15,sd,19,Extra Trees,19336,4018,0.0405136638450433,0.0214169011303459,0.9312622453629,0.9312622426871248,0.9134306208769712,0.9400235414505004,XGBoost,81,1566216,4018,0.040956963301217,0.0211490783840417,0.9297497272491456,0.9297497,0.9052021596609042,0.010273814201354758,-0.008761296087600345
15,sd,20,Extra Trees,19336,4018,0.0425561013052726,0.0223490099205289,0.9338027812496712,0.9338027776503434,0.9145658749622376,0.9432037472724916,XGBoost,81,1566216,4018,0.0432651414012436,0.0222514998167753,0.931578516960144,0.9315785,0.9089621017020733,0.011625230312347523,-0.009400966022820367
15,sd,21,Extra Trees,19336,4018,0.0425567605081527,0.0217410581970037,0.9257547260362092,0.9257547261792431,0.9247438112306072,0.9415046572685242,XGBoost,81,1566216,4018,0.039838101942715,0.0205368231981992,0.9349377751350404,0.9349378,0.9321079717490248,0.006566882133483776,-0.01574993123231494
15,sd,22,Extra Trees,19336,4018,0.0403102360858581,0.0202172893989368,0.9294086966125956,0.9294086876386204,0.921573561050224,0.9443970322608948,XGBoost,81,1566216,4018,0.0374142271839977,0.0195196494460105,0.9391873478889464,0.93918735,0.9430928186524924,0.005209684371948353,-0.014988335648299156
15,sd,23,Extra Trees,19336,4018,0.037655368542776,0.0188603506985356,0.9340277395617116,0.9340277367512472,0.9112252855032194,0.942675530910492,XGBoost,81,1566216,4018,0.0366045692037376,0.018901590257883,0.9376583695411682,0.93765837,0.9289202121234266,0.0050171613693238415,-0.008647791348780465
15,sd,24,Extra Trees,19336,4018,0.0335151459243289,0.0169264307537035,0.9309436695665994,0.9309436633767656,0.9176923922440108,0.9368056654930116,XGBoost,81,1566216,4018,0.0337818338539341,0.0175416301935911,0.929840326309204,0.9298403,0.8998061102736752,0.006965339183807595,-0.0058619959264122334
15,sd,25,Extra Trees,19336,4018,0.028991554192749,0.013931036688886,0.9116876451886876,0.9116876451698996,0.9125472713602548,0.917227864265442,XGBoost,81,1566216,4018,0.0294927802247364,0.0152048291638493,0.9086076617240906,0.90860766,0.8508281467343707,0.00862020254135143,-0.0055402190767543935
15,sd,26,Extra Trees,19336,4018,0.0401931776616811,0.0217180336863927,0.9511354312919216,0.9511354285889764,0.9330802784729304,0.9585975408554076,XGBoost,81,1566216,4018,0.037375482632338,0.020152436569333,0.95774644613266,0.95774645,0.959200195849014,0.0008510947227475807,-0.00746210956348603
15,sd,27,Extra Trees,19336,4018,0.0397922328109197,0.021478681953731,0.94470948657323,0.9447094857776044,0.9259442087991894,0.9513252377510072,XGBoost,81,1566216,4018,0.0365644414118337,0.0194511469453573,0.9533156156539916,0.9533156,0.9635203420142396,-0.001990377902984397,-0.00661575117777724
15,sd,28,Extra Trees,19336,4018,0.0391617215436652,0.0211245673976457,0.9441636666911184,0.9441636662449088,0.9255104289761572,0.9504557847976683,XGBoost,81,1566216,4018,0.0367048339268283,0.0195274576544761,0.9509499073028564,0.9509499,0.9596639944951738,-0.0004941225051880993,-0.006292118106549949
15,sd,29,Extra Trees,19336,4018,0.039852605348476,0.0216150977694074,0.9503381453402068,0.9503381466183084,0.9269766634504938,0.9546777009963988,XGBoost,81,1566216,4018,0.0367672974042573,0.0199085716158151,0.9577299356460572,0.95772994,0.9552107394478132,-0.003052234649658425,-0.00433955565619204
15,sd,30,Extra Trees,19336,4018,0.0381914885142602,0.0214213228353582,0.9621453229408776,0.9621453243550816,0.9464601409966856,0.9630571603775024,XGBoost,81,1566216,4018,0.0351304847293082,0.0197779238224029,0.9679701924324036,0.9679702,0.9836428147004198,-0.004913032054901123,-0.0009118374366248183
15,sd,31,Extra Trees,19336,4018,0.0397731726550247,0.0219500053693555,0.956155732376658,0.9561557334515788,0.9342855272439832,0.9592117071151732,XGBoost,81,1566216,4018,0.0352850745840066,0.019293887540698,0.9654924273490906,0.9654924,0.9801091710044854,-0.006280720233917347,-0.003055974738515266
15,sd,32,Extra Trees,19336,4018,0.0405803321724835,0.0217911019065695,0.9404900723197596,0.9404900721491424,0.9208225819527938,0.9474447965621948,XGBoost,81,1566216,4018,0.0362365351916575,0.0196750592440366,0.952548325061798,0.9525483,0.9609414513575152,-0.0051035284996031605,-0.006954724242435262
15,sd,33,Extra Trees,19336,4018,0.038827112994597,0.0211649136220717,0.9435228696970056,0.9435228718388732,0.9173049261290644,0.9518592953681946,XGBoost,81,1566216,4018,0.0353286460105602,0.0190358702093362,0.9532419443130492,0.95324194,0.950896974833228,-0.0013826489448546253,-0.008336425671188974
15,sd,34,Extra Trees,19336,4018,0.0399305658630379,0.0216538936114527,0.9473246472729816,0.9473246461260522,0.9183860866493196,0.9558697938919068,XGBoost,81,1566216,4018,0.0363718531701064,0.0197929684072732,0.956295371055603,0.9562954,0.9489772800726504,-0.00042557716369617804,-0.008545146618925248
15,sd,35,Extra Trees,19336,4018,0.0390889367706402,0.0212021051587957,0.945187926944885,0.945187923602654,0.918642281522154,0.9555805921554564,XGBoost,81,1566216,4018,0.0352768782218618,0.0191582571715116,0.9553574919700624,0.9553575,0.9482056316419296,0.00022310018539406506,-0.010392665210571472
15,sd,36,Extra Trees,19336,4018,0.0366113091929421,0.0193776311066644,0.9400995346265552,0.9400995307868,0.919081433232072,0.947007417678833,XGBoost,81,1566216,4018,0.0346204405030776,0.0182975623756647,0.9464370012283324,0.946437,0.9399670424182132,0.0005704164505005993,-0.006907883052277852
15,sd,37,Extra Trees,19336,4018,0.0347134787399265,0.0176321043121487,0.9327595638168482,0.9327595598859194,0.9173589137183156,0.9439263939857484,XGBoost,81,1566216,4018,0.0341262774741436,0.0177678149193525,0.9350151419639589,0.93501514,0.9150707782585414,0.00891125202178955,-0.011166830168900188
15,sd,38,Extra Trees,19336,4018,0.0315239763895907,0.0161563441839674,0.9349507911499966,0.9349507891517852,0.9236276817013482,0.9422120451927184,XGBoost,81,1566216,4018,0.0328665054034931,0.0170676093548536,0.9292922616004944,0.92929226,0.8904170640760776,0.01291978359222401,-0.007261254042721821
15,sd,39,Extra Trees,19336,4018,0.041045849249111,0.0233053534716065,0.9638266994796584,0.9638266992801704,0.9463519126512424,0.9658412933349608,XGBoost,81,1566216,4018,0.0382163873447691,0.0208536349236965,0.9686419367790222,0.96864194,0.961774894813257,-0.0028006434440613903,-0.002014593855302449
15,sd,40,Extra Trees,19336,4018,0.0418736308980288,0.0232649937432892,0.9568484217193856,0.9568484239940604,0.9397576935511692,0.9623632431030272,XGBoost,81,1566216,4018,0.0379403246775788,0.0203814897686243,0.96457439661026,0.9645744,0.9649488148585624,-0.002211153507232777,-0.005514821383641677
15,sd,41,Extra Trees,19336,4018,0.039880092343477,0.0221981496955623,0.95515539135298,0.955155388925688,0.936970608960058,0.961702048778534,XGBoost,81,1566216,4018,0.0372549889339089,0.0198790989816188,0.9608648419380188,0.96086484,0.961918325406179,0.0008372068405152477,-0.006546657425554048
15,sd,42,Extra Trees,19336,4018,0.03952810129875,0.0222493128187667,0.9597896128512776,0.9597896115920104,0.9415755431665944,0.964030623435974,XGBoost,81,1566216,4018,0.0359074225715662,0.0195458624511957,0.9668185710906982,0.9668186,0.9758874188367688,-0.002787947654724232,-0.004241010584696392
15,sd,43,Extra Trees,19336,4018,0.0393999772756045,0.0224762887548563,0.9646603696836472,0.964660369138828,0.9483128780852204,0.9662911295890808,XGBoost,81,1566216,4018,0.0369832694493171,0.0204962380230426,0.9688627123832704,0.9688627,0.974175426808554,-0.002571582794189564,-0.0016307599054335986
15,sd,44,Extra Trees,19336,4018,0.0387377760137918,0.0221975276202115,0.9666260364401648,0.9666260366422812,0.9507000691395904,0.967443346977234,XGBoost,81,1566216,4018,0.0380734077652748,0.0212783012539148,0.967760980129242,0.967761,0.9775455825861528,-0.00031763315200805664,-0.000817310537069238
15,sd,45,Extra Trees,19336,4018,0.0391154863758872,0.0219252661229824,0.9632505782435355,0.9632505748330396,0.9492053895904534,0.9644232392311096,XGBoost,81,1566216,4018,0.0386479268073067,0.0212539322674274,0.9641239047050476,0.9641239,0.9779141443908445,0.0002993345260620117,-0.0011726609875740701
15,sd,46,Extra Trees,19336,4018,0.0374185970791356,0.0208199592296526,0.9608461328922974,0.9608461371125812,0.9446656348987792,0.9632136821746826,XGBoost,81,1566216,4018,0.0349808629491374,0.0193625781685113,0.9657815098762512,0.9657815,0.9759155390519104,-0.0025678277015686035,-0.0023675492823852506
15,sd,47,Extra Trees,19336,4018,0.036846435721316,0.0199389990397914,0.9524642189997374,0.9524642193533152,0.9345319214699808,0.9590184688568116,XGBoost,81,1566216,4018,0.0340981498629654,0.0185827147215604,0.9592909216880798,0.9592909,0.9623204565690302,-0.0002724528312681995,-0.006554249857074201
15,sd,48,Extra Trees,19336,4018,0.0351977823885425,0.0188073793418263,0.9483123739393898,0.948312375504952,0.9316137878134794,0.954519748687744,XGBoost,81,1566216,4018,0.0337215682481341,0.0180292557924985,0.95255708694458,0.9525571,0.950034264775872,0.0019626617431640625,-0.0062073747483542
15,sd,49,Extra Trees,19336,4018,0.03194360731432,0.016894554269613,0.9435424683052446,0.94354246562976,0.9230863496280924,0.9479371309280396,XGBoost,81,1566216,4018,0.0317515418887265,0.0169527661055326,0.9442193508148192,0.94421935,0.9319759431046664,0.003717780113220326,-0.004394662622794976
15,sd,50,Extra Trees,19336,4018,0.0289049205203066,0.015121840596683,0.938124308577479,0.9381243083494912,0.9239434997613514,0.9418063759803772,XGBoost,81,1566216,4018,0.0283223184335562,0.0151949524879455,0.9405934810638428,0.9405935,0.908982917744578,0.0012128949165344238,-0.003682067402898226
15,sd,51,Extra Trees,19336,4018,0.0378565015421889,0.0212673300972613,0.9641923652319502,0.9641923668698604,0.94489884727546,0.9675636291503906,XGBoost,81,1566216,4018,0.035228011945476,0.0194038338959217,0.9689921736717224,0.9689922,0.954852362889267,-0.0014285445213317871,-0.003371263918440448
15,sd,52,Extra Trees,19336,4018,0.0373943318950784,0.0211859295905373,0.9621342703533508,0.9621342702210972,0.9431055421830898,0.9661896824836732,XGBoost,81,1566216,4018,0.0348998211529145,0.0189205221831798,0.967017650604248,0.96701765,0.9571005959743398,-0.0008279681205748401,-0.0040554121303224555
15,sd,53,Extra Trees,19336,4018,0.0368307432812107,0.0207929717070839,0.960119182233408,0.9601191815384216,0.9414924137655324,0.9645294547080994,XGBoost,81,1566216,4018,0.0347084628267704,0.0185391586273908,0.9645828008651732,0.9645828,0.9547048370317852,-5.334615707386359e-05,-0.00441027247469139
15,sd,54,Extra Trees,19336,4018,0.0356581876626998,0.0201510898185,0.9600369966663193,0.960036999647484,0.9373236705554924,0.964041829109192,XGBoost,81,1566216,4018,0.0339248969841828,0.0179927926510572,0.963827669620514,0.96382767,0.9576235626820212,0.00021415948867797852,-0.004004832442872752
15,sd,55,Extra Trees,19336,4018,0.0357475389060481,0.0200419667253528,0.9609189298484954,0.9609189298853068,0.9391397920711348,0.9628164768218994,XGBoost,81,1566216,4018,0.0336383612776278,0.0182284694164991,0.9653946161270142,0.9653946,0.9665356605465608,-0.002578139305114746,-0.0018975469734040518
15,sd,56,Extra Trees,19336,4018,0.0353125983371366,0.0198508244703247,0.961126324229672,0.9611263238135276,0.9444248230599912,0.9629003405570984,XGBoost,81,1566216,4018,0.0331775640523833,0.0183811336755752,0.9656848907470704,0.9656849,0.9737868093219052,-0.002784550189972035,-0.0017740163274263532
15,sd,57,Extra Trees,19336,4018,0.0340036630704084,0.0192177314520226,0.9603903914096642,0.9603903915783036,0.9444006367454858,0.963264226913452,XGBoost,81,1566216,4018,0.031801657489845,0.0175667852163314,0.9653543829917908,0.9653544,0.9714502013214898,-0.002090156078338734,-0.002873835503787836
15,sd,58,Extra Trees,19336,4018,0.0335253256078303,0.018553460444658,0.9542286333677524,0.954228635623484,0.935540740300247,0.9573503136634828,XGBoost,81,1566216,4018,0.0311739992042982,0.0170330740511417,0.9604238867759703,0.9604239,0.9680395182427218,-0.003073573112487571,-0.0031216802957303447
15,sd,59,Extra Trees,19336,4018,0.0320050386790715,0.0171713834648871,0.9462919506434035,0.9462919476348725,0.932997605965041,0.9498248100280762,XGBoost,81,1566216,4018,0.0303362782514701,0.0163897518068552,0.9517466425895692,0.95174664,0.9529674638912392,-0.001921832561493031,-0.0035328593846726264
15,sd,60,Extra Trees,19336,4018,0.0301736915783031,0.0156983985814553,0.9410700678794996,0.9410700705579188,0.9298858840906468,0.9463054537773132,XGBoost,81,1566216,4018,0.0294369280530128,0.0158964432775974,0.9439127445220948,0.94391274,0.9320315273290928,0.002392709255218395,-0.0052353858978135825
15,sd,61,Extra Trees,19336,4018,0.0276453976778575,0.014325211490516,0.9337900296350058,0.9337900291253404,0.9233826980897168,0.9373226165771484,XGBoost,81,1566216,4018,0.0271971896048943,0.0145461680367589,0.9359195232391356,0.9359195,0.9050630501545835,0.0014030933380128063,-0.003532586942142646
15,sd,62,Extra Trees,19336,4018,0.0256681964809322,0.0131983461030487,0.9293856836524064,0.9293856796631236,0.9259635227987676,0.9299326539039612,XGBoost,81,1566216,4018,0.0249762851490429,0.0132379606366157,0.9331413507461548,0.93314135,0.8976049479842417,-0.0032086968421936035,-0.0005469702515548125
15,sd,63,Extra Trees,19336,4018,0.0336569382795327,0.0189952517397865,0.9686634677664048,0.9686634672101888,0.9608253729376126,0.9679980874061584,XGBoost,81,1566216,4018,0.0352024662038296,0.0198744405061006,0.96571946144104,0.96571946,0.9360182620129054,0.002278625965118408,0.000665380360246326
15,sd,64,Extra Trees,19336,4018,0.0338647622995402,0.0193921516119897,0.9676582640926822,0.9676582652209224,0.9576539780781405,0.9681636095046996,XGBoost,81,1566216,4018,0.035832356039767,0.0201970767229795,0.9637908935546876,0.9637909,0.9293066770185736,0.004372715950011985,-0.0005053454120174106
15,sd,65,Extra Trees,19336,4018,0.033832568861051,0.0195025121394915,0.96663408136712,0.966634084787074,0.9547331187949474,0.9686916470527648,XGBoost,81,1566216,4018,0.0359315340516722,0.0203373897820711,0.9623656272888184,0.9623656,0.922794234159504,0.006326019763946422,-0.0020575656856447466
15,sd,66,Extra Trees,19336,4018,0.0329251046080909,0.0189127439441068,0.9653970153952124,0.9653970151727316,0.955647152383512,0.9664198756217957,XGBoost,81,1566216,4018,0.0345126656055363,0.0195620600134134,0.9619796276092528,0.9619796,0.930499157092982,0.004440248012542836,-0.0010228602265832665
15,sd,67,Extra Trees,19336,4018,0.0300049021172484,0.0172090008565734,0.9641756969785572,0.9641756942978844,0.9441087318960812,0.9657704830169678,XGBoost,81,1566216,4018,0.0306091099412871,0.0167926549911499,0.9627183675765992,0.96271837,0.9534236623284356,0.0030521154403685413,-0.0015947860384105672
15,sd,68,Extra Trees,19336,4018,0.0284105894023883,0.0159710121752897,0.958233963530624,0.9582339623275742,0.9464803458094568,0.9598650336265564,XGBoost,81,1566216,4018,0.0289942930968539,0.0155565058812499,0.9565001726150512,0.9565002,0.9558784533493162,0.003364861011505238,-0.001631070095932441
15,sd,69,Extra Trees,19336,4018,0.0279040970630211,0.015554883034227,0.9511166284796784,0.951116629444462,0.942085631303858,0.9514922499656676,XGBoost,81,1566216,4018,0.0278813005502672,0.0151187712326645,0.9511964917182922,0.9511965,0.9538848026233664,0.00029575824737537726,-0.0003756214859892415
15,sd,70,Extra Trees,19336,4018,0.0266134062711184,0.0145118447244113,0.9459266070795072,0.9459266072565702,0.9398988216131804,0.9467373490333556,XGBoost,81,1566216,4018,0.0269273943505719,0.0146355163305997,0.9446431398391724,0.94464314,0.9390139151107502,0.0020942091941832386,-0.0008107419538484484
15,sd,71,Extra Trees,19336,4018,0.0262723394832965,0.0139085962960303,0.938077992139932,0.9380779914326264,0.928109145767436,0.9424610137939452,XGBoost,81,1566216,4018,0.0263417759495231,0.0142236314713954,0.9377502202987672,0.9377502,0.9144654154688686,0.004710793495178001,-0.004383021654013164
15,sd,72,Extra Trees,19336,4018,0.026195792820822,0.013456036685551,0.9374518251896948,0.9374518224371508,0.9269292357360676,0.9412716031074524,XGBoost,81,1566216,4018,0.0255055691380999,0.0137467822059988,0.9407045245170592,0.9407045,0.9049181247607456,0.0005670785903931774,-0.003819777917757561
15,sd,73,Extra Trees,19336,4018,0.0246082614396451,0.0124776950029479,0.9323371730231632,0.932337179453432,0.9251264812880088,0.9398875832557678,XGBoost,81,1566216,4018,0.0231623969958874,0.0126563422381877,0.940054714679718,0.9400547,0.8979016214168962,-0.0001671314239501953,-0.00755041023260461
15,sd,74,Extra Trees,19336,4018,0.0209184381578876,0.010566348392387,0.9158874165534772,0.9158874084064677,0.9220308579154036,0.9132660627365112,XGBoost,81,1566216,4018,0.0236460575708954,0.0126553643494844,0.8925219178199768,0.8925219,0.7895026791578109,0.020744144916534424,0.0026213538169659323
15,sd,75,Extra Trees,19336,4018,0.0228224322997855,0.0124488636519652,0.9420336027260487,0.942033602712843,0.940346556771568,0.943364143371582,XGBoost,81,1566216,4018,0.0249084694190886,0.013335938565433,0.9309527277946472,0.9309527,0.9294047647571873,0.012411415576934814,-0.0013305406455332847
15,sd,76,Extra Trees,19336,4018,0.0219762159285978,0.0115159380208212,0.9302804103100172,0.9302804068118424,0.9322261252527984,0.9300730228424072,XGBoost,81,1566216,4018,0.0247933912086465,0.0130391810089349,0.9112597107887268,0.9112597,0.8863153676166392,0.01881331205368042,0.00020738746760995408
15,sd,77,Extra Trees,19336,4018,0.0236024347413142,0.0118649224970513,0.9226747150468266,0.9226747115644413,0.9233526311959336,0.9253630042076112,XGBoost,81,1566216,4018,0.0242032570178868,0.0128564089536666,0.9186878204345704,0.9186878,0.8800543865757371,0.0066751837730407715,-0.0026882891607845627
15,sd,78,Extra Trees,19336,4018,0.0219254321637308,0.0110569919648999,0.930943802958464,0.9309438063719838,0.9334379500225288,0.929405927658081,XGBoost,81,1566216,4018,0.0227372572118939,0.0123607339337468,0.9257352948188782,0.9257353,0.869608139878389,0.003670632839202881,0.0015378753003829626
15,sd,79,Extra Trees,19336,4018,0.0190337982564295,0.0096483761633941,0.9257574078646024,0.9257574087363524,0.9244473972753824,0.9310118556022644,XGBoost,81,1566216,4018,0.0210301668900872,0.0115973819047212,0.9093667268753052,0.9093667,0.8187121050531118,0.02164512872695923,-0.005254447737662038
15,sd,80,Extra Trees,19336,4018,0.0204309555336638,0.01010283354289,0.9185323831566524,0.9185323829547128,0.9309076829926316,0.9192989468574524,XGBoost,81,1566216,4018,0.0233866641948911,0.0122498190030455,0.8932558298110962,0.89325583,0.8550205518424159,0.0260431170463562,-0.0007665637007999715
15,sd,81,Extra Trees,19336,4018,0.019910097953605,0.0095991204782915,0.9062994600557543,0.9062994566647848,0.9254456924603828,0.9063010215759276,XGBoost,81,1566216,4018,0.0225782660068246,0.0119048850610852,0.8795029520988464,0.87950295,0.7967939818931339,0.026798069477081188,-1.5615201732765982e-06
15,smlt_mm,0,Extra Trees,19336,4018,1.1462044008172136,0.486210423954157,0.3252362567725945,0.3252362457123021,0.454005591942039,0.3591344356536865,XGBoost,81,1566216,4018,1.4366055069021375,0.6072485446929932,-0.0599920749664306,-0.059992075,0.0350765314708682,0.41912651062011713,-0.033898178881092034
15,smlt_mm,1,Extra Trees,19336,4018,1.5220761719023503,0.6296901982375686,0.5855558551646751,0.5855558576516782,0.5958673493040116,0.5848040580749512,XGBoost,81,1566216,4018,1.972467575870414,0.7547839283943176,0.3039939999580383,0.303994,0.1680878870993394,0.2808100581169129,0.000751797089723949
15,smlt_mm,2,Extra Trees,19336,4018,1.4044146975259029,0.6146140366238575,0.5850037413259404,0.5850037452328327,0.6006285650405414,0.5972433090209961,XGBoost,81,1566216,4018,1.8520049520183297,0.7491204142570496,0.2783315181732178,0.27833152,0.111104462121314,0.3189117908477783,-0.012239567695055742
15,smlt_mm,3,Extra Trees,19336,4018,1.371621021207393,0.6084720430074371,0.6206938915710705,0.6206939273044814,0.6406227595296751,0.6229788064956665,XGBoost,81,1566216,4018,1.7521941190417354,0.7299975752830505,0.38100665807724,0.38100666,0.2271596981562005,0.2419721484184265,-0.0022849149245960376
15,smlt_mm,4,Extra Trees,19336,4018,1.514328457946787,0.6775914938736572,0.6392140523923082,0.6392140639129553,0.6941504212906038,0.6414043307304382,XGBoost,81,1566216,4018,1.751666093361008,0.7429689168930054,0.5172613859176636,0.5172614,0.4102492129653056,0.12414294481277466,-0.002190278338130014
15,smlt_mm,5,Extra Trees,19336,4018,1.814424130458895,0.7397405145297644,0.6398216121215521,0.639821633579507,0.6925003361184561,0.6161669492721558,XGBoost,81,1566216,4018,2.030581907294721,0.8221995234489441,0.548891544342041,0.54889154,0.4477233709495052,0.06727540493011475,0.023654662849396324
15,smlt_mm,6,Extra Trees,19336,4018,2.0773611630100417,0.8628417330864332,0.6920277937497288,0.692027802310531,0.7390174123718773,0.703515350818634,XGBoost,81,1566216,4018,2.290769077573372,0.94942969083786,0.6255014538764954,0.62550145,0.5230412932265314,0.07801389694213867,-0.011487557068905252
15,smlt_mm,7,Extra Trees,19336,4018,2.0339716646979262,0.8514549989109339,0.7121943217367974,0.7121943391268462,0.7515216097299993,0.7205342054367065,XGBoost,81,1566216,4018,2.223496102413933,0.9381439089775084,0.6560603380203247,0.65606034,0.5613004559793717,0.06447386741638184,-0.008339883699909123
15,smlt_mm,8,Extra Trees,19336,4018,2.0175877006386305,0.8400713793599947,0.7351345350913128,0.7351345482679562,0.7752498721767768,0.7352913618087769,XGBoost,81,1566216,4018,2.3061225173575397,0.9623537063598632,0.6539608836174011,0.6539609,0.5691963266963298,0.08133047819137573,-0.00015682671746408694
15,smlt_mm,9,Extra Trees,19336,4018,1.9867231488563364,0.8131861866788359,0.7501800288243421,0.7501800360923128,0.7431482779165992,0.7381044626235962,XGBoost,81,1566216,4018,2.147930293467007,0.8955615162849426,0.7079932689666748,0.70799327,0.650819701339312,0.030111193656921387,0.012075566200745902
15,smlt_mm,10,Extra Trees,19336,4018,2.097874460757121,0.8120703036005607,0.7336012135546072,0.7336012157790119,0.713113635737608,0.7144667506217957,XGBoost,81,1566216,4018,2.0577514778422024,0.8659306764602661,0.7436938285827637,0.7436938,0.7202794394376921,-0.029227077960968018,0.019134462932811513
15,smlt_mm,11,Extra Trees,19336,4018,1.994869213607507,0.8290030076651937,0.7169580771422019,0.7169580830550211,0.7624950399123166,0.7313206195831299,XGBoost,81,1566216,4018,2.2103690235445668,0.9097408652305604,0.6525026559829712,0.65250266,0.5816472504690031,0.07881796360015869,-0.014362542440927939
15,smlt_mm,12,Extra Trees,19336,4018,2.09935005367713,0.8580440679287035,0.693596198604138,0.6935962045278963,0.7556405077666709,0.7025848627090454,XGBoost,81,1566216,4018,2.2585795330496103,0.9255931377410888,0.6453539133071899,0.6453539,0.5834816847884774,0.05723094940185547,-0.008988664104907396
15,smlt_mm,13,Extra Trees,19336,4018,2.1374915048541117,0.8546335564324371,0.6903591997938983,0.6903591706638524,0.7519928425452701,0.6931498050689697,XGBoost,81,1566216,4018,2.2768768826565116,0.9210419654846193,0.6486592292785645,0.6486592,0.5893906832037181,0.04449057579040527,-0.002790605275071467
15,smlt_mm,14,Extra Trees,19336,4018,2.0668761021508866,0.8009306867201613,0.7190443894644843,0.7190443922326613,0.7474889842795558,0.7110285758972168,XGBoost,81,1566216,4018,2.40339233340126,0.9451990127563475,0.6201097369194031,0.62010974,0.5256193896976492,0.09091883897781372,0.008015813567267549
15,smlt_mm,15,Extra Trees,19336,4018,2.1223037186584803,0.8118422120436087,0.737424742720883,0.7374247483935157,0.7329832987346309,0.7047033309936523,XGBoost,81,1566216,4018,2.4891253466433727,0.9712339639663696,0.6388128995895386,0.6388129,0.5389840022564616,0.06589043140411377,0.03272141172723064
15,smlt_mm,16,Extra Trees,19336,4018,1.9250921902262368,0.7954603323429794,0.7348138023240454,0.7348138065552974,0.7744061653512214,0.7293887138366699,XGBoost,81,1566216,4018,2.2137555067703625,0.9180719256401062,0.6493231058120728,0.6493231,0.5849043102295578,0.08006560802459717,0.00542508848737544
15,smlt_mm,17,Extra Trees,19336,4018,2.1804600380688854,0.8934568421964247,0.6968829666391612,0.6968829773239604,0.7566783204955408,0.6975809335708618,XGBoost,81,1566216,4018,2.376197212030223,0.971682608127594,0.640019416809082,0.6400194,0.5755647782710002,0.057561516761779785,-0.0006979669317006554
15,smlt_mm,18,Extra Trees,19336,4018,2.038298035164241,0.8389040266824643,0.7311146784192948,0.7311146817463885,0.7729051914885925,0.7188589572906494,XGBoost,81,1566216,4018,2.251138928695393,0.9173820614814758,0.6720283627510071,0.67202836,0.5951503777679543,0.046830594539642334,0.01225572112864537
15,smlt_mm,19,Extra Trees,19336,4018,1.9961372045958676,0.8047684931310612,0.763138599449144,0.7631385904390351,0.7750513068719236,0.7425797581672668,XGBoost,81,1566216,4018,2.330833344644222,0.9384398460388184,0.6770495176315308,0.6770495,0.5733181138389332,0.06553024053573608,0.020558841281877127
15,smlt_mm,20,Extra Trees,19336,4018,2.2960913708469217,0.8937704722109435,0.7325618068906041,0.7325618153346894,0.7333892794207213,0.7144713401794434,XGBoost,81,1566216,4018,2.54605941351334,1.0341730117797852,0.6711618900299072,0.6711619,0.5660102797022732,0.04330945014953613,0.01809046671116077
15,smlt_mm,21,Extra Trees,19336,4018,2.325068179793636,0.9319021674749912,0.7204958505258201,0.7204958260022988,0.7598173408884676,0.718177318572998,XGBoost,81,1566216,4018,2.602668320986868,1.0613768100738523,0.6497690081596375,0.649769,0.5772706396534815,0.0684083104133606,0.002318531952822056
15,smlt_mm,22,Extra Trees,19336,4018,2.3460688765609223,0.9285250179938396,0.7226957602488724,0.7226957376566755,0.7612815992395799,0.7161339521408081,XGBoost,81,1566216,4018,2.5933591249387966,1.0726017951965332,0.6611555814743042,0.6611556,0.6049081454763783,0.054978370666503906,0.006561808108064282
15,smlt_mm,23,Extra Trees,19336,4018,2.3277119679845697,0.9051663990895156,0.7141573278624761,0.7141573416692271,0.7151911648594924,0.6928699016571045,XGBoost,81,1566216,4018,2.5530711435639866,1.035530686378479,0.6561299562454224,0.65612996,0.5986163993131934,0.03673994541168213,0.021287426205371607
15,smlt_mm,24,Extra Trees,19336,4018,1.9771426839180148,0.7837889755099074,0.7231717136465592,0.72317173006227,0.7381304898594219,0.7043602466583252,XGBoost,81,1566216,4018,2.1602814070744265,0.8822487592697144,0.6695125102996826,0.6695125,0.6260486041780174,0.03484773635864258,0.018811466988233994
15,smlt_mm,25,Extra Trees,19336,4018,1.795692358840575,0.715703357263786,0.6422969911199605,0.6422969919965389,0.6760911146516029,0.6468936204910278,XGBoost,81,1566216,4018,1.8338222574196936,0.7424348592758179,0.6269447207450867,0.6269447,0.5927116778959318,0.019948899745941162,-0.004596629371067307
15,smlt_mm,26,Extra Trees,19336,4018,2.1283747637254735,0.8456942497451476,0.7763745175545562,0.7763745191993531,0.7303084962036863,0.7724570035934448,XGBoost,81,1566216,4018,2.159543383336329,0.9004886746406555,0.7697768807411194,0.7697769,0.7135045376822651,0.0026801228523254395,0.003917513961111396
15,smlt_mm,27,Extra Trees,19336,4018,2.047089414287389,0.8378396033875505,0.776691717211214,0.7766917172695721,0.7491489409436782,0.7717920541763306,XGBoost,81,1566216,4018,2.1336487189258513,0.9007971286773682,0.7574076652526855,0.75740767,0.7322091717622583,0.01438438892364502,0.004899663034883428
15,smlt_mm,28,Extra Trees,19336,4018,2.1380195024599544,0.876887982136711,0.7661778830632758,0.7661778770761651,0.7431916135542269,0.746803879737854,XGBoost,81,1566216,4018,2.259702215071614,0.9572789072990416,0.7388050556182861,0.73880506,0.6981183419698038,0.007998824119567871,0.01937400332542183
15,smlt_mm,29,Extra Trees,19336,4018,2.1305253515674263,0.8315708097602038,0.7796744803880499,0.7796744773996072,0.7263943446638523,0.7802884578704834,XGBoost,81,1566216,4018,2.134523257556202,0.8917706608772278,0.7788468599319458,0.77884686,0.6998499275821248,0.0014415979385375977,-0.0006139774824335253
15,smlt_mm,30,Extra Trees,19336,4018,1.9139421036154372,0.7476636828811628,0.7911923412760917,0.791192321772258,0.7560263444167887,0.7970971465110779,XGBoost,81,1566216,4018,2.0011434862430426,0.8395819664001465,0.7717318534851074,0.77173185,0.8613166833224961,0.02536529302597046,-0.005904805234986155
15,smlt_mm,31,Extra Trees,19336,4018,1.9341610187165892,0.7455518635733759,0.8053601092689084,0.8053601040110077,0.7281116593086856,0.8037657737731934,XGBoost,81,1566216,4018,1.7401811482416647,0.7376229763031006,0.8424438238143921,0.8424438,0.8281888749820501,-0.03867805004119873,0.0015943354957150824
15,smlt_mm,32,Extra Trees,19336,4018,1.8637318067140975,0.7685076168815349,0.7868292287839385,0.7868292385072185,0.7597825271717271,0.7959734201431274,XGBoost,81,1566216,4018,1.9318752474184595,0.8214930295944214,0.7709559798240662,0.770956,0.7201236239541298,0.02501744031906128,-0.00914419135918898
15,smlt_mm,33,Extra Trees,19336,4018,1.829581457922922,0.7438631593394632,0.7939487505628274,0.7939487350963186,0.7617850958699333,0.7907410860061646,XGBoost,81,1566216,4018,1.8994967170520276,0.8001585602760315,0.7778998613357544,0.77789986,0.7179837573099905,0.012841224670410156,0.0032076645566628814
15,smlt_mm,34,Extra Trees,19336,4018,2.1094586426919184,0.8088369578390174,0.7693501527735145,0.7693501546408643,0.7049055062364287,0.7468253970146179,XGBoost,81,1566216,4018,2.051925252902687,0.854836106300354,0.7817600965499878,0.7817601,0.7318240752324686,-0.03493469953536987,0.022524755758896564
15,smlt_mm,35,Extra Trees,19336,4018,2.083416078642005,0.8160260229828572,0.7627494283568282,0.7627494265691915,0.7083206000942097,0.7450854778289795,XGBoost,81,1566216,4018,2.033309948375035,0.8560266494750977,0.7740239500999451,0.77402395,0.7411131530684945,-0.028938472270965576,0.01766395052784875
15,smlt_mm,36,Extra Trees,19336,4018,1.970321316883177,0.8306686788660125,0.7621766651507814,0.7621766832462049,0.7440510673588949,0.7460888624191284,XGBoost,81,1566216,4018,2.079679209107253,0.8769240975379944,0.7350444793701172,0.7350445,0.691421494368659,0.01104438304901123,0.016087802731653
15,smlt_mm,37,Extra Trees,19336,4018,2.149849914559292,0.8631462585954104,0.7151263356049617,0.7151263620650448,0.7311766578569425,0.7035451531410217,XGBoost,81,1566216,4018,2.3590845598732413,0.9654690027236938,0.6569771766662598,0.6569772,0.6200178804282919,0.04656797647476196,0.01158118246394002
15,smlt_mm,38,Extra Trees,19336,4018,1.9769589007850736,0.78071551622786,0.7152654202063968,0.7152654321752083,0.7249993339845346,0.693256139755249,XGBoost,81,1566216,4018,2.1409299313065246,0.8724098205566406,0.6660743355751038,0.66607434,0.6488748748048008,0.027181804180145264,0.022009280451147806
15,smlt_mm,39,Extra Trees,19336,4018,2.0476605497226723,0.817032204362449,0.8125568105747492,0.8125568104647154,0.7412201683300181,0.8167701959609985,XGBoost,81,1566216,4018,1.937383340584414,0.8416834473609924,0.8322027325630188,0.83220273,0.882786691724385,-0.015432536602020264,-0.00421338538624938
15,smlt_mm,40,Extra Trees,19336,4018,2.2079730464504443,0.9009860349177718,0.801627065701648,0.8016270479082281,0.7378261015746876,0.7794228196144104,XGBoost,81,1566216,4018,2.1709212809470655,0.962986707687378,0.8082289099693298,0.8082289,0.8006600202221335,-0.028806090354919434,0.02220424608723759
15,smlt_mm,41,Extra Trees,19336,4018,2.1472422566088576,0.9079132155725892,0.7924973070550185,0.792497291490289,0.7473895448228987,0.7908009886741638,XGBoost,81,1566216,4018,2.1123115726381663,0.9457456469535828,0.7991935610771179,0.79919356,0.790031066450176,-0.008392572402954102,0.001696318380854711
15,smlt_mm,42,Extra Trees,19336,4018,1.9891231535430165,0.8091129992140395,0.8154001051794851,0.8154001161557647,0.7566308158234912,0.8141804933547974,XGBoost,81,1566216,4018,1.8660831776977216,0.8128080368041992,0.8375311493873596,0.83753115,0.8389945036083954,-0.023350656032562256,0.0012196118246877719
15,smlt_mm,43,Extra Trees,19336,4018,2.0464865500926415,0.7774833156769232,0.8195320963463142,0.8195320914354339,0.7365501234887788,0.821099579334259,XGBoost,81,1566216,4018,1.846866753522661,0.7847393155097961,0.8530216813087463,0.8530217,0.8558251012785744,-0.031922101974487305,-0.001567482987944846
15,smlt_mm,44,Extra Trees,19336,4018,2.2075663298349975,0.7838000341237826,0.8077961731603793,0.8077961687002039,0.7202361495311427,0.8057050704956055,XGBoost,81,1566216,4018,2.0731852627385896,0.8675695657730103,0.8304839730262756,0.830484,0.8127038962590876,-0.024778902530670166,0.0020911026647738584
15,smlt_mm,45,Extra Trees,19336,4018,2.288344667545098,0.8065145309812718,0.7957319561042149,0.795731955676129,0.7164324392701968,0.7936983704566956,XGBoost,81,1566216,4018,2.2198879923358397,0.9151411056518556,0.8077706694602966,0.80777067,0.7670271138768591,-0.014072299003601074,0.0020335856475193204
15,smlt_mm,46,Extra Trees,19336,4018,2.070773220321162,0.7827271699229125,0.8040046072055682,0.8040045821849949,0.7136877024204364,0.8023122549057007,XGBoost,81,1566216,4018,1.945722973271799,0.8297340869903564,0.8269614577293396,0.82696146,0.805381511384845,-0.024649202823638916,0.0016923522998675278
15,smlt_mm,47,Extra Trees,19336,4018,2.1031687438574025,0.8295708785301267,0.7695535120350827,0.769553498124067,0.7106215719473246,0.7633616924285889,XGBoost,81,1566216,4018,2.041396752505832,0.8625090718269348,0.7828915119171143,0.7828915,0.7668621072747411,-0.01952981948852539,0.0061918196064938424
15,smlt_mm,48,Extra Trees,19336,4018,2.11212858923378,0.8494648552989533,0.7520232544571878,0.7520232292868531,0.714936423318095,0.750331699848175,XGBoost,81,1566216,4018,2.123256304534927,0.8922260999679565,0.7494034171104431,0.7494034,0.7226581623847845,0.0009282827377319336,0.0016915546090127132
15,smlt_mm,49,Extra Trees,19336,4018,2.038249089531043,0.8340501084668195,0.726437036027705,0.7264370344414148,0.7138054954011737,0.715846598148346,XGBoost,81,1566216,4018,2.040515834815145,0.8612448573112488,0.725828230381012,0.72582823,0.710813785013128,-0.009981632232666016,0.010590437879359094
15,smlt_mm,50,Extra Trees,19336,4018,1.7938107332573714,0.730529438887439,0.7216115947102486,0.7216115845916099,0.709973356987132,0.6880221366882324,XGBoost,81,1566216,4018,1.800958653646317,0.7723944783210754,0.7193885445594788,0.71938854,0.7511981784558912,-0.03136640787124634,0.03358945802201618
15,smlt_mm,51,Extra Trees,19336,4018,2.003292197381433,0.8371418443357631,0.8078710899896524,0.8078710946067245,0.7334132463754934,0.8110126852989197,XGBoost,81,1566216,4018,1.9285745847767024,0.8426980972290039,0.8219356536865234,0.82193565,0.8771785609405944,-0.01092296838760376,-0.0031415953092672755
15,smlt_mm,52,Extra Trees,19336,4018,1.9071426219457672,0.8017561767742539,0.8138842794168046,0.8138842575814589,0.7463312636095951,0.813715398311615,XGBoost,81,1566216,4018,1.8184086744793853,0.800538182258606,0.8308002352714539,0.83080024,0.8966654130747439,-0.017084836959838867,0.0001688811051896444
15,smlt_mm,53,Extra Trees,19336,4018,1.9338860839884076,0.8176272724083138,0.8038348190643719,0.8038348094503915,0.7398972769817129,0.8079584836959839,XGBoost,81,1566216,4018,1.8227640433225016,0.8038743734359741,0.8257306218147278,0.8257306,0.8871003646969253,-0.017772138118743896,-0.004123664631611956
15,smlt_mm,54,Extra Trees,19336,4018,1.97879375319471,0.8298283328310951,0.7972873309177106,0.7972873092313083,0.7354077187268573,0.7999337911605835,XGBoost,81,1566216,4018,1.8430978947273364,0.7988303899765015,0.8241361379623413,0.82413614,0.8666573279564364,-0.024202346801757812,-0.00264646024287285
15,smlt_mm,55,Extra Trees,19336,4018,2.053553524387367,0.808252665601416,0.7957309149098362,0.7957309307982279,0.7157774358046924,0.7969596982002258,XGBoost,81,1566216,4018,1.879864105527864,0.8121418356895447,0.8288238048553467,0.8288238,0.8406199965324456,-0.03186410665512085,-0.0012287832903896678
15,smlt_mm,56,Extra Trees,19336,4018,2.048018678890389,0.7699867734738254,0.7959341386486685,0.7959341266387446,0.7056503228279825,0.8003726005554199,XGBoost,81,1566216,4018,1.856603078946083,0.7874712944030762,0.8322970867156982,0.8322971,0.833553979060102,-0.03192448616027832,-0.004438461906751456
15,smlt_mm,57,Extra Trees,19336,4018,1.8894991950584457,0.7303729107522412,0.8044013523321364,0.8044013411136215,0.7182491178420063,0.8062719106674194,XGBoost,81,1566216,4018,1.7405760972226345,0.7389013171195984,0.8340189456939697,0.83401895,0.8535382746408698,-0.027747035026550293,-0.0018705583352830457
15,smlt_mm,58,Extra Trees,19336,4018,1.8656564740783763,0.7388308310439985,0.7853222180536886,0.7853222183155651,0.7297989119896375,0.7789582014083862,XGBoost,81,1566216,4018,1.8321155780831837,0.7791657447814941,0.7929718494415283,0.79297185,0.8415744180844292,-0.01401364803314209,0.006364016645302395
15,smlt_mm,59,Extra Trees,19336,4018,1.887538470297313,0.7721996290136732,0.7610898189267984,0.7610898233476229,0.7345066795261376,0.7522582411766052,XGBoost,81,1566216,4018,1.853860386901264,0.7887663245201111,0.7695391774177551,0.7695392,0.7851668241054848,-0.017280936241149902,0.008831577750193165
15,smlt_mm,60,Extra Trees,19336,4018,2.008308651253264,0.8194493295336345,0.7097102722102867,0.7097102741876876,0.7178644382002309,0.7027474641799927,XGBoost,81,1566216,4018,1.9882134386651245,0.8390308618545532,0.715490460395813,0.71549046,0.7336966451398859,-0.012742996215820312,0.006962808030294032
15,smlt_mm,61,Extra Trees,19336,4018,1.8216611213852576,0.7493998536944811,0.6885367299250751,0.6885367161407376,0.6910140553533207,0.6786620616912842,XGBoost,81,1566216,4018,1.792373259145736,0.7665067911148071,0.6984713077545166,0.6984713,0.7380603104927691,-0.019809246063232422,0.009874668233790906
15,smlt_mm,62,Extra Trees,19336,4018,1.6921778840503667,0.6662546097880279,0.6714335046955675,0.6714335102883227,0.6607946141557035,0.633358359336853,XGBoost,81,1566216,4018,1.6219843980059974,0.6998636722564697,0.6981267929077148,0.6981268,0.7678446187024395,-0.06476843357086182,0.03807514535871448
15,smlt_mm,63,Extra Trees,19336,4018,1.979532691648734,0.8115602792505644,0.7967405637708235,0.7967405712212589,0.7406230228458835,0.7929078340530396,XGBoost,81,1566216,4018,2.1838046877934647,0.931007981300354,0.7526266574859619,0.75262666,0.7792596140770416,0.04028117656707764,0.0038327297177839226
15,smlt_mm,64,Extra Trees,19336,4018,1.861578019350076,0.761461849472825,0.8052066716246128,0.8052066795317823,0.7516596485102478,0.8030743598937988,XGBoost,81,1566216,4018,2.1611103068755853,0.9263391494750975,0.7374781370162964,0.73747814,0.7407900935633049,0.06559622287750244,0.0021323117308139627
15,smlt_mm,65,Extra Trees,19336,4018,1.806330999452994,0.7350046973333463,0.8091012233690842,0.8091012351078893,0.7588785062192185,0.8082644939422607,XGBoost,81,1566216,4018,2.204567403246116,0.9359421730041504,0.7156487107276917,0.7156487,0.7085620900505785,0.09261578321456909,0.000836729426823446
15,smlt_mm,66,Extra Trees,19336,4018,1.740164469000171,0.7054555163493755,0.8089939735074411,0.8089939607236025,0.7590234229756416,0.8116733431816101,XGBoost,81,1566216,4018,2.1070392250642778,0.8916929960250854,0.7199653387069702,0.71996534,0.728891310621279,0.09170800447463989,-0.002679369674169041
15,smlt_mm,67,Extra Trees,19336,4018,1.8642636357524252,0.7505426841066629,0.7803412192110248,0.7803412165951459,0.7110331935802483,0.785763144493103,XGBoost,81,1566216,4018,1.8670513789785232,0.8001133799552917,0.7796837687492371,0.77968377,0.8253962533997583,0.006079375743865967,-0.005421925282078188
15,smlt_mm,68,Extra Trees,19336,4018,1.7544075223732596,0.7244335614610502,0.7838267893802213,0.7838267995870498,0.7307141566170829,0.7754828333854675,XGBoost,81,1566216,4018,1.764862030731669,0.7457157969474792,0.7812427878379822,0.7812428,0.843067124691999,-0.0057599544525146484,0.008343955994753793
15,smlt_mm,69,Extra Trees,19336,4018,1.7307486841818112,0.7225878967480271,0.7570962772573216,0.7570962850866179,0.7342840221321231,0.7576413154602051,XGBoost,81,1566216,4018,1.698619096553009,0.7162554860115051,0.7660310864448547,0.7660311,0.8421935789492239,-0.008389770984649658,-0.00054503820288343
15,smlt_mm,70,Extra Trees,19336,4018,1.723940137447916,0.7300066365613915,0.7370309182970853,0.7370309132097866,0.7389207210170332,0.7320929169654846,XGBoost,81,1566216,4018,1.6848957311363917,0.7202501893043518,0.7488076686859131,0.74880767,0.8183035893000161,-0.016714751720428467,0.0049380013316007165
15,smlt_mm,71,Extra Trees,19336,4018,1.7858011183810514,0.7396773616051135,0.7033519177375839,0.70335192422317,0.7162039884862645,0.7032321691513062,XGBoost,81,1566216,4018,1.758499757143578,0.7496029734611511,0.7123528718948364,0.7123529,0.7711099094099299,-0.009120702743530273,0.00011974858627772367
15,smlt_mm,72,Extra Trees,19336,4018,1.7992969237128755,0.6902585633054427,0.6976230038956783,0.6976230024942366,0.68729940817151,0.6814929246902466,XGBoost,81,1566216,4018,1.7851977187,0.741961658000946,0.702343225479126,0.7023432,0.7520772847457542,-0.020850300788879395,0.016130079205431747
15,smlt_mm,73,Extra Trees,19336,4018,1.5693722622683557,0.5961588566804207,0.6909116524003389,0.6909116622591162,0.6555880056498016,0.676571249961853,XGBoost,81,1566216,4018,1.5482039474667606,0.663948655128479,0.6991935968399048,0.6991936,0.7507406669055552,-0.022622346878051758,0.014340402438485889
15,smlt_mm,74,Extra Trees,19336,4018,1.349041147135339,0.5488416657470415,0.6600926383436478,0.6600926078571612,0.6675998727116519,0.6310259699821472,XGBoost,81,1566216,4018,1.4157983231701752,0.5982412099838257,0.625619649887085,0.62561965,0.7414335888214759,0.005406320095062256,0.029066668361500625
15,smlt_mm,75,Extra Trees,19336,4018,1.538457496204814,0.66418597250345,0.7224186237712114,0.7224186330126596,0.7369885799180257,0.7156413793563843,XGBoost,81,1566216,4018,1.538264188579838,0.6617223024368286,0.7224884033203125,0.7224884,0.8175366860998249,-0.006847023963928223,0.006777244414827077
15,smlt_mm,76,Extra Trees,19336,4018,1.7180003337432403,0.7226146572856209,0.648901200721814,0.6489011802849005,0.6962137544683615,0.6251111626625061,XGBoost,81,1566216,4018,1.726480956762724,0.7253173589706421,0.645426332950592,0.64542633,0.713632376310426,-0.020315170288085938,0.023790038059307905
15,smlt_mm,77,Extra Trees,19336,4018,1.7836826535672097,0.6957918415385237,0.6365653611778869,0.6365653413762127,0.6696484432116331,0.6093723773956299,XGBoost,81,1566216,4018,1.7510958374043673,0.7190453410148621,0.6497235298156738,0.64972353,0.7190465212822633,-0.040351152420043945,0.027192983782256985
15,smlt_mm,78,Extra Trees,19336,4018,1.597764325969515,0.5790707142257134,0.6487619686960654,0.6487619847987278,0.6440478132943324,0.6340665817260742,XGBoost,81,1566216,4018,1.5696887395368964,0.6682834029197693,0.6609972715377808,0.6609973,0.6815826192000798,-0.026930689811706543,0.014695386969991175
15,smlt_mm,79,Extra Trees,19336,4018,1.2475719750807626,0.4836102093295129,0.6808978621126432,0.6808979020053325,0.6858340607910103,0.6617131233215332,XGBoost,81,1566216,4018,1.347481713533618,0.581649899482727,0.627741813659668,0.6277418,0.6837645203861715,0.033971309661865234,0.019184738791110045
15,smlt_mm,80,Extra Trees,19336,4018,1.708881607563132,0.660437340447763,0.6134203668381155,0.6134203677346932,0.674468479345933,0.5942203998565674,XGBoost,81,1566216,4018,1.7088157003813702,0.6853682994842529,0.6134501695632935,0.61345017,0.6732061534332796,-0.019229769706726074,0.019199966981548133
15,smlt_mm,81,Extra Trees,19336,4018,1.5671358277422265,0.6125151853184803,0.6084000554363269,0.6084000768876575,0.6832952908530607,0.5839626789093018,XGBoost,81,1566216,4018,1.602700773328991,0.6497618556022644,0.5904242992401123,0.5904243,0.6547899683037139,-0.006461620330810547,0.024437376527025156
30,snowc,0,Extra Trees,19321,4018,21.68400781197176,11.126260865979107,0.3649544159089249,0.3649543885531945,0.4331737891367319,0.3728681802749634,XGBoost,81,1565001,4018,32.75490480924193,18.48147201538086,-0.4490337371826172,-0.44903374,-0.5587127008255586,0.8219019174575806,-0.007913764366038467
30,snowc,1,Extra Trees,19321,4018,21.62889772681489,10.771143671589892,0.6822307382787165,0.6822307152579608,0.7343512866926276,0.6805453300476074,XGBoost,81,1565001,4018,24.627721335988944,12.71016788482666,0.5880053043365479,0.5880053,0.5746070617782653,0.09254002571105957,0.0016854082311090757
30,snowc,2,Extra Trees,19321,4018,20.88350520429509,10.670346391027785,0.6868674807386983,0.6868674956873128,0.7397099033007348,0.6943702697753906,XGBoost,81,1565001,4018,23.278389610356697,12.192729949951172,0.6109304428100586,0.61093044,0.6105592292288962,0.08343982696533203,-0.0075027890366923256
30,snowc,3,Extra Trees,19321,4018,20.291142187763526,10.21637199817274,0.7142559580543986,0.7142559643739471,0.7578255068755458,0.7194113731384277,XGBoost,81,1565001,4018,21.6591752623888,11.218499183654783,0.6744272708892822,0.6744273,0.6831182376834932,0.04498410224914551,-0.005155415084029169
30,snowc,4,Extra Trees,19321,4018,20.05043691298719,9.63167619606461,0.7555477718599135,0.7555477975427383,0.7891508045826295,0.7626858949661255,XGBoost,81,1565001,4018,21.039301109164946,10.600817680358888,0.7308410406112671,0.73084104,0.7451548825222218,0.0318448543548584,-0.00713812310621198
30,snowc,5,Extra Trees,19321,4018,21.26262791786878,9.837630900630057,0.7448623065830078,0.7448623309099645,0.7913591942363978,0.7494045495986938,XGBoost,81,1565001,4018,22.738224545217903,11.013642311096191,0.7082211375236511,0.70822114,0.7236482842584273,0.041183412075042725,-0.004542243015686065
30,snowc,6,Extra Trees,19321,4018,18.92491821532651,8.46755874514514,0.8167223143085117,0.816722329590353,0.8395705085388202,0.8130716681480408,XGBoost,81,1565001,4018,20.01193567799173,9.67870807647705,0.795063316822052,0.7950633,0.8225371552145307,0.01800835132598877,0.0036506461604709495
30,snowc,7,Extra Trees,19321,4018,18.5497209344034,8.288470549682664,0.8255500545760682,0.8255500624971575,0.8453561651632063,0.824243426322937,XGBoost,81,1565001,4018,18.984123422972996,9.28636646270752,0.8172837495803833,0.81728375,0.854527123501556,0.006959676742553711,0.0013066282531312146
30,snowc,8,Extra Trees,19321,4018,18.573072982235804,8.139758947100702,0.8302042992085998,0.8302042917541168,0.8516753521264866,0.8283501863479614,XGBoost,81,1565001,4018,19.02427167062267,9.18666172027588,0.8218543529510498,0.82185435,0.8592817145717839,0.006495833396911621,0.0018541128606384127
30,snowc,9,Extra Trees,19321,4018,17.694267461065756,7.393633674051483,0.8545124390637486,0.8545124530192256,0.876722364344457,0.8523740172386169,XGBoost,81,1565001,4018,17.875177555936332,8.244195938110352,0.8515222668647766,0.85152227,0.8759509197781071,0.000851750373840332,0.0021384218251316867
30,snowc,10,Extra Trees,19321,4018,16.899543132302394,6.780637222416516,0.8731672029167968,0.8731672069229727,0.8954894002476521,0.8728721141815186,XGBoost,81,1565001,4018,16.997916598841513,7.596704483032227,0.8716863393783569,0.87168634,0.8885423378402957,0.001185774803161621,0.0002950887352782816
30,snowc,11,Extra Trees,19321,4018,20.294260055031568,9.009711991630928,0.7940836184667726,0.794083599051143,0.8258274739495037,0.7905666828155518,XGBoost,81,1565001,4018,21.19807534748143,10.048344612121582,0.7753340005874634,0.775334,0.8072034237582697,0.015232682228088379,0.0035169356512207983
30,snowc,12,Extra Trees,19321,4018,20.53846239100799,9.122794051505531,0.7896484327825115,0.7896484377067113,0.8275084979730444,0.7891806364059448,XGBoost,81,1565001,4018,20.694922461169742,10.078476905822754,0.7864313721656799,0.7864314,0.8323248101503115,0.0027492642402648926,0.00046779637656668704
30,snowc,13,Extra Trees,19321,4018,20.092156780904126,8.858241738122155,0.800372086632763,0.8003720504860314,0.8369186262751224,0.7999866604804993,XGBoost,81,1565001,4018,20.220695484550134,9.75224494934082,0.7978096604347229,0.79780966,0.8401347584141332,0.002177000045776367,0.0003854261522637792
30,snowc,14,Extra Trees,19321,4018,19.301823202989723,8.370085941555077,0.8184109911310756,0.8184109807024695,0.8469427172028283,0.8175516128540039,XGBoost,81,1565001,4018,20.774499608519456,9.534616470336914,0.7896444201469421,0.7896444,0.8044241167296439,0.027907192707061768,0.0008593782770717207
30,snowc,15,Extra Trees,19321,4018,18.9342829852867,7.934979216229458,0.8311675707992046,0.8311675601286034,0.8564415458715582,0.8281936645507812,XGBoost,81,1565001,4018,20.404125529486603,9.027420043945312,0.8039376735687256,0.8039377,0.8154295911474472,0.024255990982055664,0.002973906248423308
30,snowc,16,Extra Trees,19321,4018,19.115948381982857,8.531540405877506,0.8179339320985592,0.8179339130960179,0.8472716136289313,0.8190873861312866,XGBoost,81,1565001,4018,20.003262825890197,9.406108856201172,0.8006395101547241,0.8006395,0.8366675093168598,0.0184478759765625,-0.0011534540327273746
30,snowc,17,Extra Trees,19321,4018,20.257112762734067,8.958576305712985,0.7973508330176118,0.7973508456132856,0.8304290743531585,0.7978079915046692,XGBoost,81,1565001,4018,20.095507128168755,9.858631134033203,0.8005713224411011,0.8005713,0.8498535080770375,-0.0027633309364318848,-0.00045715848705740747
30,snowc,18,Extra Trees,19321,4018,19.457673301251823,8.461037562650608,0.8144154110839303,0.8144154271776181,0.8391069473285724,0.8137224316596985,XGBoost,81,1565001,4018,19.51782741900858,9.305556297302246,0.8132661581039429,0.81326616,0.8505131322423441,0.00045627355575561523,0.0006929794242318543
30,snowc,19,Extra Trees,19321,4018,18.18830575046933,7.654400034929578,0.843283618257217,0.8432836038159672,0.861094365215589,0.842121422290802,XGBoost,81,1565001,4018,19.197806010459487,8.733602523803711,0.8254044651985168,0.82540447,0.8378336311172858,0.016716957092285156,0.0011621959664149806
30,snowc,20,Extra Trees,19321,4018,18.095754770934,7.333455249215122,0.8507245304199947,0.8507245399835741,0.8708645256287977,0.848346471786499,XGBoost,81,1565001,4018,18.989906440813744,8.377025604248047,0.8356080055236816,0.835608,0.8455635022406083,0.012738466262817383,0.0023780586334957166
30,snowc,21,Extra Trees,19321,4018,17.886927915741687,7.331632932266728,0.8527953867072653,0.8527953878856377,0.877969931226903,0.8513368964195251,XGBoost,81,1565001,4018,18.29289409484553,8.440685272216797,0.8460375666618347,0.84603757,0.8791776240730433,0.00529932975769043,0.001458490287740144
30,snowc,22,Extra Trees,19321,4018,17.883205665844674,7.255838306216592,0.8549098603610242,0.854909872851151,0.8848155180752844,0.853410005569458,XGBoost,81,1565001,4018,17.92243351352921,8.513781547546387,0.8542726635932922,0.85427266,0.8869173160501944,-0.0008626580238342285,0.0014998547915662241
30,snowc,23,Extra Trees,19321,4018,17.69537138118021,7.232130346093258,0.8589379838195593,0.858938006914034,0.8889506234649824,0.862309455871582,XGBoost,81,1565001,4018,17.722822848153488,8.153979301452637,0.8585000038146973,0.8585,0.8936150488241996,0.0038094520568847656,-0.003371472052022706
30,snowc,24,Extra Trees,19321,4018,17.58981614740001,7.6739529539834415,0.8535366667201354,0.8535366536295655,0.8802344265536038,0.8576328754425049,XGBoost,81,1565001,4018,18.2759465798265,8.38683032989502,0.8418875336647034,0.84188753,0.871212828933895,0.015745341777801514,-0.004096208722369488
30,snowc,25,Extra Trees,19321,4018,19.24476373234574,8.664079196706288,0.810503734483677,0.8105037189118386,0.8445277642139045,0.8160136342048645,XGBoost,81,1565001,4018,20.21931147790708,9.464512825012209,0.7908257246017456,0.7908257,0.8174837543350998,0.025187909603118896,-0.005509899721187539
30,snowc,26,Extra Trees,19321,4018,17.16979688199046,7.010882304325243,0.8676523665634877,0.8676523477573597,0.8870799631615336,0.864439070224762,XGBoost,81,1565001,4018,16.382220125198806,7.204246520996094,0.8795154094696045,0.8795154,0.904123578762486,-0.01507633924484253,0.0032132963387256908
30,snowc,27,Extra Trees,19321,4018,17.439885916300874,7.299522107513773,0.8610105505602514,0.861010538879657,0.8824281935111921,0.8599661588668823,XGBoost,81,1565001,4018,16.67075104575938,7.786608219146728,0.8729996681213379,0.87299967,0.9050920306471646,-0.013033509254455566,0.0010443916933691177
30,snowc,28,Extra Trees,19321,4018,17.93437822311568,7.394220825151628,0.8548181259335238,0.8548181224972109,0.8789021437119863,0.8508578538894653,XGBoost,81,1565001,4018,17.32394174313488,8.037140846252441,0.8645330667495728,0.86453307,0.8976382349372599,-0.013675212860107422,0.003960272044058466
30,snowc,29,Extra Trees,19321,4018,17.284422387428297,6.904524137755612,0.8681081635697323,0.8681081638982123,0.8895916123557339,0.8609805107116699,XGBoost,81,1565001,4018,16.746610839491524,7.185588836669922,0.8761882185935974,0.8761882,0.8973239404582106,-0.01520770788192749,0.007127652858062383
30,snowc,30,Extra Trees,19321,4018,13.025675726066885,5.623976550331394,0.92372774340214,0.9237277412188262,0.9273409972493336,0.919542670249939,XGBoost,81,1565001,4018,13.693500196510604,6.3379011154174805,0.9157063364982604,0.91570634,0.930651333970494,0.003836333751678578,0.004185073152201069
30,snowc,31,Extra Trees,19321,4018,14.397383534653432,5.994688055087059,0.9084347322583192,0.9084347194296484,0.9135615109890642,0.9033522605895996,XGBoost,81,1565001,4018,14.461787416778256,6.439979076385498,0.9076136946678162,0.9076137,0.917253481882612,-0.004261434078216553,0.005082471668719557
30,snowc,32,Extra Trees,19321,4018,16.066136024830776,7.064758824979933,0.8799306307947625,0.8799306439575941,0.8933256903272776,0.8758527636528015,XGBoost,81,1565001,4018,15.913663144688504,7.2027435302734375,0.8821988105773926,0.8821988,0.908852399072582,-0.0063460469245910645,0.004077867141961011
30,snowc,33,Extra Trees,19321,4018,16.646777454418448,7.15848357801313,0.8715939232482333,0.8715939261702278,0.885721125676757,0.8692072629928589,XGBoost,81,1565001,4018,16.42529121965241,7.41903829574585,0.8749880790710449,0.8749881,0.8968924472925659,-0.005780816078186035,0.002386660255374373
30,snowc,34,Extra Trees,19321,4018,17.068600586586353,6.9055796891198,0.8718211248568186,0.8718211226239909,0.8912180957187026,0.8690736293792725,XGBoost,81,1565001,4018,16.96024745976557,7.405163288116455,0.8734433650970459,0.87344337,0.8909875532873911,-0.0043697357177734375,0.002747495477546158
30,snowc,35,Extra Trees,19321,4018,17.1630378044699,6.931322516574478,0.8703805416611308,0.8703805408015362,0.8903162273850052,0.8714350461959839,XGBoost,81,1565001,4018,17.043841210048846,7.490241050720215,0.8721746802330017,0.8721747,0.891351897305962,-0.0007396340370178223,-0.001054504534853118
30,snowc,36,Extra Trees,19321,4018,16.869658783735666,7.0906483581706805,0.8717114076108788,0.8717114192771551,0.8942672722962823,0.8720923662185669,XGBoost,81,1565001,4018,17.085635642623895,7.678325176239014,0.8684055209159851,0.8684055,0.8958247314611127,0.003686845302581787,-0.00038095860768805334
30,snowc,37,Extra Trees,19321,4018,17.892228287586526,7.5277560430834,0.8553479003491872,0.8553478858472626,0.887004379603889,0.8553692698478699,XGBoost,81,1565001,4018,18.017039393199255,8.22358512878418,0.8533227443695068,0.85332274,0.8899399931693444,0.002046525478363037,-2.136949868269955e-05
30,snowc,38,Extra Trees,19321,4018,17.939043790037708,7.650127289177233,0.8525350939388272,0.8525350853319374,0.8841881202115807,0.857485294342041,XGBoost,81,1565001,4018,18.1264395306578,8.210766792297363,0.8494380712509155,0.8494381,0.8817110965744076,0.008047223091125488,-0.004950200403213811
30,snowc,39,Extra Trees,19321,4018,14.006314861224022,5.417017424653527,0.9158365586860916,0.9158365669989764,0.9188420443731112,0.915822684764862,XGBoost,81,1565001,4018,13.653632919283105,5.990763187408447,0.9200217127799988,0.9200217,0.9341947060807996,-0.00419902801513683,1.3873921229645703e-05
30,snowc,40,Extra Trees,19321,4018,16.372906200685744,6.184493046698885,0.8853302981168355,0.8853303068629305,0.9013479212463512,0.8847070336341858,XGBoost,81,1565001,4018,16.03206092612745,7.205910682678223,0.8900549411773682,0.89005494,0.9043506561902104,-0.005347907543182373,0.0006232644826497102
30,snowc,41,Extra Trees,19321,4018,16.96984405155059,6.696909162279637,0.875063433981357,0.8750634365535491,0.8945849043861992,0.8748098611831665,XGBoost,81,1565001,4018,16.59536373244375,7.59833288192749,0.8805166482925415,0.88051665,0.9015568082517936,-0.005706787109375,0.0002535727981904934
30,snowc,42,Extra Trees,19321,4018,14.23657023130882,5.776736961354187,0.9119911466245236,0.9119911418605278,0.916678884687543,0.9108337163925172,XGBoost,81,1565001,4018,14.063462966161142,6.225000381469727,0.9141184091567992,0.9141184,0.9285493371883322,-0.0032846927642820045,0.001157430232006429
30,snowc,43,Extra Trees,19321,4018,12.331929125373172,4.963747849414681,0.9355675108263324,0.9355675082493512,0.9293698701436366,0.9355003237724304,XGBoost,81,1565001,4018,12.42891039957659,5.524328708648682,0.9345501065254213,0.9345501,0.9358633163591092,0.0009502172470091663,6.718705390196256e-05
30,snowc,44,Extra Trees,19321,4018,12.542839716209288,4.844832293232986,0.9344209541356712,0.9344209529588228,0.9287376582430644,0.935598373413086,XGBoost,81,1565001,4018,12.522001511363346,5.470942974090576,0.9346386790275574,0.9346387,0.9306424211023748,0.0009596943855286755,-0.0011774192774148817
30,snowc,45,Extra Trees,19321,4018,12.7956210388362,4.978633302944469,0.9314047244167803,0.9314047206605286,0.9270003105890982,0.9316397309303284,XGBoost,81,1565001,4018,12.95897245313129,5.782739162445068,0.929642140865326,0.92964214,0.9273678637492055,0.0019975900650023304,-0.0002350065135480195
30,snowc,46,Extra Trees,19321,4018,13.317047509235923,5.233801916262435,0.9254421806622468,0.9254421798178069,0.923693941792689,0.9269770979881288,XGBoost,81,1565001,4018,13.22100767510981,5.778133392333984,0.926513671875,0.9265137,0.928860727808964,0.00046342611312877313,-0.001534917325881957
30,snowc,47,Extra Trees,19321,4018,15.801092114628876,6.511491058981127,0.891377555145549,0.8913775742236049,0.9041314879532284,0.8937337398529053,XGBoost,81,1565001,4018,15.22062731057886,6.797735214233398,0.8992116451263428,0.89921165,0.9198857763272406,-0.0054779052734375,-0.0023561847073563236
30,snowc,48,Extra Trees,19321,4018,17.007322385556186,7.096928984961709,0.8727484254325678,0.8727484210283667,0.8927983553200458,0.875626802444458,XGBoost,81,1565001,4018,16.424624197505917,7.447078227996826,0.8813187479972839,0.88131875,0.9099192499317252,-0.005691945552825928,-0.0028783770118901986
30,snowc,49,Extra Trees,19321,4018,17.786176603130674,7.631803079157302,0.8579813025312305,0.8579813272089745,0.8857730150100847,0.8605573177337646,XGBoost,81,1565001,4018,17.6107657017949,8.049076080322266,0.860768735408783,0.86076874,0.8940039502844628,-0.00021141767501831055,-0.002576015202534143
30,snowc,50,Extra Trees,19321,4018,18.225256709455564,7.924171355386624,0.8489074377514128,0.8489074292910681,0.8815695523779625,0.8472485542297363,XGBoost,81,1565001,4018,17.965456559590443,8.306954383850098,0.8531843423843384,0.85318434,0.8850167608277213,-0.005935788154602051,0.0016588835216764242
30,snowc,51,Extra Trees,19321,4018,14.455509060534636,5.716985461162761,0.9105482658196092,0.910548276323368,0.913895619207162,0.9085316061973572,XGBoost,81,1565001,4018,14.058714225657727,6.307276725769043,0.9153916835784912,0.9153917,0.9336240724291972,-0.006860077381134033,0.0020166596222520594
30,snowc,52,Extra Trees,19321,4018,13.95472782981385,5.76852719881516,0.915392532549442,0.9153925310610236,0.9167752154360927,0.9147746562957764,XGBoost,81,1565001,4018,13.585980740478917,6.086104393005371,0.919804871082306,0.9198049,0.9357928250028036,-0.005030214786529652,0.0006178762536656057
30,snowc,53,Extra Trees,19321,4018,14.60322020964266,6.119693161282853,0.9070232064176744,0.9070231922934324,0.9122429409468562,0.9070125818252563,XGBoost,81,1565001,4018,14.147846481305688,6.370635986328125,0.912731409072876,0.9127314,0.9308694640622832,-0.005718827247619629,1.0624592418073675e-05
30,snowc,54,Extra Trees,19321,4018,15.54310761550568,6.372989098504182,0.895573914309069,0.8955739236085638,0.9045162641391822,0.8957012891769409,XGBoost,81,1565001,4018,15.016114797552705,6.736527442932129,0.902535080909729,0.9025351,0.9216682976880743,-0.006833791732788086,-0.0001273748678719544
30,snowc,55,Extra Trees,19321,4018,14.400155343012331,5.831392574495443,0.911583684383428,0.9115836829763532,0.913527324264956,0.912340760231018,XGBoost,81,1565001,4018,13.944397181970782,6.303608417510986,0.9170917868614196,0.9170918,0.9220165251050394,-0.004751026630401611,-0.0007570758475899941
30,snowc,56,Extra Trees,19321,4018,13.398472496345065,5.556458232429293,0.9234737267483648,0.923473731426768,0.9202402771736864,0.9245331287384032,XGBoost,81,1565001,4018,12.889578556010376,5.85246467590332,0.9291765093803406,0.9291765,0.9295702030561876,-0.004643380641937367,-0.0010594019900384
30,snowc,57,Extra Trees,19321,4018,13.104928773926538,5.506806619430317,0.9264566095453975,0.9264566082006264,0.9239299833815416,0.926213562488556,XGBoost,81,1565001,4018,12.766227418466272,5.743184566497803,0.93020898103714,0.930209,0.933249624483836,-0.003995418548583984,0.00024304705684152772
30,snowc,58,Extra Trees,19321,4018,14.103294750654566,6.176325405188692,0.9124855730765556,0.912485568086718,0.918301021799028,0.911807656288147,XGBoost,81,1565001,4018,13.556098517155885,6.208642959594727,0.9191448092460632,0.9191448,0.933757164694708,-0.00733715295791626,0.0006779167884086723
30,snowc,59,Extra Trees,19321,4018,16.181600664609647,7.12671069082008,0.8823823591053457,0.8823823632597487,0.9008150990591997,0.8813755512237549,XGBoost,81,1565001,4018,15.816906462051827,7.2231011390686035,0.8876242637634277,0.88762426,0.9161392997763164,-0.0062487125396728516,0.0010068078815907988
30,snowc,60,Extra Trees,19321,4018,18.425464780443015,7.997539718643179,0.8478110719985918,0.847811067654511,0.8796659990084849,0.8454103469848633,XGBoost,81,1565001,4018,18.033322325942276,8.228976249694824,0.8542200922966003,0.8542201,0.893092529387046,-0.00880974531173706,0.0024007250137285663
30,snowc,61,Extra Trees,19321,4018,19.06443397795369,8.514519690888251,0.8322304328656093,0.8322304129591593,0.8685919706694036,0.8270270824432373,XGBoost,81,1565001,4018,18.854581386437953,8.817686080932617,0.835903525352478,0.8359035,0.8765992033395005,-0.008876442909240723,0.005203350422371966
30,snowc,62,Extra Trees,19321,4018,19.43552457188486,8.735067915223414,0.8248753198353642,0.8248753018597474,0.8657572058601335,0.8230764865875244,XGBoost,81,1565001,4018,18.78708247103412,9.092577934265137,0.8363659977912903,0.836366,0.8706621841525898,-0.01328951120376587,0.001798833247839804
30,snowc,63,Extra Trees,19321,4018,13.274584429736883,5.38817438796072,0.9245373903953192,0.9245373951036312,0.9211876367211892,0.924229085445404,XGBoost,81,1565001,4018,13.339649293970693,6.192693710327148,0.9237958192825316,0.9237958,0.9362794605184748,0.0004332661628724255,0.00030830494991518353
30,snowc,64,Extra Trees,19321,4018,12.78630808155997,5.130760209214247,0.9293883579876712,0.9293883586658224,0.9246951356337644,0.9286726117134094,XGBoost,81,1565001,4018,12.800148271655576,5.947059631347656,0.9292353987693788,0.9292354,0.938799061045852,-0.0005627870559693493,0.0007157462742617415
30,snowc,65,Extra Trees,19321,4018,12.995660624063188,5.263138141405021,0.9269136122652496,0.9269136060844828,0.9237462276047952,0.9252423048019408,XGBoost,81,1565001,4018,13.284118486187865,6.129226207733154,0.9236330986022948,0.9236331,0.9351922439155588,0.001609206199645996,0.001671307463308791
30,snowc,66,Extra Trees,19321,4018,12.885238910903997,5.455104537910648,0.9272625291542766,0.9272625353735688,0.9241316342943042,0.9254934191703796,XGBoost,81,1565001,4018,12.90032956197698,5.824128150939941,0.9270920753479004,0.9270921,0.939449604921072,-0.001598656177520752,0.0017691099838970104
30,snowc,67,Extra Trees,19321,4018,14.569492542907598,6.115358868164622,0.908344008549513,0.908344011950766,0.9086030349259132,0.9072319269180298,XGBoost,81,1565001,4018,13.77682597109692,6.207823753356934,0.9180459976196288,0.918046,0.9290978264186572,-0.01081407070159901,0.0011120816314832416
30,snowc,68,Extra Trees,19321,4018,16.54157070402087,7.203152176616039,0.8791803418192793,0.8791803454135944,0.8912967970833598,0.8765905499458313,XGBoost,81,1565001,4018,15.84507803081873,7.1737589836120605,0.8891404867172241,0.8891405,0.917905817677784,-0.012549936771392822,0.0025897918734479886
30,snowc,69,Extra Trees,19321,4018,16.811086335256668,7.590903727677826,0.8725713391429331,0.8725713299439848,0.8903639623789499,0.8720932006835938,XGBoost,81,1565001,4018,16.12663793007502,7.382421493530273,0.8827363848686218,0.8827364,0.9159486586556622,-0.010643184185028076,0.00047813845933930565
30,snowc,70,Extra Trees,19321,4018,17.625078666512408,7.986870103026583,0.8587145853827574,0.8587145914175021,0.8841525377449635,0.8551386594772339,XGBoost,81,1565001,4018,17.101489335727457,7.896509170532227,0.8669842481613159,0.86698425,0.9039720546172768,-0.011845588684082031,0.0035759259055234693
30,snowc,71,Extra Trees,19321,4018,18.480945486200824,8.381310663864872,0.8448004432168426,0.8448004506849187,0.8774466895687109,0.8394655585289001,XGBoost,81,1565001,4018,18.060599151169345,8.349090576171875,0.8517801761627197,0.8517802,0.8923588618657379,-0.01231461763381958,0.0053348846879424094
30,snowc,72,Extra Trees,19321,4018,18.26638506310332,8.108254062839388,0.8506262452362467,0.8506262428326202,0.8816431975658277,0.8483136296272278,XGBoost,81,1565001,4018,17.569232994016755,7.973954677581787,0.8618106245994568,0.8618106,0.8960163014831309,-0.013496994972229004,0.0023126156090189642
30,snowc,73,Extra Trees,19321,4018,18.562310092597915,8.247629790444952,0.8439612921771921,0.8439612808354688,0.8792429080794355,0.8377049565315247,XGBoost,81,1565001,4018,17.69592990092902,8.396191596984863,0.8581873178482056,0.8581873,0.8910644750056316,-0.020482361316680908,0.00625633564566741
30,snowc,74,Extra Trees,19321,4018,19.718092796684513,9.536266683941989,0.8068289942886698,0.8068289840438023,0.8531862640196977,0.8040174245834351,XGBoost,81,1565001,4018,20.460791332047588,9.85184097290039,0.7920030355453491,0.79200304,0.8316394103014707,0.012014389038085938,0.0028115697052347732
30,snowc,75,Extra Trees,19321,4018,18.306037573964502,8.71232082126792,0.844119511335725,0.8441195084754107,0.8726160577945266,0.8397221565246582,XGBoost,81,1565001,4018,17.967095711892686,8.322092056274414,0.8498384356498718,0.84983844,0.8995433733218486,-0.010116279125213623,0.004397354811066845
30,snowc,76,Extra Trees,19321,4018,20.05394311088716,9.57305048535464,0.8116014932088722,0.8116014863825918,0.8571229839918498,0.8069987893104553,XGBoost,81,1565001,4018,19.89954170964513,9.309468269348145,0.8144913911819458,0.8144914,0.8755769683741416,-0.0074926018714904785,0.004602703898416882
30,snowc,77,Extra Trees,19321,4018,19.754703163426903,9.213888930403282,0.8204301063256768,0.8204300996936367,0.8653674837233105,0.8217809796333313,XGBoost,81,1565001,4018,19.06444101926288,8.821064949035645,0.8327597975730896,0.8327598,0.885891220943811,-0.0109788179397583,-0.0013508733076544877
30,snowc,78,Extra Trees,19321,4018,18.78748531731534,8.640060298526148,0.8400902937080417,0.8400902889929039,0.8774286457170027,0.8365336656570435,XGBoost,81,1565001,4018,18.159488671452007,8.49462604522705,0.8506020307540894,0.85060203,0.8907728896091605,-0.014068365097045898,0.0035566280509982118
30,snowc,79,Extra Trees,19321,4018,18.840456133043354,9.114964429060995,0.8301984427989586,0.8301984498546698,0.8729730252873217,0.8297927975654602,XGBoost,81,1565001,4018,18.767224347697155,8.963428497314453,0.831515908241272,0.8315159,0.8708494042476946,-0.0017231106758117676,0.0004056452334983973
30,snowc,80,Extra Trees,19321,4018,20.467203716444807,9.906566647451918,0.8008169696637284,0.8008169571732103,0.8505917698266222,0.7997111678123474,XGBoost,81,1565001,4018,20.724352325148185,9.815146446228027,0.7957804799079895,0.7957805,0.8724470105457969,0.00393068790435791,0.001105801851380983
30,snowc,81,Extra Trees,19321,4018,20.29576218549077,9.837920818062557,0.8012127197868995,0.8012127223838038,0.8530863754647264,0.8012531399726868,XGBoost,81,1565001,4018,20.904803352881753,9.861449241638184,0.7891031503677368,0.78910315,0.8560654593786567,0.012149989604949951,-4.042018578731543e-05
30,sd,0,XGBoost,19321,4018,0.0227769079516685,0.0091587733477354,-0.2164397239685058,-0.2164397239685058,-0.0341348688749569,-0.2164397239685058,XGBoost,81,1565001,4018,0.0500131200549243,0.0267261564731597,-4.865012168884277,-4.865012,-3.6284119619374833,4.6485724449157715,0.0
30,sd,1,XGBoost,19321,4018,0.0436537701311837,0.0193970147520303,0.5171953439712524,0.5171953439712524,0.5605092920011642,0.5171953439712524,XGBoost,81,1565001,4018,0.0589598661623364,0.0286072753369808,0.1192737817764282,0.11927378,0.086313497908904,0.3979215621948242,0.0
30,sd,2,XGBoost,19321,4018,0.0414959268753321,0.0184312723577022,0.468386173248291,0.468386173248291,0.5603682161490355,0.468386173248291,XGBoost,81,1565001,4018,0.0550362079142715,0.027029974386096,0.064847707748413,0.06484771,0.0543166182748942,0.40353846549987804,0.0
30,sd,3,XGBoost,19321,4018,0.0401120959001936,0.0185814090073108,0.5827254056930542,0.5827254056930542,0.6098280873502042,0.5827254056930542,XGBoost,81,1565001,4018,0.0525634166754396,0.0258728452026844,0.2834633588790893,0.28346336,0.2169319168396104,0.2992620468139649,0.0
30,sd,4,XGBoost,19321,4018,0.0418277990949607,0.0204391814768314,0.7404320240020752,0.7404320240020752,0.7256016328291035,0.7404320240020752,XGBoost,81,1565001,4018,0.0506388864891161,0.0254127345979213,0.6195571422576904,0.61955714,0.5218242525643393,0.12087488174438477,0.0
30,sd,5,XGBoost,19321,4018,0.0515115927326364,0.0250186715275049,0.731036901473999,0.731036901473999,0.7660447827544046,0.731036901473999,XGBoost,81,1565001,4018,0.0601625453918437,0.0300726108253002,0.6331106424331665,0.63311064,0.6189209488418639,0.09792625904083252,0.0
30,sd,6,XGBoost,19321,4018,0.0612888727647119,0.030690623447299,0.7832965850830078,0.7832965850830078,0.8117861339950567,0.7832965850830078,XGBoost,81,1565001,4018,0.0619281991078611,0.0313556343317031,0.7787519693374634,0.77875197,0.8140106399188458,0.004544615745544434,0.0
30,sd,7,XGBoost,19321,4018,0.0589383462811498,0.0296617895364761,0.8047008514404297,0.8047008514404297,0.8223564885789774,0.8047008514404297,XGBoost,81,1565001,4018,0.059344516476758,0.0299618411809206,0.8019998073577881,0.8019998,0.8556593121521288,0.0027010440826416016,0.0
30,sd,8,XGBoost,19321,4018,0.056026618605613,0.0291891377419233,0.8341591358184814,0.8341591358184814,0.850085158357071,0.8341591358184814,XGBoost,81,1565001,4018,0.0580571558795519,0.0296905655413866,0.8219203948974609,0.8219204,0.8546812750017296,0.012238740921020508,0.0
30,sd,9,XGBoost,19321,4018,0.0553925421380319,0.0297756623476743,0.8660413026809692,0.8660413026809692,0.8663252261686533,0.8660413026809692,XGBoost,81,1565001,4018,0.0602301805918442,0.0309543553739786,0.8416212797164917,0.8416213,0.8501641594975067,0.02442002296447754,0.0
30,sd,10,XGBoost,19321,4018,0.0533308866691384,0.0284125749021768,0.8807481527328491,0.8807481527328491,0.8795016844744854,0.8807481527328491,XGBoost,81,1565001,4018,0.0584182056727016,0.0308177098631858,0.8569117784500122,0.8569118,0.8533871807476306,0.023836374282836914,0.0
30,sd,11,XGBoost,19321,4018,0.0566058751089636,0.0288544949144125,0.8136772513389587,0.8136772513389587,0.8382736748544103,0.8136772513389587,XGBoost,81,1565001,4018,0.0579083971525114,0.0298561789095401,0.8050038814544678,0.8050039,0.8287502223152203,0.008673369884490967,0.0
30,sd,12,XGBoost,19321,4018,0.0572546366027983,0.0289280209690332,0.7998641729354858,0.7998641729354858,0.8282319557443273,0.7998641729354858,XGBoost,81,1565001,4018,0.0558081777408538,0.0286545641720294,0.8098487854003906,0.8098488,0.8491361154651457,-0.009984612464904785,0.0
30,sd,13,XGBoost,19321,4018,0.059053110500303,0.0299548283219337,0.7955547571182251,0.7955547571182251,0.8206801611014499,0.7955547571182251,XGBoost,81,1565001,4018,0.0555965721327801,0.0289339292794466,0.8187877535820007,0.81878775,0.855257865326591,-0.023232996463775635,0.0
30,sd,14,XGBoost,19321,4018,0.0587396632774793,0.0305152665823698,0.8218536972999573,0.8218536972999573,0.8379738001499025,0.8218536972999573,XGBoost,81,1565001,4018,0.0599615895363212,0.0315173119306564,0.8143648505210876,0.81436485,0.816596961922252,0.007488846778869629,0.0
30,sd,15,XGBoost,19321,4018,0.0606940637702607,0.0318399518728256,0.8384191393852234,0.8384191393852234,0.8470436197001681,0.8384191393852234,XGBoost,81,1565001,4018,0.0636516686714193,0.0332598276436328,0.8222878575325012,0.82228786,0.8220149085330098,0.016131281852722168,0.0
30,sd,16,XGBoost,19321,4018,0.0565045259008572,0.0288514047861099,0.8319361209869385,0.8319361209869385,0.8517981385610632,0.8319361209869385,XGBoost,81,1565001,4018,0.0591146087681439,0.0305750463157892,0.8160508871078491,0.8160509,0.8468020533318908,0.015885233879089355,0.0
30,sd,17,XGBoost,19321,4018,0.057103236862678,0.0289423838257789,0.8201352953910828,0.8201352953910828,0.8444904191469711,0.8201352953910828,XGBoost,81,1565001,4018,0.057223756822284,0.0293105039745569,0.8193752765655518,0.8193753,0.8753742936461701,0.0007600188255310059,0.0
30,sd,18,XGBoost,19321,4018,0.0574750115943804,0.0300849471241235,0.833688497543335,0.833688497543335,0.8420263065529775,0.833688497543335,XGBoost,81,1565001,4018,0.058474624257019,0.03015455044806,0.8278531432151794,0.82785314,0.8719331074370406,0.005835354328155518,0.0
30,sd,19,XGBoost,19321,4018,0.060928077229047,0.0321040302515029,0.8445369005203247,0.8445369005203247,0.8445107890402339,0.8445369005203247,XGBoost,81,1565001,4018,0.0627839151621837,0.0324054807424545,0.8349220156669617,0.834922,0.8463064117536737,0.009614884853363037,0.0
30,sd,20,XGBoost,19321,4018,0.0638060600961733,0.0336970835924148,0.8511873483657837,0.8511873483657837,0.8585350394361638,0.8511873483657837,XGBoost,81,1565001,4018,0.0648786090600796,0.0334445163607597,0.8461422920227051,0.8461423,0.8619863677544304,0.005045056343078613,0.0
30,sd,21,XGBoost,19321,4018,0.0604041208643379,0.0315133035182952,0.8504229784011841,0.8504229784011841,0.8728755211123607,0.8504229784011841,XGBoost,81,1565001,4018,0.0594362720759776,0.0307119432836771,0.8551778793334961,0.8551779,0.8967082392466783,-0.004754900932312012,0.0
30,sd,22,XGBoost,19321,4018,0.0574973687057077,0.030001550912857,0.856379508972168,0.856379508972168,0.8797859317922748,0.856379508972168,XGBoost,81,1565001,4018,0.0559144266487651,0.0290566831827163,0.8641785383224487,0.86417854,0.9053146145814508,-0.007799029350280762,0.0
30,sd,23,XGBoost,19321,4018,0.0524147244634944,0.0273958276957273,0.8721754550933838,0.8721754550933838,0.8795973453136299,0.8721754550933838,XGBoost,81,1565001,4018,0.0537139024783102,0.028381735086441,0.865760326385498,0.8657603,0.8960524337659075,0.006415128707885742,0.0
30,sd,24,XGBoost,19321,4018,0.0479803250525022,0.0249321479350328,0.8584702610969543,0.8584702610969543,0.8627316635248427,0.8584702610969543,XGBoost,81,1565001,4018,0.0529721845192739,0.0275913551449775,0.827488899230957,0.8274889,0.8065788062470853,0.030981361865997314,0.0
30,sd,25,XGBoost,19321,4018,0.041304878254896,0.0211618803441524,0.8207409381866455,0.8207409381866455,0.8344922103416631,0.8207409381866455,XGBoost,81,1565001,4018,0.047881080806655,0.025187874212861,0.7591168880462646,0.7591169,0.6608910596525586,0.06162405014038086,0.0
30,sd,26,XGBoost,19321,4018,0.0591451646493627,0.0318352840840816,0.894189715385437,0.894189715385437,0.8878430941835936,0.894189715385437,XGBoost,81,1565001,4018,0.0571398663400038,0.0303791742771863,0.9012430310249328,0.90124303,0.9322276579815376,-0.007053315639495739,0.0
30,sd,27,XGBoost,19321,4018,0.0579219492504569,0.0311044193804264,0.8828505277633667,0.8828505277633667,0.879325445873093,0.8828505277633667,XGBoost,81,1565001,4018,0.0575627032988527,0.0301183313131332,0.8842992186546326,0.8842992,0.9110441143422088,-0.0014486908912658691,0.0
30,sd,28,XGBoost,19321,4018,0.0582840183734491,0.0308919418603181,0.8763220310211182,0.8763220310211182,0.8742417938962808,0.8763220310211182,XGBoost,81,1565001,4018,0.0573423080074634,0.0299500487744808,0.8802863359451294,0.88028634,0.9132650498684458,-0.0039643049240112305,0.0
30,sd,29,XGBoost,19321,4018,0.0584911222526476,0.0313151068985462,0.8930232524871826,0.8930232524871826,0.8813228546441123,0.8930232524871826,XGBoost,81,1565001,4018,0.057079995239302,0.0303048249334096,0.8981227278709412,0.8981227,0.92413042001444,-0.005099475383758545,0.0
30,sd,30,XGBoost,19321,4018,0.0578447370443672,0.0323978886008262,0.9131611585617064,0.9131611585617064,0.8965101056348236,0.9131611585617064,XGBoost,81,1565001,4018,0.0549858080505658,0.0295493975281715,0.921532928943634,0.9215329,0.9518121468295736,-0.008371770381927601,0.0
30,sd,31,XGBoost,19321,4018,0.0588663614015132,0.0329999960958957,0.9039567708969116,0.9039567708969116,0.8873373231073638,0.9039567708969116,XGBoost,81,1565001,4018,0.0569438238914932,0.0308595634996891,0.9101277589797974,0.91012776,0.9375567358590564,-0.006170988082885742,0.0
30,sd,32,XGBoost,19321,4018,0.0576406972411073,0.0312686748802661,0.8799349069595337,0.8799349069595337,0.8766329539423134,0.8799349069595337,XGBoost,81,1565001,4018,0.0558076416387515,0.029476935043931,0.8874499797821045,0.88745,0.9179010331712922,-0.007515072822570801,0.0
30,sd,33,XGBoost,19321,4018,0.0559672934590509,0.0305330865085124,0.8826532363891602,0.8826532363891602,0.8638351959790316,0.8826532363891602,XGBoost,81,1565001,4018,0.0555073472848466,0.0292450748383998,0.8845740556716919,0.88457406,0.8993986172949855,-0.0019208192825317383,0.0
30,sd,34,XGBoost,19321,4018,0.0594946329731313,0.0320933870971202,0.8830629587173462,0.8830629587173462,0.8628805739188403,0.8830629587173462,XGBoost,81,1565001,4018,0.0580932079330166,0.0307516176253557,0.888507068157196,0.88850707,0.9010312064847478,-0.0054441094398498535,0.0
30,sd,35,XGBoost,19321,4018,0.0578725357307307,0.0315951220691204,0.879852831363678,0.879852831363678,0.8668651621554264,0.879852831363678,XGBoost,81,1565001,4018,0.0580864302114691,0.0305393449962139,0.878963053226471,0.87896305,0.884481158942028,0.0008897781372070312,0.0
30,sd,36,XGBoost,19321,4018,0.0527201231489062,0.0279465485364198,0.8757911324501038,0.8757911324501038,0.879252369992063,0.8757911324501038,XGBoost,81,1565001,4018,0.0550862615743779,0.0289770290255546,0.8643916845321655,0.8643917,0.8794752267850696,0.011399447917938232,0.0
30,sd,37,XGBoost,19321,4018,0.0482590076529506,0.0249442234635353,0.8700456023216248,0.8700456023216248,0.8787714274770566,0.8700456023216248,XGBoost,81,1565001,4018,0.0518198383897084,0.0273379851132631,0.8501604795455933,0.8501605,0.8571143877796648,0.019885122776031494,0.0
30,sd,38,XGBoost,19321,4018,0.0439910465257476,0.0230596810579299,0.8733256459236145,0.8733256459236145,0.8813165256905849,0.8733256459236145,XGBoost,81,1565001,4018,0.0499963997498375,0.0263355188071727,0.8363795876502991,0.8363796,0.8040034762602986,0.03694605827331543,0.0
30,sd,39,XGBoost,19321,4018,0.0649695514695574,0.0363687500357627,0.9093705415725708,0.9093705415725708,0.8967748818837168,0.9093705415725708,XGBoost,81,1565001,4018,0.0592908675715348,0.0320716500282287,0.9245211482048036,0.92452115,0.9376518536995568,-0.015150606632232777,0.0
30,sd,40,XGBoost,19321,4018,0.0651252410476016,0.0347073338925838,0.8956207633018494,0.8956207633018494,0.894466888912594,0.8956207633018494,XGBoost,81,1565001,4018,0.0615235510325519,0.0325523875653743,0.9068467020988464,0.9068467,0.9100560727213944,-0.01122593879699707,0.0
30,sd,41,XGBoost,19321,4018,0.0612842550209621,0.0330702289938926,0.8941000699996948,0.8941000699996948,0.8829428156264222,0.8941000699996948,XGBoost,81,1565001,4018,0.0609409711839477,0.0319880172610282,0.8952831029891968,0.8952831,0.9268278992854474,-0.0011830329895019531,0.0
30,sd,42,XGBoost,19321,4018,0.062054658650955,0.0336849205195903,0.9008996486663818,0.9008996486663818,0.8921046306635364,0.9008996486663818,XGBoost,81,1565001,4018,0.0581678008088055,0.0311140641570091,0.9129253625869752,0.91292536,0.9390381048889688,-0.012025713920593373,0.0
30,sd,43,XGBoost,19321,4018,0.0627064833092244,0.034617356956005,0.9104851484298706,0.9104851484298706,0.9029257234846793,0.9104851484298706,XGBoost,81,1565001,4018,0.0578569338131841,0.031299527734518,0.9237954616546632,0.92379546,0.9315602465096864,-0.013310313224792591,0.0
30,sd,44,XGBoost,19321,4018,0.0632693613623222,0.0345832742750644,0.9109722375869752,0.9109722375869752,0.903704173998876,0.9109722375869752,XGBoost,81,1565001,4018,0.0583757198443027,0.0314931869506835,0.92421156167984,0.92421156,0.9150372930534052,-0.013239324092864768,0.0
30,sd,45,XGBoost,19321,4018,0.0615897748193955,0.0331651605665683,0.90888911485672,0.90888911485672,0.9071271607804824,0.90888911485672,XGBoost,81,1565001,4018,0.0595398164296465,0.0318448096513748,0.9148532748222352,0.9148533,0.9073844149941506,-0.005964159965515248,0.0
30,sd,46,XGBoost,19321,4018,0.0601743071876065,0.0329534374177455,0.898743748664856,0.898743748664856,0.892116154200041,0.898743748664856,XGBoost,81,1565001,4018,0.0555549250207243,0.0304814483970403,0.9136932492256165,0.91369325,0.937405369975674,-0.014949500560760498,0.0
30,sd,47,XGBoost,19321,4018,0.0567884858309815,0.0303129889070987,0.8870853781700134,0.8870853781700134,0.8824240923974307,0.8870853781700134,XGBoost,81,1565001,4018,0.0541101445438829,0.0291623454540967,0.897485077381134,0.8974851,0.9191188149065408,-0.010399699211120605,0.0
30,sd,48,XGBoost,19321,4018,0.0530528347118496,0.0279756616801023,0.8825715780258179,0.8825715780258179,0.8760161091677704,0.8825715780258179,XGBoost,81,1565001,4018,0.0532848537182838,0.0281709600239992,0.8815422058105469,0.8815422,0.9084110334329776,0.001029372215270996,0.0
30,sd,49,XGBoost,19321,4018,0.0460801459094349,0.0244939159601926,0.8825151920318604,0.8825151920318604,0.8802627361548612,0.8825151920318604,XGBoost,81,1565001,4018,0.0506960837826819,0.0271704662591218,0.8577989339828491,0.85779893,0.8561684662590842,0.02471625804901123,0.0
30,sd,50,XGBoost,19321,4018,0.0420002444433474,0.0219525732100009,0.8693587779998779,0.8693587779998779,0.8758161849759071,0.8693587779998779,XGBoost,81,1565001,4018,0.0467874160745402,0.0251938961446285,0.8378807306289673,0.83788073,0.7865804914132086,0.031478047370910645,0.0
30,sd,51,XGBoost,19321,4018,0.0590423616320671,0.0335504971444606,0.9128991961479188,0.9128991961479188,0.8952358143726388,0.9128991961479188,XGBoost,81,1565001,4018,0.0541673751453839,0.0299992393702268,0.92668879032135,0.9266888,0.9465900944483578,-0.013789594173431174,0.0
30,sd,52,XGBoost,19321,4018,0.0583940261112376,0.0327987112104892,0.907663881778717,0.907663881778717,0.8950859739921699,0.907663881778717,XGBoost,81,1565001,4018,0.0545042898726019,0.0297160390764474,0.9195555448532104,0.91955554,0.9407126864875888,-0.011891663074493408,0.0
30,sd,53,XGBoost,19321,4018,0.0575589940814751,0.0317609757184982,0.9025976657867432,0.9025976657867432,0.8918844708580612,0.9025976657867432,XGBoost,81,1565001,4018,0.0550997112631967,0.0299519225955009,0.9107431173324584,0.9107431,0.9368685951289608,-0.008145451545715221,0.0
30,sd,54,XGBoost,19321,4018,0.0564756086083974,0.0307433493435382,0.8997552990913391,0.8997552990913391,0.8876231713934923,0.8997552990913391,XGBoost,81,1565001,4018,0.054066706525455,0.0294737592339515,0.908124566078186,0.90812457,0.9341940261444036,-0.008369266986846924,0.0
30,sd,55,XGBoost,19321,4018,0.05796916987866,0.0312316454946994,0.8972295522689819,0.8972295522689819,0.887535342124804,0.8972295522689819,XGBoost,81,1565001,4018,0.0548866872166353,0.0294209290295839,0.907868504524231,0.9078685,0.9207887983219504,-0.010638952255249023,0.0
30,sd,56,XGBoost,19321,4018,0.0570327467101458,0.0302854385226964,0.8985983729362488,0.8985983729362488,0.8938436534515668,0.8985983729362488,XGBoost,81,1565001,4018,0.0540667625080919,0.0290840230882167,0.9088709354400636,0.90887094,0.921567655868756,-0.010272562503814808,0.0
30,sd,57,XGBoost,19321,4018,0.0543495768925558,0.0294274073094129,0.8988090753555298,0.8988090753555298,0.8979425741315654,0.8988090753555298,XGBoost,81,1565001,4018,0.051160533026643,0.0281639955937862,0.9103357791900636,0.9103358,0.932521648946728,-0.011526703834533802,0.0
30,sd,58,XGBoost,19321,4018,0.051693712434137,0.0273194406181573,0.8911763429641724,0.8911763429641724,0.8941592984287182,0.8911763429641724,XGBoost,81,1565001,4018,0.0506686052493127,0.0273599568754434,0.8954495787620544,0.8954496,0.9243031476257536,-0.00427323579788208,0.0
30,sd,59,XGBoost,19321,4018,0.0486173802521697,0.025498442351818,0.8760673403739929,0.8760673403739929,0.8751306907722313,0.8760673403739929,XGBoost,81,1565001,4018,0.0490766732053678,0.0261674784123897,0.8737146854400635,0.8737147,0.8935679646144626,0.0023526549339294434,0.0
30,sd,60,XGBoost,19321,4018,0.0440274794973041,0.0228047594428062,0.8745338320732117,0.8745338320732117,0.8778893495430259,0.8745338320732117,XGBoost,81,1565001,4018,0.0472870611613048,0.0254351552575826,0.8552682995796204,0.8552683,0.8512423943982496,0.01926553249359131,0.0
30,sd,61,XGBoost,19321,4018,0.039624031546375,0.0206432733684778,0.8639824390411377,0.8639824390411377,0.870560857394963,0.8639824390411377,XGBoost,81,1565001,4018,0.0447568115451049,0.0240079648792743,0.8264614343643188,0.82646143,0.7701081230480038,0.03752100467681885,0.0
30,sd,62,XGBoost,19321,4018,0.0373522954629314,0.0192414429038763,0.8504671454429626,0.8504671454429626,0.8687165413118865,0.8504671454429626,XGBoost,81,1565001,4018,0.0411079919248744,0.022754143923521,0.8188849091529846,0.8188849,0.7111621467463518,0.03158223628997803,0.0
30,sd,63,XGBoost,19321,4018,0.0534902569064607,0.0302645023912191,0.9208499789237976,0.9208499789237976,0.9157044492208528,0.9208499789237976,XGBoost,81,1565001,4018,0.0509925124913585,0.0288082938641309,0.928069233894348,0.92806923,0.9324066492072594,-0.007219254970550426,0.0
30,sd,64,XGBoost,19321,4018,0.0522557053682228,0.0293778218328952,0.92299222946167,0.92299222946167,0.9146565404509676,0.92299222946167,XGBoost,81,1565001,4018,0.0509533396254005,0.0287508815526962,0.9267829060554504,0.9267829,0.9220037226591508,-0.0037906765937804066,0.0
30,sd,65,XGBoost,19321,4018,0.0514719984340096,0.0291487853974103,0.92277193069458,0.92277193069458,0.91692492262972,0.92277193069458,XGBoost,81,1565001,4018,0.0502057291050637,0.0285093989223241,0.9265249967575072,0.926525,0.914808394124526,-0.003753066062927246,0.0
30,sd,66,XGBoost,19321,4018,0.049848801112519,0.0279200784862041,0.9206825494766236,0.9206825494766236,0.9139262633697958,0.9206825494766236,XGBoost,81,1565001,4018,0.0497894520924659,0.0279223006218671,0.9208713173866272,0.9208713,0.9116654728705194,-0.0001887679100035511,0.0
30,sd,67,XGBoost,19321,4018,0.0496890183432731,0.0265426579862833,0.9017541408538818,0.9017541408538818,0.8950659252445562,0.9017541408538818,XGBoost,81,1565001,4018,0.0480327411929233,0.0261149201542139,0.908194661140442,0.90819466,0.926791659506072,-0.00644052028656017,0.0
30,sd,68,XGBoost,19321,4018,0.0457649496462682,0.0245113261044025,0.8916251063346863,0.8916251063346863,0.891411365367221,0.8916251063346863,XGBoost,81,1565001,4018,0.0471833142893584,0.0257332976907491,0.8848034143447876,0.8848034,0.9097100635833704,0.006821691989898682,0.0
30,sd,69,XGBoost,19321,4018,0.0425191215623315,0.0229124538600444,0.8865005373954773,0.8865005373954773,0.8884323641578559,0.8865005373954773,XGBoost,81,1565001,4018,0.0451043610278633,0.0246983859688043,0.8722790479660034,0.87227905,0.8866445118476646,0.014221489429473877,0.0
30,sd,70,XGBoost,19321,4018,0.0396970601680642,0.0209864899516105,0.8796906471252441,0.8796906471252441,0.8844012995763502,0.8796906471252441,XGBoost,81,1565001,4018,0.0439719437331946,0.023812148720026,0.8523837924003601,0.8523838,0.8455268606194233,0.027306854724884033,0.0
30,sd,71,XGBoost,19321,4018,0.0374163242934099,0.0195619668811559,0.8744057416915894,0.8744057416915894,0.8806876908018921,0.8744057416915894,XGBoost,81,1565001,4018,0.0429485853520587,0.0230822581797838,0.8345201015472412,0.8345201,0.7962864930266911,0.039885640144348145,0.0
30,sd,72,XGBoost,19321,4018,0.0372346392027661,0.0190965235233306,0.8736294507980347,0.8736294507980347,0.8814956842581497,0.8736294507980347,XGBoost,81,1565001,4018,0.0412243629119629,0.0221334584057331,0.8450971245765686,0.8450971,0.8027334883016105,0.028532326221466064,0.0
30,sd,73,XGBoost,19321,4018,0.0356588155395393,0.0181334260851144,0.8579235672950745,0.8579235672950745,0.8744183102136204,0.8579235672950745,XGBoost,81,1565001,4018,0.0378235372974199,0.0210386309772729,0.8401500582695007,0.84015006,0.7628395992238097,0.01777350902557373,0.0
30,sd,74,XGBoost,19321,4018,0.027587578358191,0.0146482726559042,0.8537049293518066,0.8537049293518066,0.8657375797902005,0.8537049293518066,XGBoost,81,1565001,4018,0.0364396543776855,0.0209627617150545,0.744758665561676,0.74475867,0.5587353682682459,0.10894626379013062,0.0
30,sd,75,XGBoost,19321,4018,0.032901059571619,0.0174068640917539,0.8795318603515625,0.8795318603515625,0.8863420091717086,0.8795318603515625,XGBoost,81,1565001,4018,0.0401122845459862,0.0220182500779628,0.8209364414215088,0.82093644,0.793345505328866,0.05859541893005371,0.0
30,sd,76,XGBoost,19321,4018,0.0311105211982972,0.0161206070333719,0.8602783679962158,0.8602783679962158,0.8783199405815927,0.8602783679962158,XGBoost,81,1565001,4018,0.0389688262720745,0.0215072035789489,0.7807782292366028,0.7807782,0.7100590724502378,0.07950013875961304,0.0
30,sd,77,XGBoost,19321,4018,0.0326188836541848,0.0162197835743427,0.8523116707801819,0.8523116707801819,0.8801100272101959,0.8523116707801819,XGBoost,81,1565001,4018,0.0374913446550646,0.0208759829401969,0.8048942685127258,0.80489427,0.7569534775781019,0.047417402267456055,0.0
30,sd,78,XGBoost,19321,4018,0.0314299313322181,0.015626797452569,0.8580964803695679,0.8580964803695679,0.8727611916537554,0.8580964803695679,XGBoost,81,1565001,4018,0.0364184031416106,0.0204220172017812,0.8094766736030579,0.8094767,0.7710803633233531,0.04861980676651001,0.0
30,sd,79,XGBoost,19321,4018,0.0259953904755384,0.013283341191709,0.8615174889564514,0.8615174889564514,0.8677468300601181,0.8615174889564514,XGBoost,81,1565001,4018,0.0342279468168049,0.0196997039020061,0.7599155902862549,0.7599156,0.643913840465248,0.10160189867019653,0.0
30,sd,80,XGBoost,19321,4018,0.0277419137111335,0.0135493660345673,0.8497963547706604,0.8497963547706604,0.879809215975348,0.8497963547706604,XGBoost,81,1565001,4018,0.038533667786027,0.0214967522770166,0.7102066874504089,0.7102067,0.6696796284881581,0.13958966732025146,0.0
30,sd,81,XGBoost,19321,4018,0.0245422277424457,0.0124198114499449,0.8576284646987915,0.8576284646987915,0.8723832152279284,0.8576284646987915,XGBoost,81,1565001,4018,0.0357273231146348,0.0201465301215648,0.6982854604721069,0.69828546,0.5953413525584341,0.15934300422668457,0.0
30,smlt_mm,0,XGBoost,19321,4018,1.2529938607792346,0.5290335416793823,0.193646490573883,0.193646490573883,0.3752100988447698,0.193646490573883,XGBoost,81,1565001,4018,1.507449645028567,0.6823941469192505,-0.1671139001846313,-0.1671139,-0.0827696944470097,0.3607603907585143,0.0
30,smlt_mm,1,XGBoost,19321,4018,1.761411382078384,0.7243526577949524,0.4449720382690429,0.4449720382690429,0.5379285950541866,0.4449720382690429,XGBoost,81,1565001,4018,2.2385163241999635,0.9146659970283508,0.1035754680633544,0.10357547,0.0343724532919117,0.34139657020568853,0.0
30,smlt_mm,2,XGBoost,19321,4018,1.5545673419774384,0.6650831699371338,0.4915215969085693,0.4915215969085693,0.549070812006327,0.4915215969085693,XGBoost,81,1565001,4018,2.061809192912801,0.8983849883079529,0.1055616736412048,0.10556167,0.020849389282083,0.3859599232673645,0.0
30,smlt_mm,3,XGBoost,19321,4018,1.53655049537933,0.6813158988952637,0.5239909887313843,0.5239909887313843,0.5776719689929104,0.5239909887313843,XGBoost,81,1565001,4018,2.021113412331577,0.8992560505867004,0.1764255166053772,0.17642552,0.1039162628830834,0.3475654721260071,0.0
30,smlt_mm,4,XGBoost,19321,4018,1.6918694476405374,0.743036687374115,0.5496572852134705,0.5496572852134705,0.6264303304864023,0.5496572852134705,XGBoost,81,1565001,4018,2.0225755188450076,0.8750525712966919,0.3563957214355469,0.35639572,0.3126420304219706,0.19326156377792358,0.0
30,smlt_mm,5,XGBoost,19321,4018,1.9939224766475376,0.8345855474472046,0.5650327801704407,0.5650327801704407,0.6391787254635346,0.5650327801704407,XGBoost,81,1565001,4018,2.4795407459121193,1.0576380491256714,0.3273602724075317,0.32736027,0.310640189371977,0.237672507762909,0.0
30,smlt_mm,6,XGBoost,19321,4018,2.29260053391326,0.9738354086875916,0.6249023675918579,0.6249023675918579,0.6978345403214192,0.6249023675918579,XGBoost,81,1565001,4018,2.795885134660983,1.1787482500076294,0.4421388506889343,0.44213885,0.4012098317142372,0.18276351690292358,0.0
30,smlt_mm,7,XGBoost,19321,4018,2.232859704577775,0.9553124904632568,0.6531574130058289,0.6531574130058289,0.7028699107656652,0.6531574130058289,XGBoost,81,1565001,4018,2.7750804923815773,1.18134605884552,0.4642518162727356,0.46425182,0.4120733940024297,0.18890559673309326,0.0
30,smlt_mm,8,XGBoost,19321,4018,2.257380566315569,0.9573174118995668,0.6684340238571167,0.6684340238571167,0.704304046666167,0.6684340238571167,XGBoost,81,1565001,4018,2.761667901289976,1.1746586561203003,0.503746747970581,0.50374675,0.4587825915101666,0.16468727588653564,0.0
30,smlt_mm,9,XGBoost,19321,4018,2.2278762956791107,0.9485088586807252,0.6858518123626709,0.6858518123626709,0.7274264950655522,0.6858518123626709,XGBoost,81,1565001,4018,2.42423679493843,1.041699767112732,0.6280345916748047,0.6280346,0.6194311876657508,0.05781722068786621,0.0
30,smlt_mm,10,XGBoost,19321,4018,2.412720736352124,0.979361653327942,0.6476393938064575,0.6476393938064575,0.7254235839294746,0.6476393938064575,XGBoost,81,1565001,4018,2.350574374517156,1.0059245824813845,0.6655576229095459,0.6655576,0.7080216880092685,-0.01791822910308838,0.0
30,smlt_mm,11,XGBoost,19321,4018,2.2996428544108793,0.9685666561126708,0.6238659620285034,0.6238659620285034,0.6664002433880387,0.6238659620285034,XGBoost,81,1565001,4018,2.630873784151103,1.0988746881484983,0.5077089667320251,0.50770897,0.4771775463861355,0.11615699529647827,0.0
30,smlt_mm,12,XGBoost,19321,4018,2.4372203373032764,0.9956586360931396,0.587034285068512,0.587034285068512,0.6380860096575631,0.587034285068512,XGBoost,81,1565001,4018,2.7581558662172507,1.1456156969070437,0.4711140394210815,0.47111404,0.4405176425777962,0.11592024564743048,0.0
30,smlt_mm,13,XGBoost,19321,4018,2.459043227893558,1.0046565532684326,0.5901907682418823,0.5901907682418823,0.6397424528852391,0.5901907682418823,XGBoost,81,1565001,4018,2.766691444086862,1.142420530319214,0.4812347292900085,0.48123473,0.4521259867212155,0.10895603895187383,0.0
30,smlt_mm,14,XGBoost,19321,4018,2.3714179079797617,0.9504842758178712,0.630150556564331,0.630150556564331,0.6713835968598931,0.630150556564331,XGBoost,81,1565001,4018,2.660535340038403,1.0951502323150637,0.5344708561897278,0.53447086,0.5357359375068798,0.09567970037460327,0.0
30,smlt_mm,15,XGBoost,19321,4018,2.447771487428757,0.976634919643402,0.6507145762443542,0.6507145762443542,0.710704321497077,0.6507145762443542,XGBoost,81,1565001,4018,2.688517799158187,1.1077545881271362,0.5786291360855103,0.57862914,0.5884056411039909,0.072085440158844,0.0
30,smlt_mm,16,XGBoost,19321,4018,2.214279075911455,0.9444984793663024,0.6491571664810181,0.6491571664810181,0.6800389019385578,0.6491571664810181,XGBoost,81,1565001,4018,2.543815319525436,1.0626643896102903,0.5369595289230347,0.5369595,0.5128311161158183,0.1121976375579834,0.0
30,smlt_mm,17,XGBoost,19321,4018,2.396619076351381,1.006207823753357,0.6338052749633789,0.6338052749633789,0.6733041814493762,0.6338052749633789,XGBoost,81,1565001,4018,2.8845237883672823,1.2000216245651243,0.4695281386375427,0.46952814,0.421370992542595,0.16427713632583618,0.0
30,smlt_mm,18,XGBoost,19321,4018,2.278773178175222,0.9652727842330932,0.6639267802238464,0.6639267802238464,0.7102969290314982,0.6639267802238464,XGBoost,81,1565001,4018,2.699122911620534,1.130620002746582,0.5285050868988037,0.5285051,0.4876728495671754,0.13542169332504272,0.0
30,smlt_mm,19,XGBoost,19321,4018,2.2688525132067467,0.9587625861167908,0.6939967274665833,0.6939967274665833,0.7410961506374075,0.6939967274665833,XGBoost,81,1565001,4018,2.5959304468920807,1.097347378730774,0.5994104146957397,0.5994104,0.5781007174368002,0.0945863127708435,0.0
30,smlt_mm,20,XGBoost,19321,4018,2.55180424831577,1.0504738092422483,0.6696762442588806,0.6696762442588806,0.7426622815795654,0.6696762442588806,XGBoost,81,1565001,4018,2.85451924914473,1.194007396697998,0.5866565704345703,0.5866566,0.5922369315660903,0.0830196738243103,0.0
30,smlt_mm,21,XGBoost,19321,4018,2.615072916301659,1.0678365230560305,0.6464226245880127,0.6464226245880127,0.6926641573773837,0.6464226245880127,XGBoost,81,1565001,4018,3.028256540817167,1.264882206916809,0.5258647203445435,0.5258647,0.5046950028744368,0.12055790424346924,0.0
30,smlt_mm,22,XGBoost,19321,4018,2.762494141585408,1.1050602197647097,0.6155164241790771,0.6155164241790771,0.6892504476724048,0.6155164241790771,XGBoost,81,1565001,4018,3.112771943862819,1.2865815162658691,0.5118316411972046,0.51183164,0.5040921052823002,0.10368478298187256,0.0
30,smlt_mm,23,XGBoost,19321,4018,2.739296369910231,1.0850800275802612,0.6041354537010193,0.6041354537010193,0.6712785139615123,0.6041354537010193,XGBoost,81,1565001,4018,3.013350820096795,1.2329578399658203,0.5209642052650452,0.5209642,0.5304180153917042,0.08317124843597412,0.0
30,smlt_mm,24,XGBoost,19321,4018,2.3205720390278497,0.945807933807373,0.6186493635177612,0.6186493635177612,0.6696948500800393,0.6186493635177612,XGBoost,81,1565001,4018,2.4953851067018715,1.041518211364746,0.5590294599533081,0.55902946,0.5744477801881287,0.059619903564453125,0.0
30,smlt_mm,25,XGBoost,19321,4018,1.9744552416313328,0.8008939027786255,0.5675326585769653,0.5675326585769653,0.6043238689449493,0.5675326585769653,XGBoost,81,1565001,4018,2.0592035479801796,0.8576340675354004,0.5296108722686768,0.5296109,0.5332113517440631,0.037921786308288574,0.0
30,smlt_mm,26,XGBoost,19321,4018,2.372885415192658,0.9975739121437072,0.7220423221588135,0.7220423221588135,0.7787249309364203,0.7220423221588135,XGBoost,81,1565001,4018,2.4829141412363547,1.0524412393569946,0.6956673860549927,0.6956674,0.7019967794200295,0.0263749361038208,0.0
30,smlt_mm,27,XGBoost,19321,4018,2.2410765763442395,0.9723967909812928,0.7323639392852783,0.7323639392852783,0.7826424681030103,0.7323639392852783,XGBoost,81,1565001,4018,2.480825035159074,1.0570937395095823,0.6720380783081055,0.6720381,0.6438800868503951,0.06032586097717285,0.0
30,smlt_mm,28,XGBoost,19321,4018,2.4571137285565428,1.0310691595077517,0.6911747455596924,0.6911747455596924,0.7633813582796223,0.6911747455596924,XGBoost,81,1565001,4018,2.702818924879363,1.1399717330932615,0.6263231635093689,0.62632316,0.6027398072566164,0.06485158205032349,0.0
30,smlt_mm,29,XGBoost,19321,4018,2.5281690520608664,1.0433039665222168,0.6897557973861694,0.6897557973861694,0.7619196436139027,0.6897557973861694,XGBoost,81,1565001,4018,2.5389369522746588,1.0777372121810913,0.6871074438095093,0.68710744,0.6948915701958214,0.0026483535766601562,0.0
30,smlt_mm,30,XGBoost,19321,4018,2.063238185215038,0.8502806425094604,0.7573459148406982,0.7573459148406982,0.7949548385059751,0.7573459148406982,XGBoost,81,1565001,4018,1.955792002339409,0.850287675857544,0.7819609642028809,0.78196096,0.8605159628103216,-0.024615049362182617,0.0
30,smlt_mm,31,XGBoost,19321,4018,2.2742904688469836,0.9380856156349182,0.7308846712112427,0.7308846712112427,0.7875245249794129,0.7308846712112427,XGBoost,81,1565001,4018,1.9743113005078168,0.8608883023262024,0.7971953749656677,0.7971954,0.8358925102361987,-0.06631070375442505,0.0
30,smlt_mm,32,XGBoost,19321,4018,1.9961046789657697,0.8850665092468262,0.7554726600646973,0.7554726600646973,0.8199897041182829,0.7554726600646973,XGBoost,81,1565001,4018,2.1053965030653083,0.905161678791046,0.7279626131057739,0.7279626,0.7204781027856361,0.02751004695892334,0.0
30,smlt_mm,33,XGBoost,19321,4018,2.046334231628993,0.8896773457527161,0.7422344088554382,0.7422344088554382,0.8087840857221886,0.7422344088554382,XGBoost,81,1565001,4018,2.0947055059766275,0.9143034815788268,0.729904294013977,0.7299043,0.7244939982048078,0.012330114841461182,0.0
30,smlt_mm,34,XGBoost,19321,4018,2.5578248710542884,1.0374107360839844,0.6608805060386658,0.6608805060386658,0.7531566889537934,0.6608805060386658,XGBoost,81,1565001,4018,2.3910013538390267,1.0179134607315063,0.7036733031272888,0.7036733,0.7400173984043215,-0.04279279708862305,0.0
30,smlt_mm,35,XGBoost,19321,4018,2.5155894590911836,1.0343785285949707,0.6541125774383545,0.6541125774383545,0.7490955977042055,0.6541125774383545,XGBoost,81,1565001,4018,2.3748038361500243,1.0200073719024658,0.6917445659637451,0.69174457,0.7351277580551344,-0.037631988525390625,0.0
30,smlt_mm,36,XGBoost,19321,4018,2.2869601962516755,0.9878110885620116,0.6795963048934937,0.6795963048934937,0.7623270000121066,0.6795963048934937,XGBoost,81,1565001,4018,2.4132114132315827,1.035969614982605,0.6432441473007202,0.64324415,0.6573733114216592,0.03635215759277344,0.0
30,smlt_mm,37,XGBoost,19321,4018,2.538268637163521,1.0359067916870115,0.6028897166252136,0.6028897166252136,0.7137714047438739,0.6028897166252136,XGBoost,81,1565001,4018,2.7055979976245097,1.1258747577667236,0.5488068461418152,0.54880685,0.5564089516383326,0.05408287048339844,0.0
30,smlt_mm,38,XGBoost,19321,4018,2.3062871004754233,0.921747863292694,0.6125000715255737,0.6125000715255737,0.6895118652084836,0.6125000715255737,XGBoost,81,1565001,4018,2.444309211612282,1.0155580043792725,0.5647315382957458,0.56473154,0.6034119571180572,0.04776853322982788,0.0
30,smlt_mm,39,XGBoost,19321,4018,2.264370380157888,0.9527981281280518,0.7707819938659668,0.7707819938659668,0.7881289131547218,0.7707819938659668,XGBoost,81,1565001,4018,2.0271095919762403,0.913560390472412,0.8163003921508789,0.8163004,0.8647589518296251,-0.04551839828491211,0.0
30,smlt_mm,40,XGBoost,19321,4018,2.6700088497972447,1.1087322235107422,0.7099183201789856,0.7099183201789856,0.7766404001053427,0.7099183201789856,XGBoost,81,1565001,4018,2.6602217656384792,1.1372801065444946,0.7120410203933716,0.712041,0.718424468651331,-0.0021227002143859863,0.0
30,smlt_mm,41,XGBoost,19321,4018,2.603429450907643,1.1331804990768433,0.6949624419212341,0.6949624419212341,0.7556018718093905,0.6949624419212341,XGBoost,81,1565001,4018,2.569797731002458,1.121013045310974,0.7027926445007324,0.70279264,0.6857715877890971,-0.007830202579498291,0.0
30,smlt_mm,42,XGBoost,19321,4018,2.2937774531828987,0.9696582555770874,0.7545230984687805,0.7545230984687805,0.7822169122056328,0.7545230984687805,XGBoost,81,1565001,4018,2.1615505581832397,0.9478948712348938,0.7820088267326355,0.7820088,0.7954498030510739,-0.02748572826385498,0.0
30,smlt_mm,43,XGBoost,19321,4018,2.3674755361837874,0.9441123008728028,0.7584799528121948,0.7584799528121948,0.7933093646932635,0.7584799528121948,XGBoost,81,1565001,4018,2.1192584167651733,0.928777277469635,0.806469202041626,0.8064692,0.8302199846985548,-0.04798924922943115,0.0
30,smlt_mm,44,XGBoost,19321,4018,2.577832292066202,0.9726498126983644,0.737913966178894,0.737913966178894,0.7851689989287859,0.737913966178894,XGBoost,81,1565001,4018,2.4007712078784444,1.025890588760376,0.7726808190345764,0.7726808,0.7887808990352285,-0.03476685285568237,0.0
30,smlt_mm,45,XGBoost,19321,4018,2.629977547872459,0.9772496223449708,0.7301877737045288,0.7301877737045288,0.7796427308627847,0.7301877737045288,XGBoost,81,1565001,4018,2.5789056694171095,1.07924222946167,0.7405650615692139,0.74056506,0.7683960741190815,-0.010377287864685059,0.0
30,smlt_mm,46,XGBoost,19321,4018,2.586098104139872,0.9922976493835448,0.6943173408508301,0.6943173408508301,0.7516036133755224,0.6943173408508301,XGBoost,81,1565001,4018,2.302790284388066,0.998037815093994,0.7576239705085754,0.757624,0.78904502145803,-0.06330662965774536,0.0
30,smlt_mm,47,XGBoost,19321,4018,2.5737965632668938,1.0565192699432373,0.6548798084259033,0.6548798084259033,0.7610070251933198,0.6548798084259033,XGBoost,81,1565001,4018,2.3745607672647298,1.020585536956787,0.7062428593635559,0.70624286,0.7362326871050888,-0.05136305093765259,0.0
30,smlt_mm,48,XGBoost,19321,4018,2.507478115332385,1.0258769989013672,0.65050208568573,0.65050208568573,0.738661825137054,0.65050208568573,XGBoost,81,1565001,4018,2.4974496230351453,1.052832841873169,0.6532920598983765,0.65329206,0.683105038448901,-0.0027899742126464844,0.0
30,smlt_mm,49,XGBoost,19321,4018,2.3976775217215818,0.9916465878486632,0.6214490532875061,0.6214490532875061,0.7227662602775056,0.6214490532875061,XGBoost,81,1565001,4018,2.4265083537843233,1.020233988761902,0.6122905611991882,0.61229056,0.6424346706346706,0.009158492088317871,0.0
30,smlt_mm,50,XGBoost,19321,4018,2.1139986579768055,0.8767334222793579,0.6133595108985901,0.6133595108985901,0.7235127394188636,0.6133595108985901,XGBoost,81,1565001,4018,2.0960392749033248,0.8985020518302917,0.6199009418487549,0.61990094,0.680524982228928,-0.006541430950164795,0.0
30,smlt_mm,51,XGBoost,19321,4018,2.288718865025003,0.9815745949745178,0.7492222785949707,0.7492222785949707,0.7735335788773084,0.7492222785949707,XGBoost,81,1565001,4018,2.0316667569384452,0.9088504910469056,0.8023899793624878,0.80239,0.8547874021467583,-0.05316770076751709,0.0
30,smlt_mm,52,XGBoost,19321,4018,2.1535813776693327,0.9350526332855223,0.7626773118972778,0.7626773118972778,0.8066198273957595,0.7626773118972778,XGBoost,81,1565001,4018,1.8765526382987583,0.8485764265060425,0.8198068141937256,0.8198068,0.8644138214099726,-0.057129502296447754,0.0
30,smlt_mm,53,XGBoost,19321,4018,2.1486989365080853,0.9595258235931396,0.7578350305557251,0.7578350305557251,0.8013238964735602,0.7578350305557251,XGBoost,81,1565001,4018,1.9373180550084173,0.8698696494102478,0.8031379580497742,0.80313796,0.8281001137901742,-0.04530292749404907,0.0
30,smlt_mm,54,XGBoost,19321,4018,2.313246529166251,0.9952619075775146,0.7229719758033752,0.7229719758033752,0.7854395727595567,0.7229719758033752,XGBoost,81,1565001,4018,2.0594772382952313,0.9142714142799376,0.7804194688796997,0.78041947,0.7953813820134137,-0.05744749307632446,0.0
30,smlt_mm,55,XGBoost,19321,4018,2.4562202898320455,0.9985828995704652,0.7077697515487671,0.7077697515487671,0.775778028171266,0.7077697515487671,XGBoost,81,1565001,4018,2.2043331431910773,0.969467282295227,0.764633297920227,0.7646333,0.7911310491395845,-0.05686354637145996,0.0
30,smlt_mm,56,XGBoost,19321,4018,2.463688067117939,0.9611786007881165,0.7046928405761719,0.7046928405761719,0.7656174298293307,0.7046928405761719,XGBoost,81,1565001,4018,2.2093120301592633,0.956241488456726,0.7625256776809692,0.7625257,0.7866921616426914,-0.05783283710479736,0.0
30,smlt_mm,57,XGBoost,19321,4018,2.2786855000267647,0.9041165113449096,0.7155268788337708,0.7155268788337708,0.7678169021563067,0.7155268788337708,XGBoost,81,1565001,4018,2.0502907011887617,0.8964633345603943,0.7696950435638428,0.76969504,0.7980831908654293,-0.05416816473007202,0.0
30,smlt_mm,58,XGBoost,19321,4018,2.2182401689225366,0.9169999361038208,0.6965124607086182,0.6965124607086182,0.7831218416505034,0.6965124607086182,XGBoost,81,1565001,4018,2.0124343340094235,0.875264048576355,0.7502145171165466,0.7502145,0.7939592741905838,-0.05370205640792847,0.0
30,smlt_mm,59,XGBoost,19321,4018,2.233172860239923,0.9144663214683532,0.6655834913253784,0.6655834913253784,0.7626220636574025,0.6655834913253784,XGBoost,81,1565001,4018,2.170431412033852,0.9193525910377502,0.6841105222702026,0.6841105,0.7113253766938685,-0.01852703094482422,0.0
30,smlt_mm,60,XGBoost,19321,4018,2.328976878541573,0.956222414970398,0.6096078157424927,0.6096078157424927,0.7299873232504458,0.6096078157424927,XGBoost,81,1565001,4018,2.329026425347257,0.9731749296188354,0.6095912456512451,0.60959125,0.6393614911194658,1.6570091247558594e-05,0.0
30,smlt_mm,61,XGBoost,19321,4018,2.073578069272748,0.8687647581100464,0.5964359641075134,0.5964359641075134,0.731102334805519,0.5964359641075134,XGBoost,81,1565001,4018,2.054909117607983,0.8762713670730591,0.6036700010299683,0.60367,0.6519042069652237,-0.007234036922454834,0.0
30,smlt_mm,62,XGBoost,19321,4018,1.998279845078926,0.8063876032829285,0.5418118238449097,0.5418118238449097,0.680936798182801,0.5418118238449097,XGBoost,81,1565001,4018,1.872256178725616,0.8035244345664978,0.597781777381897,0.5977818,0.6689942144816529,-0.055969953536987305,0.0
30,smlt_mm,63,XGBoost,19321,4018,2.223716871627027,0.9237930178642272,0.7435017824172974,0.7435017824172974,0.7760563465092013,0.7435017824172974,XGBoost,81,1565001,4018,2.3562819056285953,1.0283446311950684,0.7120083570480347,0.71200836,0.7803310465432947,0.031493425369262695,0.0
30,smlt_mm,64,XGBoost,19321,4018,2.05971466180819,0.8618677258491516,0.7615343928337097,0.7615343928337097,0.7875371743827999,0.7615343928337097,XGBoost,81,1565001,4018,2.3399777382011777,1.047831416130066,0.6922237873077393,0.6922238,0.7593054357102145,0.06931060552597046,0.0
30,smlt_mm,65,XGBoost,19321,4018,2.0088804499599884,0.8371819257736206,0.7638887763023376,0.7638887763023376,0.7838188255401979,0.7638887763023376,XGBoost,81,1565001,4018,2.4286130633111154,1.0814603567123413,0.6549158096313477,0.6549158,0.7317517122847982,0.10897296667098999,0.0
30,smlt_mm,66,XGBoost,19321,4018,1.9233902950986477,0.7929953932762146,0.7666534781455994,0.7666534781455994,0.8014928802627044,0.7666534781455994,XGBoost,81,1565001,4018,2.272930704895733,1.0088075399398804,0.6741341352462769,0.67413414,0.7533286996586082,0.09251934289932251,0.0
30,smlt_mm,67,XGBoost,19321,4018,2.183372308902498,0.9005846977233887,0.6987066268920898,0.6987066268920898,0.7596571620807433,0.6987066268920898,XGBoost,81,1565001,4018,2.011221637229487,0.875108540058136,0.7443453073501587,0.7443453,0.799123609726387,-0.04563868045806885,0.0
30,smlt_mm,68,XGBoost,19321,4018,2.1827485934646087,0.9220736026763916,0.6653827428817749,0.6653827428817749,0.7592484520053234,0.6653827428817749,XGBoost,81,1565001,4018,1.956310512593998,0.8480214476585388,0.7312079071998596,0.7312079,0.7678588561482059,-0.06582516431808472,0.0
30,smlt_mm,69,XGBoost,19321,4018,2.0444827478156236,0.8744709491729736,0.6610520482063293,0.6610520482063293,0.7531192338049161,0.6610520482063293,XGBoost,81,1565001,4018,1.8554546154889264,0.8127747774124146,0.7208312749862671,0.7208313,0.7493705802930211,-0.059779226779937744,0.0
30,smlt_mm,70,XGBoost,19321,4018,2.0565519395275107,0.8688976764678955,0.6257690787315369,0.6257690787315369,0.7591630401856112,0.6257690787315369,XGBoost,81,1565001,4018,1.8979713275741497,0.8256497979164124,0.6812577247619629,0.6812577,0.715994278211175,-0.055488646030426025,0.0
30,smlt_mm,71,XGBoost,19321,4018,2.1356505351204818,0.8850270509719849,0.575736403465271,0.575736403465271,0.7270472132973338,0.575736403465271,XGBoost,81,1565001,4018,2.021119782376377,0.8528894186019897,0.6200211048126221,0.6200211,0.6627429571090389,-0.044284701347351074,0.0
30,smlt_mm,72,XGBoost,19321,4018,2.2055689465649806,0.8615478277206421,0.5456564426422119,0.5456564426422119,0.69117539690342,0.5456564426422119,XGBoost,81,1565001,4018,2.0895527004178396,0.8677727580070496,0.5921976566314697,0.59219766,0.6537887274055177,-0.04654121398925781,0.0
30,smlt_mm,73,XGBoost,19321,4018,1.9032470313224052,0.7444887757301331,0.5454088449478149,0.5454088449478149,0.7016242904493879,0.5454088449478149,XGBoost,81,1565001,4018,1.7841004435997383,0.763904333114624,0.600543737411499,0.60054374,0.6716730749614803,-0.05513489246368408,0.0
30,smlt_mm,74,XGBoost,19321,4018,1.5698270284529676,0.6557826399803162,0.5397287607192993,0.5397287607192993,0.6636919570195899,0.5397287607192993,XGBoost,81,1565001,4018,1.503404647604592,0.6522718071937561,0.5778546333312988,0.57785463,0.6378342666942654,-0.03812587261199951,0.0
30,smlt_mm,75,XGBoost,19321,4018,1.7844134565441592,0.773616373538971,0.6265690326690674,0.6265690326690674,0.7250257875621441,0.6265690326690674,XGBoost,81,1565001,4018,1.6950223472269847,0.7330060601234436,0.6630463600158691,0.66304636,0.6946297960086963,-0.03647732734680176,0.0
30,smlt_mm,76,XGBoost,19321,4018,1.971741477447776,0.812820315361023,0.537530779838562,0.537530779838562,0.6683527348484984,0.537530779838562,XGBoost,81,1565001,4018,1.9282888679795935,0.8002696633338928,0.5576896667480469,0.55768967,0.5729809928879916,-0.020158886909484863,0.0
30,smlt_mm,77,XGBoost,19321,4018,2.1847870488568306,0.8296326994895935,0.4547327756881714,0.4547327756881714,0.6314815338313953,0.4547327756881714,XGBoost,81,1565001,4018,2.013542341326584,0.8196931481361389,0.5368596315383911,0.53685963,0.5818961273955439,-0.08212685585021973,0.0
30,smlt_mm,78,XGBoost,19321,4018,1.888462122065905,0.7151618003845215,0.5093264579772949,0.5093264579772949,0.6663674120545886,0.5093264579772949,XGBoost,81,1565001,4018,1.8643544942845196,0.7685734629631042,0.521774172782898,0.5217742,0.5889040201967722,-0.012447714805603027,0.0
30,smlt_mm,79,XGBoost,19321,4018,1.5010015005349442,0.593122124671936,0.5380864143371582,0.5380864143371582,0.6971365742965597,0.5380864143371582,XGBoost,81,1565001,4018,1.5254450164358415,0.6320730447769165,0.5229196548461914,0.52291965,0.6071276519180817,0.015166759490966797,0.0
30,smlt_mm,80,XGBoost,19321,4018,1.9779201865568383,0.7524856925010681,0.4821159243583679,0.4821159243583679,0.6009698248444751,0.4821159243583679,XGBoost,81,1565001,4018,1.921615148825889,0.7700077891349792,0.5111812353134155,0.51118124,0.528564640996653,-0.029065310955047607,0.0
30,smlt_mm,81,XGBoost,19321,4018,1.792499755157071,0.7016072273254395,0.4876726865768432,0.4876726865768432,0.5872080262008161,0.4876726865768432,XGBoost,81,1565001,4018,1.7570649994848089,0.7134318947792053,0.5077282190322876,0.5077282,0.5284661872578589,-0.02005553245544439,0.0
