indicator,spearman_rho,p_value
cryosense_snowmelt_forecast_mm,0.39999999999999997,0.05277988140256792
cpdd_C_days,-0.42869565217391303,0.036600023060006086
mean_snow_depth_m,0.508695652173913,0.011135557260269265
