horizon_days,target,cell,algorithm,n_train_cells,n_train,n_test,RMSE,MAE,R2,NSE,KGE
1,snowc,0,XGBoost,81,1567350,4018,4.892859000483091,1.6774543523788452,0.9676666259765625,0.9676666,0.9565839456947426
1,snowc,1,XGBoost,81,1567350,4018,5.380265251909817,1.4387879371643066,0.9803369641304016,0.98033696,0.9892236038440164
1,snowc,2,XGBoost,81,1567350,4018,5.5116600936482865,1.6323450803756714,0.9781884551048279,0.97818846,0.9867209058371098
1,snowc,3,XGBoost,81,1567350,4018,5.567153869750023,1.7303484678268433,0.9784904718399048,0.9784905,0.985846528336797
1,snowc,4,XGBoost,81,1567350,4018,5.381729349192866,1.6004718542099,0.9823887348175049,0.98238873,0.9894326133083294
1,snowc,5,XGBoost,81,1567350,4018,5.074279080003651,1.0901118516921997,0.9854692220687866,0.9854692,0.9891523258490487
1,snowc,6,XGBoost,81,1567350,4018,4.862570542949094,1.079422116279602,0.9879003167152405,0.9879003,0.9893632636513822
1,snowc,7,XGBoost,81,1567350,4018,4.876865910188328,1.1636062860488892,0.9879419207572937,0.9879419,0.9902185533019368
1,snowc,8,XGBoost,81,1567350,4018,5.158310172296559,1.2273163795471191,0.9869029521942139,0.98690295,0.9913537534287999
1,snowc,9,XGBoost,81,1567350,4018,5.1583038863336315,1.2237141132354736,0.9876355528831482,0.98763555,0.9904675241596177
1,snowc,10,XGBoost,81,1567350,4018,4.690541209083068,0.994767963886261,0.9902292490005493,0.99022925,0.9923308961436142
1,snowc,11,XGBoost,81,1567350,4018,4.663193409265457,1.1164287328720093,0.9891279339790344,0.98912793,0.9921568629392941
1,snowc,12,XGBoost,81,1567350,4018,4.66054076073744,1.1107215881347656,0.989168643951416,0.98916864,0.9919110528281675
1,snowc,13,XGBoost,81,1567350,4018,4.594860124420359,1.0587419271469116,0.9895597100257874,0.9895597,0.9926145431859172
1,snowc,14,XGBoost,81,1567350,4018,4.620660963131363,1.0722614526748657,0.9895935654640198,0.98959357,0.9929804093983488
1,snowc,15,XGBoost,81,1567350,4018,4.605031388265889,1.0736867189407349,0.9900132417678833,0.99001324,0.9932996332515551
1,snowc,16,XGBoost,81,1567350,4018,4.729172268274605,1.1380506753921509,0.988856852054596,0.98885685,0.9925186504941729
1,snowc,17,XGBoost,81,1567350,4018,4.911486898307486,1.1288955211639404,0.9880871772766113,0.9880872,0.9920896749956704
1,snowc,18,XGBoost,81,1567350,4018,4.867426540327885,1.1217832565307617,0.9883866310119629,0.98838663,0.9921961630882826
1,snowc,19,XGBoost,81,1567350,4018,4.677896860760933,1.0627340078353882,0.9896335005760193,0.9896335,0.9929872141781723
1,snowc,20,XGBoost,81,1567350,4018,4.576136238457592,1.0096940994262695,0.9904537200927734,0.9904537,0.9934372540799318
1,snowc,21,XGBoost,81,1567350,4018,4.753715868658594,1.0652705430984497,0.98960280418396,0.9896028,0.9932519714769449
1,snowc,22,XGBoost,81,1567350,4018,4.763880275845812,1.0533193349838257,0.9897040128707886,0.989704,0.9929638801304734
1,snowc,23,XGBoost,81,1567350,4018,4.6502517878135885,1.0292718410491943,0.9902580976486206,0.9902581,0.9926522734679482
1,snowc,24,XGBoost,81,1567350,4018,4.9214750581555196,1.1875652074813843,0.9885343909263611,0.9885344,0.9907284365604723
1,snowc,25,XGBoost,81,1567350,4018,5.255710402652324,1.39085853099823,0.9858668446540833,0.98586684,0.990993302961025
1,snowc,26,XGBoost,81,1567350,4018,4.44835484986993,0.9384591579437256,0.991116464138031,0.99111646,0.9943226639415442
1,snowc,27,XGBoost,81,1567350,4018,4.592409937540836,0.992242157459259,0.9903622269630432,0.9903622,0.9938421893151824
1,snowc,28,XGBoost,81,1567350,4018,4.599898187920402,0.9724036455154419,0.9904492497444153,0.99044925,0.9937089263307858
1,snowc,29,XGBoost,81,1567350,4018,4.523000218366322,0.961742639541626,0.9909684658050537,0.99096847,0.992504287014027
1,snowc,30,XGBoost,81,1567350,4018,4.249539069817832,0.9467988610267639,0.9918819665908813,0.99188197,0.9931993993441637
1,snowc,31,XGBoost,81,1567350,4018,4.452613131902723,0.9918220043182373,0.9912422299385071,0.99124223,0.9909829616512802
1,snowc,32,XGBoost,81,1567350,4018,4.692624762070027,1.069646954536438,0.98975670337677,0.9897567,0.9925106140742336
1,snowc,33,XGBoost,81,1567350,4018,4.601305088168388,1.0565893650054932,0.9901896119117737,0.9901896,0.9925280640750643
1,snowc,34,XGBoost,81,1567350,4018,4.51812569300944,0.9191872477531433,0.9910187125205994,0.9910187,0.9938648391920367
1,snowc,35,XGBoost,81,1567350,4018,4.481720780206349,0.9534534811973572,0.9911616444587708,0.99116164,0.9937424076825457
1,snowc,36,XGBoost,81,1567350,4018,4.581951950440714,1.0416990518569946,0.9905359745025635,0.990536,0.9929470204497272
1,snowc,37,XGBoost,81,1567350,4018,4.78470720947942,1.1026307344436646,0.9896555542945862,0.98965555,0.9924966316460574
1,snowc,38,XGBoost,81,1567350,4018,4.849557459196543,1.141446828842163,0.989223062992096,0.98922306,0.9922801254818736
1,snowc,39,XGBoost,81,1567350,4018,4.510615437674432,0.8901551365852356,0.9912713170051575,0.9912713,0.9929062139749494
1,snowc,40,XGBoost,81,1567350,4018,4.846658141291771,0.9114367961883545,0.9899519681930542,0.98995197,0.993214127341426
1,snowc,41,XGBoost,81,1567350,4018,4.92307811746216,0.9278201460838318,0.9894850254058838,0.989485,0.9935973987942528
1,snowc,42,XGBoost,81,1567350,4018,4.7637189211365865,0.88363116979599,0.9901461005210876,0.9901461,0.9934031398422576
1,snowc,43,XGBoost,81,1567350,4018,4.314815839283145,0.7493752837181091,0.9921119809150696,0.992112,0.9940667324667087
1,snowc,44,XGBoost,81,1567350,4018,4.175525454045612,0.7304697036743164,0.9927323460578918,0.99273235,0.9939465503306972
1,snowc,45,XGBoost,81,1567350,4018,4.3874191581038255,0.7980461120605469,0.9919352531433105,0.99193525,0.9927958663608348
1,snowc,46,XGBoost,81,1567350,4018,4.551458716003194,0.8648350834846497,0.991290807723999,0.9912908,0.9927299618569804
1,snowc,47,XGBoost,81,1567350,4018,4.717550769526654,0.8981786370277405,0.990317702293396,0.9903177,0.9939296165636732
1,snowc,48,XGBoost,81,1567350,4018,4.730344964446675,0.9622542262077332,0.9901558756828308,0.9901559,0.9938471962159641
1,snowc,49,XGBoost,81,1567350,4018,4.812985284291004,1.07020902633667,0.9896005988121033,0.9896006,0.9923878460052282
1,snowc,50,XGBoost,81,1567350,4018,4.929923509851677,1.1701520681381226,0.9889445304870605,0.98894453,0.9920947756940476
1,snowc,51,XGBoost,81,1567350,4018,4.4941851876050105,0.9452939629554749,0.9913538098335266,0.9913538,0.9934916715619462
1,snowc,52,XGBoost,81,1567350,4018,4.535041433058859,0.9911713004112244,0.9910643100738525,0.9910643,0.9929858586355719
1,snowc,53,XGBoost,81,1567350,4018,4.73595137837943,1.0261316299438477,0.9902210831642151,0.9902211,0.9930764283969686
1,snowc,54,XGBoost,81,1567350,4018,4.832664355755593,1.0144697427749634,0.9899049997329712,0.989905,0.9929627849133871
1,snowc,55,XGBoost,81,1567350,4018,4.616336234119047,0.9272283315658569,0.9909135699272156,0.99091357,0.9931741300238291
1,snowc,56,XGBoost,81,1567350,4018,4.497661194724896,0.8975194692611694,0.9913766980171204,0.9913767,0.9930225943853098
1,snowc,57,XGBoost,81,1567350,4018,4.501566720131005,0.9182206392288208,0.9913223385810852,0.99132234,0.9929232727157467
1,snowc,58,XGBoost,81,1567350,4018,4.611897234311875,0.965660035610199,0.990641713142395,0.9906417,0.9933618959672976
1,snowc,59,XGBoost,81,1567350,4018,4.7603037658703435,1.0639086961746216,0.9898211359977722,0.98982114,0.9923337715475126
1,snowc,60,XGBoost,81,1567350,4018,5.055329884859244,1.1539061069488525,0.988543689250946,0.9885437,0.9921219167579705
1,snowc,61,XGBoost,81,1567350,4018,5.213489187956513,1.2566391229629517,0.9874535202980042,0.9874535,0.9916193036721743
1,snowc,62,XGBoost,81,1567350,4018,5.010757318390963,1.3518449068069458,0.9883597493171692,0.98835975,0.9887912397838853
1,snowc,63,XGBoost,81,1567350,4018,4.402722617417869,0.9901182055473328,0.9916989803314209,0.991699,0.993299769674625
1,snowc,64,XGBoost,81,1567350,4018,4.3045678650004495,0.991136372089386,0.9919971227645874,0.9919971,0.9933380900725438
1,snowc,65,XGBoost,81,1567350,4018,4.206093799700606,0.9912859201431274,0.992344081401825,0.9923441,0.9928261658403944
1,snowc,66,XGBoost,81,1567350,4018,4.249800284685952,1.0200597047805786,0.9920875430107117,0.99208754,0.9926404609249687
1,snowc,67,XGBoost,81,1567350,4018,4.655070520311402,1.0360183715820312,0.9906432628631592,0.99064326,0.9927290959366192
1,snowc,68,XGBoost,81,1567350,4018,4.9992587493760405,1.1287349462509155,0.9889644384384155,0.98896444,0.992575301067552
1,snowc,69,XGBoost,81,1567350,4018,5.067222935273012,1.1761884689331055,0.9884224534034729,0.98842245,0.9925092759152132
1,snowc,70,XGBoost,81,1567350,4018,5.139718668619296,1.227260947227478,0.9879852533340454,0.98798525,0.991920863187184
1,snowc,71,XGBoost,81,1567350,4018,5.154036168034828,1.2301812171936035,0.9879291653633118,0.98792917,0.9920055112174709
1,snowc,72,XGBoost,81,1567350,4018,4.812812497780684,1.1336276531219482,0.9896302819252014,0.9896303,0.9921940168059974
1,snowc,73,XGBoost,81,1567350,4018,4.68254865451022,1.1563763618469238,0.9900704026222229,0.9900704,0.9917485614903463
1,snowc,74,XGBoost,81,1567350,4018,4.78758826908979,1.3502223491668701,0.9886120557785034,0.98861206,0.9919928788496477
1,snowc,75,XGBoost,81,1567350,4018,5.2343190659907926,1.4081850051879883,0.9872554540634155,0.98725545,0.9907984917471165
1,snowc,76,XGBoost,81,1567350,4018,5.503340660258236,1.486057162284851,0.985811710357666,0.9858117,0.9904933119508885
1,snowc,77,XGBoost,81,1567350,4018,4.936811761331526,1.2956700325012207,0.9887853264808655,0.9887853,0.991437438788029
1,snowc,78,XGBoost,81,1567350,4018,4.623580302321105,1.1650031805038452,0.9903151392936707,0.99031514,0.9924262288169398
1,snowc,79,XGBoost,81,1567350,4018,4.534657427078371,1.2308197021484375,0.9901633262634277,0.9901633,0.9926438547409706
1,snowc,80,XGBoost,81,1567350,4018,5.15276352890983,1.4524519443511963,0.9873754382133484,0.98737544,0.9906340399602113
1,snowc,81,XGBoost,81,1567350,4018,5.060708188040677,1.4421026706695557,0.9876405000686646,0.9876405,0.9910277835068416
1,sd,0,XGBoost,81,1567350,4018,0.0023710131098288547,0.0009764271089807153,0.9868183732032776,0.9868184,0.9093268044694369
1,sd,1,XGBoost,81,1567350,4018,0.0033684670575771848,0.0013912301510572433,0.9971253275871277,0.9971253,0.9890254390677271
1,sd,2,XGBoost,81,1567350,4018,0.0035264182464977054,0.001506798667833209,0.9961606860160828,0.9961607,0.983190212125249
1,sd,3,XGBoost,81,1567350,4018,0.003476388422871917,0.0015172486891970038,0.9968658089637756,0.9968658,0.9844075433826611
1,sd,4,XGBoost,81,1567350,4018,0.0036878675831126784,0.0016630516620352864,0.9979822039604187,0.9979822,0.9869347615905152
1,sd,5,XGBoost,81,1567350,4018,0.004336165307934929,0.0018043083837255836,0.9980941414833069,0.99809414,0.9899230891121994
1,sd,6,XGBoost,81,1567350,4018,0.004878656473814176,0.001894479151815176,0.9986268877983093,0.9986269,0.997343497584157
1,sd,7,XGBoost,81,1567350,4018,0.004717294841510519,0.0018755840137600899,0.9987488985061646,0.9987489,0.9991945092547102
1,sd,8,XGBoost,81,1567350,4018,0.0047443078339030635,0.0020432735327631235,0.9988108277320862,0.9988108,0.9954121253840641
1,sd,9,XGBoost,81,1567350,4018,0.004920482242716188,0.002246159827336669,0.9989429712295532,0.998943,0.9949525957980934
1,sd,10,XGBoost,81,1567350,4018,0.004772001791970191,0.002198181115090847,0.999045193195343,0.9990452,0.995407134632127
1,sd,11,XGBoost,81,1567350,4018,0.004720959318428911,0.002008746610954404,0.9987040162086487,0.998704,0.9970653948800208
1,sd,12,XGBoost,81,1567350,4018,0.004582670543496243,0.0018993666162714362,0.9987178444862366,0.99871784,0.9990934909646986
1,sd,13,XGBoost,81,1567350,4018,0.004556479436652463,0.001768361427821219,0.9987828135490417,0.9987828,0.9929116793041811
1,sd,14,XGBoost,81,1567350,4018,0.004710143479607466,0.0020371954888105392,0.9988545179367065,0.9988545,0.9980516880944604
1,sd,15,XGBoost,81,1567350,4018,0.004944533430032104,0.0021823111455887556,0.9989275932312012,0.9989276,0.9953846012651165
1,sd,16,XGBoost,81,1567350,4018,0.004919852087818153,0.0022044393699616194,0.9987258911132812,0.9987259,0.9967671665660185
1,sd,17,XGBoost,81,1567350,4018,0.0047020457381325795,0.001901731244288385,0.9987804293632507,0.9987804,0.9984763032839558
1,sd,18,XGBoost,81,1567350,4018,0.004850922696397043,0.0020331477280706167,0.9988152980804443,0.9988153,0.997815779577543
1,sd,19,XGBoost,81,1567350,4018,0.005088824203493511,0.0022423204500228167,0.9989154934883118,0.9989155,0.9967070857852566
1,sd,20,XGBoost,81,1567350,4018,0.005307599675385205,0.0023949244059622288,0.9989702701568604,0.99897027,0.9948047538225027
1,sd,21,XGBoost,81,1567350,4018,0.0050922591906082245,0.0021991159301251173,0.9989369511604309,0.99893695,0.9989215417511419
1,sd,22,XGBoost,81,1567350,4018,0.004817793315349232,0.001985252369195223,0.9989916086196899,0.9989916,0.9958610709567258
1,sd,23,XGBoost,81,1567350,4018,0.004722944741263921,0.0020622818265110254,0.9989621639251709,0.99896216,0.9988286793125852
1,sd,24,XGBoost,81,1567350,4018,0.004286273698887955,0.0019866214133799076,0.9988704919815063,0.9988705,0.993162717536014
1,sd,25,XGBoost,81,1567350,4018,0.0038142416205081547,0.001758410595357418,0.9984713792800903,0.9984714,0.9894226268253355
1,sd,26,XGBoost,81,1567350,4018,0.005284963115384413,0.0023832388687878847,0.9991551637649536,0.99915516,0.9977232040285366
1,sd,27,XGBoost,81,1567350,4018,0.00508123958394156,0.0021818282548338175,0.9990984201431274,0.9990984,0.9968960703690353
1,sd,28,XGBoost,81,1567350,4018,0.005009207732222366,0.0021887558978050947,0.9990864396095276,0.99908644,0.9987150292430381
1,sd,29,XGBoost,81,1567350,4018,0.005291376326329714,0.002445881487801671,0.9991245269775391,0.9991245,0.998061492607443
1,sd,30,XGBoost,81,1567350,4018,0.006566901625851995,0.002869456307962537,0.9988808035850525,0.9988808,0.994546438091848
1,sd,31,XGBoost,81,1567350,4018,0.005725199148461945,0.0025984381791204214,0.9990915060043335,0.9990915,0.9987299591111098
1,sd,32,XGBoost,81,1567350,4018,0.005113004936335525,0.0023783294018357992,0.9990552663803101,0.99905527,0.9982804987152061
1,sd,33,XGBoost,81,1567350,4018,0.004978132613092377,0.0023266449570655823,0.9990715980529785,0.9990716,0.9962337103621602
1,sd,34,XGBoost,81,1567350,4018,0.005142799437264193,0.0024506140034645796,0.9991262555122375,0.99912626,0.9955096479339021
1,sd,35,XGBoost,81,1567350,4018,0.005043450877547076,0.002378887264057994,0.9990875124931335,0.9990875,0.99559068173719
1,sd,36,XGBoost,81,1567350,4018,0.004681087820055656,0.002208668040111661,0.9990207552909851,0.99902076,0.996018237655329
1,sd,37,XGBoost,81,1567350,4018,0.004364583838502821,0.002044247230514884,0.9989370107650757,0.998937,0.9948351306367172
1,sd,38,XGBoost,81,1567350,4018,0.004172497664017964,0.001966513227671385,0.9988604187965393,0.9988604,0.9931544257826137
1,sd,39,XGBoost,81,1567350,4018,0.008151874621472476,0.0033071942161768675,0.9985731840133667,0.9985732,0.995291602878315
1,sd,40,XGBoost,81,1567350,4018,0.006377448834734081,0.002783222356811166,0.9989990592002869,0.99899906,0.9988654653634668
1,sd,41,XGBoost,81,1567350,4018,0.006007743700731686,0.002673887647688389,0.998982310295105,0.9989823,0.9982619625870337
1,sd,42,XGBoost,81,1567350,4018,0.006385993214085909,0.0028915719594806433,0.9989504814147949,0.9989505,0.9960056940554852
1,sd,43,XGBoost,81,1567350,4018,0.006724416507738341,0.002953599439933896,0.998970627784729,0.9989706,0.9958193617657014
1,sd,44,XGBoost,81,1567350,4018,0.006813577394428282,0.002968513173982501,0.9989675283432007,0.9989675,0.9953114698426377
1,sd,45,XGBoost,81,1567350,4018,0.0062838523401759685,0.002810367150232196,0.999051570892334,0.9990516,0.9985529427705948
1,sd,46,XGBoost,81,1567350,4018,0.0059353765842249,0.002682067221030593,0.9990148544311523,0.99901485,0.9960122738781699
1,sd,47,XGBoost,81,1567350,4018,0.005062097881460878,0.002368797082453966,0.999102771282196,0.9991028,0.9977802834616891
1,sd,48,XGBoost,81,1567350,4018,0.004700456867531009,0.0022359422873705626,0.9990782141685486,0.9990782,0.9974622167969427
1,sd,49,XGBoost,81,1567350,4018,0.00433832641493599,0.0020714025013148785,0.9989586472511292,0.99895865,0.9951908814582762
1,sd,50,XGBoost,81,1567350,4018,0.0039438975071433725,0.0018940018489956856,0.9988480806350708,0.9988481,0.9930814592857828
1,sd,51,XGBoost,81,1567350,4018,0.006320506444404816,0.0028655771166086197,0.9990018606185913,0.99900186,0.9965589920354241
1,sd,52,XGBoost,81,1567350,4018,0.006071617098849932,0.002730539534240961,0.9990017414093018,0.99900174,0.9973865568582667
1,sd,53,XGBoost,81,1567350,4018,0.005576508448930995,0.0026766310911625624,0.9990857243537903,0.9990857,0.9985079480310978
1,sd,54,XGBoost,81,1567350,4018,0.005286168991690841,0.002523521427065134,0.9991217255592346,0.9991217,0.9982575174604068
1,sd,55,XGBoost,81,1567350,4018,0.005191337682319259,0.0024454467929899693,0.9991757869720459,0.9991758,0.9982015172736463
1,sd,56,XGBoost,81,1567350,4018,0.005165168241955704,0.002426847582682967,0.9991682767868042,0.9991683,0.9992912255563527
1,sd,57,XGBoost,81,1567350,4018,0.004881085336213246,0.0023353490978479385,0.9991838335990906,0.99918383,0.998974980817095
1,sd,58,XGBoost,81,1567350,4018,0.0046757779355423796,0.002245837589725852,0.99910968542099,0.9991097,0.9990604495052536
1,sd,59,XGBoost,81,1567350,4018,0.004319932229248962,0.0020536049269139767,0.9990215301513672,0.99902153,0.9972005633094513
1,sd,60,XGBoost,81,1567350,4018,0.0041121149308365156,0.001993310870602727,0.9989055395126343,0.99890554,0.9940379877213924
1,sd,61,XGBoost,81,1567350,4018,0.0037300087381997127,0.0018125890055671334,0.998794674873352,0.9987947,0.9919695566401168
1,sd,62,XGBoost,81,1567350,4018,0.0034277125939756515,0.0016791477100923657,0.9987407326698303,0.99874073,0.9913362800298687
1,sd,63,XGBoost,81,1567350,4018,0.005688496464788632,0.002698980737477541,0.9991048574447632,0.99910486,0.9990700990677321
1,sd,64,XGBoost,81,1567350,4018,0.005705160340067234,0.002697584917768836,0.999082088470459,0.9990821,0.9989308120369829
1,sd,65,XGBoost,81,1567350,4018,0.0053238038245769495,0.002621064195409417,0.9991738200187683,0.9991738,0.9959750633790709
1,sd,66,XGBoost,81,1567350,4018,0.004924626241068195,0.0024531895760446787,0.9992258548736572,0.99922585,0.9980491301944353
1,sd,67,XGBoost,81,1567350,4018,0.004668914990991391,0.0023040103260427713,0.9991325736045837,0.9991326,0.9973618413254338
1,sd,68,XGBoost,81,1567350,4018,0.004199546190250918,0.0020476735662668943,0.9990874528884888,0.99908745,0.9976522438157226
1,sd,69,XGBoost,81,1567350,4018,0.004080068171340307,0.0020217038691043854,0.9989548921585083,0.9989549,0.9962877880435915
1,sd,70,XGBoost,81,1567350,4018,0.00383871315034439,0.0019111770670861006,0.9988750219345093,0.998875,0.9942625844115383
1,sd,71,XGBoost,81,1567350,4018,0.003685699666507702,0.001812841510400176,0.9987813234329224,0.9987813,0.9925742524766353
1,sd,72,XGBoost,81,1567350,4018,0.003515458656678856,0.0017335121519863605,0.9988735318183899,0.99887353,0.9941578720004124
1,sd,73,XGBoost,81,1567350,4018,0.003201044033567068,0.0015983518678694963,0.9988551139831543,0.9988551,0.9935952491688543
1,sd,74,XGBoost,81,1567350,4018,0.0029873868892019966,0.0014833069872111082,0.9982845187187195,0.9982845,0.9900687939087496
1,sd,75,XGBoost,81,1567350,4018,0.0034536278793514397,0.0017031305469572544,0.998672604560852,0.9986726,0.9945647196323829
1,sd,76,XGBoost,81,1567350,4018,0.003340426820536963,0.0016636863583698869,0.9983891844749451,0.9983892,0.9901438711909668
1,sd,77,XGBoost,81,1567350,4018,0.0032737393222995563,0.0015768700977787375,0.9985123872756958,0.9985124,0.9936960204765116
1,sd,78,XGBoost,81,1567350,4018,0.0030733727369775974,0.0015159709146246314,0.998643159866333,0.99864316,0.9932701659998062
1,sd,79,XGBoost,81,1567350,4018,0.002936074687810425,0.0014797447947785258,0.9982333779335022,0.9982334,0.9931042638150005
1,sd,80,XGBoost,81,1567350,4018,0.002961377121986706,0.0014005699194967747,0.9982884526252747,0.99828845,0.9939251160677892
1,sd,81,XGBoost,81,1567350,4018,0.002785990213867933,0.001321729738265276,0.9981653690338135,0.99816537,0.9919737839866399
1,smlt_mm,0,XGBoost,81,1567350,4018,0.5693258608520121,0.2230096310377121,0.8335248231887817,0.8335248,0.8278802783485664
1,smlt_mm,1,XGBoost,81,1567350,4018,0.8141061972460594,0.3216209411621094,0.8814353346824646,0.88143533,0.8988840441506787
1,smlt_mm,2,XGBoost,81,1567350,4018,0.7755155294598624,0.320631742477417,0.8734580874443054,0.8734581,0.9308808134535972
1,smlt_mm,3,XGBoost,81,1567350,4018,0.7622743194418903,0.32010728120803833,0.8828495144844055,0.8828495,0.9328118984663675
1,smlt_mm,4,XGBoost,81,1567350,4018,0.814073213298102,0.3396587669849396,0.895735502243042,0.8957355,0.936744868283727
1,smlt_mm,5,XGBoost,81,1567350,4018,0.9767687770424133,0.36324071884155273,0.8956184983253479,0.8956185,0.8565810562028023
1,smlt_mm,6,XGBoost,81,1567350,4018,1.1231187349631906,0.42722827196121216,0.909980058670044,0.90998006,0.8624433042239709
1,smlt_mm,7,XGBoost,81,1567350,4018,1.1017497559597575,0.4317808151245117,0.9155547022819519,0.9155547,0.9162617624169724
1,smlt_mm,8,XGBoost,81,1567350,4018,1.0329842867510133,0.39967551827430725,0.9305698871612549,0.9305699,0.9034080057362619
1,smlt_mm,9,XGBoost,81,1567350,4018,1.0014578801828535,0.3815231919288635,0.9365227818489075,0.9365228,0.9045589584744326
1,smlt_mm,10,XGBoost,81,1567350,4018,1.0250644710082926,0.3714721202850342,0.9363973140716553,0.9363973,0.9167488161942777
1,smlt_mm,11,XGBoost,81,1567350,4018,1.0903011442354607,0.40344178676605225,0.9154497385025024,0.91544974,0.91797113309705
1,smlt_mm,12,XGBoost,81,1567350,4018,1.1206302016776313,0.41464248299598694,0.9126930236816406,0.912693,0.9410760404687102
1,smlt_mm,13,XGBoost,81,1567350,4018,1.146027092012589,0.4168230891227722,0.9109899401664734,0.91098994,0.9383477088841488
1,smlt_mm,14,XGBoost,81,1567350,4018,1.2273482217591893,0.43561992049217224,0.9009295105934143,0.9009295,0.8185244728936618
1,smlt_mm,15,XGBoost,81,1567350,4018,1.2766559860755489,0.444598525762558,0.9049862623214722,0.90498626,0.7803865563844363
1,smlt_mm,16,XGBoost,81,1567350,4018,1.0948898915012955,0.41695845127105713,0.9142194986343384,0.9142195,0.929199032097236
1,smlt_mm,17,XGBoost,81,1567350,4018,1.191788208816513,0.44946303963661194,0.90944504737854,0.90944505,0.9352271611240845
1,smlt_mm,18,XGBoost,81,1567350,4018,1.1124272869221452,0.4154619872570038,0.9199106097221375,0.9199106,0.9278754431506773
1,smlt_mm,19,XGBoost,81,1567350,4018,1.1585367632462997,0.4217442274093628,0.9202128052711487,0.9202128,0.821991784723782
1,smlt_mm,20,XGBoost,81,1567350,4018,1.282980378441685,0.45513615012168884,0.9165002703666687,0.9165003,0.78576301908641
1,smlt_mm,21,XGBoost,81,1567350,4018,1.163422478992057,0.4321940541267395,0.9300171136856079,0.9300171,0.8845467999134201
1,smlt_mm,22,XGBoost,81,1567350,4018,1.1959437280576968,0.4552411735057831,0.9279396533966064,0.92793965,0.9162545740302007
1,smlt_mm,23,XGBoost,81,1567350,4018,1.1427465591829515,0.42002981901168823,0.9311080574989319,0.93110806,0.8796627665100836
1,smlt_mm,24,XGBoost,81,1567350,4018,0.9901235544767015,0.36176809668540955,0.930575430393219,0.93057543,0.8777545666100504
1,smlt_mm,25,XGBoost,81,1567350,4018,0.9013156070188791,0.3308061361312866,0.9098818302154541,0.90988183,0.879581194087724
1,smlt_mm,26,XGBoost,81,1567350,4018,1.0968160434104621,0.4117276668548584,0.94061279296875,0.9406128,0.9158611364445401
1,smlt_mm,27,XGBoost,81,1567350,4018,1.1459603094780586,0.4404686987400055,0.9300205707550049,0.9300206,0.9440316554639235
1,smlt_mm,28,XGBoost,81,1567350,4018,1.178317708411391,0.4473249316215515,0.9289789199829102,0.9289789,0.9449935855767325
1,smlt_mm,29,XGBoost,81,1567350,4018,1.1174468159660917,0.40883979201316833,0.9393898844718933,0.9393899,0.880222369135938
1,smlt_mm,30,XGBoost,81,1567350,4018,1.0100814945088918,0.3886411488056183,0.9418430328369141,0.94184303,0.9525371641396522
1,smlt_mm,31,XGBoost,81,1567350,4018,1.031476371657233,0.38980624079704285,0.9446439146995544,0.9446439,0.9513022295752099
1,smlt_mm,32,XGBoost,81,1567350,4018,1.0008331047161603,0.388916015625,0.9385270476341248,0.93852705,0.9464029108320058
1,smlt_mm,33,XGBoost,81,1567350,4018,0.9875267073484344,0.37584853172302246,0.9399698376655579,0.93996984,0.9280364549166853
1,smlt_mm,34,XGBoost,81,1567350,4018,1.0883871209102849,0.39662232995033264,0.9385986328125,0.93859863,0.8828024093964942
1,smlt_mm,35,XGBoost,81,1567350,4018,1.0563960047827228,0.38842064142227173,0.9390029907226562,0.939003,0.9134465296984967
1,smlt_mm,36,XGBoost,81,1567350,4018,1.0149530975892882,0.3829065263271332,0.9368937611579895,0.93689376,0.9096444287656651
1,smlt_mm,37,XGBoost,81,1567350,4018,1.0435194069154885,0.3844864070415497,0.9328823089599609,0.9328823,0.8856530240524616
1,smlt_mm,38,XGBoost,81,1567350,4018,0.956438651829983,0.3503388464450836,0.9333562850952148,0.9333563,0.8651780415576165
1,smlt_mm,39,XGBoost,81,1567350,4018,1.1815323709128813,0.4522631764411926,0.9375913143157959,0.9375913,0.9553104971093942
1,smlt_mm,40,XGBoost,81,1567350,4018,1.2557758404372101,0.4832679331302643,0.9358319044113159,0.9358319,0.9286383824144523
1,smlt_mm,41,XGBoost,81,1567350,4018,1.2787080996930382,0.49890613555908203,0.9264124035835266,0.9264124,0.9184877547131002
1,smlt_mm,42,XGBoost,81,1567350,4018,1.1333729377072332,0.4395939111709595,0.9400687217712402,0.9400687,0.9473972874304486
1,smlt_mm,43,XGBoost,81,1567350,4018,1.0842345352881897,0.3887365460395813,0.949344277381897,0.9493443,0.9460753154032435
1,smlt_mm,44,XGBoost,81,1567350,4018,1.2330171867218498,0.42971786856651306,0.9400384426116943,0.94003844,0.8687307179541732
1,smlt_mm,45,XGBoost,81,1567350,4018,1.3228530367870217,0.46196088194847107,0.9317377209663391,0.9317377,0.8451665819372784
1,smlt_mm,46,XGBoost,81,1567350,4018,1.0925594935160046,0.3933218717575073,0.945440411567688,0.9454404,0.9289168381302786
1,smlt_mm,47,XGBoost,81,1567350,4018,1.0493621887188394,0.388272762298584,0.9426316022872925,0.9426316,0.9433661942912551
1,smlt_mm,48,XGBoost,81,1567350,4018,1.0534413640741564,0.38722994923591614,0.938313364982605,0.93831336,0.9255188399301608
1,smlt_mm,49,XGBoost,81,1567350,4018,0.9837934198940006,0.36629918217658997,0.9362690448760986,0.93626904,0.9320155885511522
1,smlt_mm,50,XGBoost,81,1567350,4018,0.9099247846854102,0.3390130400657654,0.9283676743507385,0.9283677,0.9425783237913888
1,smlt_mm,51,XGBoost,81,1567350,4018,1.1810569645825164,0.4521040916442871,0.9332200884819031,0.9332201,0.9201175610181497
1,smlt_mm,52,XGBoost,81,1567350,4018,1.170064468482386,0.4603728652000427,0.9299454689025879,0.92994547,0.8992141945847356
1,smlt_mm,53,XGBoost,81,1567350,4018,1.1932403954663455,0.474342942237854,0.9253180027008057,0.925318,0.8882945004899985
1,smlt_mm,54,XGBoost,81,1567350,4018,1.1935981973524519,0.4622909426689148,0.9262441992759705,0.9262442,0.8966109655941252
1,smlt_mm,55,XGBoost,81,1567350,4018,1.0922935052381242,0.40627843141555786,0.9422078132629395,0.9422078,0.9480738743565335
1,smlt_mm,56,XGBoost,81,1567350,4018,1.0602663909213605,0.38255608081817627,0.9453068971633911,0.9453069,0.9586965005239103
1,smlt_mm,57,XGBoost,81,1567350,4018,1.0127587588234468,0.3692517578601837,0.9438067078590393,0.9438067,0.9637673248377572
1,smlt_mm,58,XGBoost,81,1567350,4018,0.9935580422082518,0.37146517634391785,0.9391149878501892,0.939115,0.9561441770094335
1,smlt_mm,59,XGBoost,81,1567350,4018,0.9705886619825326,0.3626081347465515,0.9368296265602112,0.9368296,0.9538971132585223
1,smlt_mm,60,XGBoost,81,1567350,4018,0.9810248389954008,0.36158299446105957,0.9307323098182678,0.9307323,0.9521559978944742
1,smlt_mm,61,XGBoost,81,1567350,4018,0.904395507970146,0.3369833827018738,0.9232305288314819,0.9232305,0.9548320919296174
1,smlt_mm,62,XGBoost,81,1567350,4018,0.8347265438772651,0.30714207887649536,0.920049786567688,0.9200498,0.9565986868680457
1,smlt_mm,63,XGBoost,81,1567350,4018,1.1488829806194552,0.4379591643810272,0.931533694267273,0.9315337,0.8956038551039222
1,smlt_mm,64,XGBoost,81,1567350,4018,1.1195458016577895,0.42717963457107544,0.9295476675033569,0.92954767,0.8751012578857457
1,smlt_mm,65,XGBoost,81,1567350,4018,1.089687431910879,0.42223823070526123,0.9305275678634644,0.93052757,0.8732925573861097
1,smlt_mm,66,XGBoost,81,1567350,4018,1.0480905564255332,0.40809357166290283,0.930711030960083,0.93071103,0.8719143756143455
1,smlt_mm,67,XGBoost,81,1567350,4018,1.0379098220675058,0.394723117351532,0.931914746761322,0.93191475,0.9057087135595892
1,smlt_mm,68,XGBoost,81,1567350,4018,1.0277592504108706,0.38492342829704285,0.9258136749267578,0.9258137,0.895153967194284
1,smlt_mm,69,XGBoost,81,1567350,4018,1.0155117265182942,0.3814515769481659,0.9163750410079956,0.91637504,0.9045479531329514
1,smlt_mm,70,XGBoost,81,1567350,4018,0.9575942271508745,0.35845932364463806,0.9188621640205383,0.91886216,0.9346647507544881
1,smlt_mm,71,XGBoost,81,1567350,4018,0.8908971738703899,0.331598699092865,0.9261704087257385,0.9261704,0.9535838601248292
1,smlt_mm,72,XGBoost,81,1567350,4018,0.8297283198485866,0.294725239276886,0.9356994032859802,0.9356994,0.9327369551820529
1,smlt_mm,73,XGBoost,81,1567350,4018,0.7756024126672427,0.28206536173820496,0.9245066046714783,0.9245066,0.955698936861384
1,smlt_mm,74,XGBoost,81,1567350,4018,0.7578547357803729,0.28585270047187805,0.8927290439605713,0.89272904,0.922291455997046
1,smlt_mm,75,XGBoost,81,1567350,4018,0.9097508194645323,0.34730827808380127,0.9029346704483032,0.9029347,0.9048670581299736
1,smlt_mm,76,XGBoost,81,1567350,4018,0.916009768729614,0.3407752811908722,0.9001879096031189,0.9001879,0.9363727984806077
1,smlt_mm,77,XGBoost,81,1567350,4018,0.8601264789082392,0.2991059422492981,0.9154884815216064,0.9154885,0.9038962053453812
1,smlt_mm,78,XGBoost,81,1567350,4018,0.7927407749737614,0.2748531997203827,0.9135353565216064,0.91353536,0.8935033704761184
1,smlt_mm,79,XGBoost,81,1567350,4018,0.7567526494620312,0.26923617720603943,0.8825896978378296,0.8825897,0.8956228079574806
1,smlt_mm,80,XGBoost,81,1567350,4018,0.8590938801895259,0.3062296211719513,0.9022996425628662,0.90229964,0.9070205298109348
1,smlt_mm,81,XGBoost,81,1567350,4018,0.8024863349487896,0.2736192047595978,0.8973155617713928,0.89731556,0.9091259685927661
7,snowc,0,XGBoost,81,1566864,4018,22.702512035772056,12.542206764221191,0.30389678478240967,0.30389678,0.07755932308082703
7,snowc,1,XGBoost,81,1566864,4018,18.59369419634483,8.797324180603027,0.7651586532592773,0.76515865,0.7541501588440751
7,snowc,2,XGBoost,81,1566864,4018,18.34431064145383,8.989973068237305,0.7583848834037781,0.7583849,0.7517664562697547
7,snowc,3,XGBoost,81,1566864,4018,17.618278791033866,8.540040969848633,0.784577488899231,0.7845775,0.780435056256026
7,snowc,4,XGBoost,81,1566864,4018,16.69395887557691,7.7685041427612305,0.8305408954620361,0.8305409,0.8356834268313224
7,snowc,5,XGBoost,81,1566864,4018,17.110127694630524,7.770388603210449,0.8347858786582947,0.8347859,0.8409248665251262
7,snowc,6,XGBoost,81,1566864,4018,15.685603175289634,6.795974254608154,0.8740947246551514,0.8740947,0.8870894891571259
7,snowc,7,XGBoost,81,1566864,4018,15.39442767108646,6.637343883514404,0.8798501491546631,0.87985015,0.8924709661827583
7,snowc,8,XGBoost,81,1566864,4018,14.978411588706699,6.332385063171387,0.8895690441131592,0.88956904,0.9073306458061825
7,snowc,9,XGBoost,81,1566864,4018,13.823775026433456,5.662361145019531,0.9111998081207275,0.9111998,0.93318857289059
7,snowc,10,XGBoost,81,1566864,4018,12.544634665334769,4.867888450622559,0.9301127791404724,0.9301128,0.9445703068613092
7,snowc,11,XGBoost,81,1566864,4018,15.730481845195692,6.587677001953125,0.8762832283973694,0.8762832,0.8776791923898113
7,snowc,12,XGBoost,81,1566864,4018,15.978971968371921,6.706232070922852,0.8726767897605896,0.8726768,0.8741927015807865
7,snowc,13,XGBoost,81,1566864,4018,15.561623422225466,6.462821006774902,0.8802493214607239,0.8802493,0.8815844803920955
7,snowc,14,XGBoost,81,1566864,4018,15.169928790272984,6.174836158752441,0.8878343105316162,0.8878343,0.895289423931785
7,snowc,15,XGBoost,81,1566864,4018,14.177013672660568,5.700647830963135,0.9053484797477722,0.9053485,0.9118907270623543
7,snowc,16,XGBoost,81,1566864,4018,15.544723469215366,6.597466945648193,0.8796064257621765,0.8796064,0.8923562474621978
7,snowc,17,XGBoost,81,1566864,4018,16.35884333842383,6.830447673797607,0.8678416013717651,0.8678416,0.8793835589858345
7,snowc,18,XGBoost,81,1566864,4018,15.212457691594567,6.417171478271484,0.886561930179596,0.88656193,0.8948174330464203
7,snowc,19,XGBoost,81,1566864,4018,14.156028493196647,5.786797523498535,0.9050679802894592,0.905068,0.916481033852545
7,snowc,20,XGBoost,81,1566864,4018,13.750165348792741,5.38192892074585,0.913811206817627,0.9138112,0.9252333888303884
7,snowc,21,XGBoost,81,1566864,4018,14.494356306717927,5.650357246398926,0.9033398032188416,0.9033398,0.9221285370249341
7,snowc,22,XGBoost,81,1566864,4018,14.28523262301843,5.526122570037842,0.9074190258979797,0.907419,0.9269344474525956
7,snowc,23,XGBoost,81,1566864,4018,13.768661320037559,5.334303379058838,0.9145967960357666,0.9145968,0.9350040694187889
7,snowc,24,XGBoost,81,1566864,4018,13.590977177691501,5.63196325302124,0.9125604629516602,0.91256046,0.9346998004170908
7,snowc,25,XGBoost,81,1566864,4018,14.875431343043521,6.414831638336182,0.8867822289466858,0.8867822,0.9092000339761498
7,snowc,26,XGBoost,81,1566864,4018,12.782587629615103,4.701600551605225,0.9266460537910461,0.92664605,0.9445932760088379
7,snowc,27,XGBoost,81,1566864,4018,13.162331813161588,4.979312419891357,0.9208300709724426,0.9208301,0.9380037281815002
7,snowc,28,XGBoost,81,1566864,4018,13.416012639439543,5.047426700592041,0.9187568426132202,0.91875684,0.9354820468423979
7,snowc,29,XGBoost,81,1566864,4018,12.73521972850108,4.684265613555908,0.9283986687660217,0.92839867,0.9432680624614252
7,snowc,30,XGBoost,81,1566864,4018,11.702757968418505,4.474937915802002,0.9384337663650513,0.93843377,0.9603912404288883
7,snowc,31,XGBoost,81,1566864,4018,12.063892659648278,4.614603042602539,0.9357107281684875,0.9357107,0.9484908983438907
7,snowc,32,XGBoost,81,1566864,4018,13.28091336889558,5.2471137046813965,0.9179525375366211,0.91795254,0.9426935167510412
7,snowc,33,XGBoost,81,1566864,4018,13.110884569297875,5.210022449493408,0.9203493595123291,0.92034936,0.9426902878471526
7,snowc,34,XGBoost,81,1566864,4018,12.329813755729507,4.570001125335693,0.933114230632782,0.93311423,0.9481037498439053
7,snowc,35,XGBoost,81,1566864,4018,12.289464169174735,4.609210014343262,0.9335418939590454,0.9335419,0.9477588455110685
7,snowc,36,XGBoost,81,1566864,4018,12.821122408337358,4.959980487823486,0.9258984327316284,0.92589843,0.9457086395003534
7,snowc,37,XGBoost,81,1566864,4018,13.78017651449022,5.4014458656311035,0.9141964316368103,0.91419643,0.9364132595221104
7,snowc,38,XGBoost,81,1566864,4018,13.54929309985799,5.4381937980651855,0.9158753156661987,0.9158753,0.939022436297195
7,snowc,39,XGBoost,81,1566864,4018,12.081423764229879,4.209453105926514,0.9373801946640015,0.9373802,0.9535270311735647
7,snowc,40,XGBoost,81,1566864,4018,12.719132101331946,4.3276286125183105,0.9307990670204163,0.93079907,0.9484470469370758
7,snowc,41,XGBoost,81,1566864,4018,13.078279592313606,4.495354652404785,0.9257946610450745,0.92579466,0.9471665119654438
7,snowc,42,XGBoost,81,1566864,4018,12.232328163310608,4.252135753631592,0.9350268840789795,0.9350269,0.9555227496409713
7,snowc,43,XGBoost,81,1566864,4018,10.621506419552995,3.488856315612793,0.9522014260292053,0.9522014,0.9620914965944276
7,snowc,44,XGBoost,81,1566864,4018,10.231951570779513,3.228132486343384,0.9563594460487366,0.95635945,0.9593246454152577
7,snowc,45,XGBoost,81,1566864,4018,10.72496915514941,3.51802134513855,0.951809287071228,0.9518093,0.9556891750399024
7,snowc,46,XGBoost,81,1566864,4018,11.285467569368906,3.7589845657348633,0.9464552998542786,0.9464553,0.9509711733782318
7,snowc,47,XGBoost,81,1566864,4018,12.464752550786708,4.410901069641113,0.9324052929878235,0.9324053,0.9528939450780225
7,snowc,48,XGBoost,81,1566864,4018,12.999568051718104,4.670039176940918,0.9256554245948792,0.9256554,0.9492865040183485
7,snowc,49,XGBoost,81,1566864,4018,13.327351627071357,5.044467449188232,0.9202615022659302,0.9202615,0.9448194841608242
7,snowc,50,XGBoost,81,1566864,4018,13.507262925307941,5.289252758026123,0.9170091152191162,0.9170091,0.9409581496711037
7,snowc,51,XGBoost,81,1566864,4018,12.068271343393528,4.271453380584717,0.9376534819602966,0.9376535,0.9522383433555285
7,snowc,52,XGBoost,81,1566864,4018,12.141965342879846,4.318747043609619,0.9359463453292847,0.93594635,0.9543421083448209
7,snowc,53,XGBoost,81,1566864,4018,12.550010431900857,4.522317409515381,0.9313302040100098,0.9313302,0.9523447847399511
7,snowc,54,XGBoost,81,1566864,4018,12.870055202789597,4.628690242767334,0.9284031391143799,0.92840314,0.9484192429628938
7,snowc,55,XGBoost,81,1566864,4018,12.024941908602862,4.196491241455078,0.9383456110954285,0.9383456,0.9510188863682232
7,snowc,56,XGBoost,81,1566864,4018,11.082184428466391,3.824434757232666,0.947645902633667,0.9476459,0.9560337948489533
7,snowc,57,XGBoost,81,1566864,4018,11.248435017558588,3.948145866394043,0.9458175897598267,0.9458176,0.9549004346176453
7,snowc,58,XGBoost,81,1566864,4018,12.057333358571727,4.395512104034424,0.9360352158546448,0.9360352,0.956079156532495
7,snowc,59,XGBoost,81,1566864,4018,12.81317226227961,4.8142828941345215,0.9262532591819763,0.92625326,0.9506392138231778
7,snowc,60,XGBoost,81,1566864,4018,13.911874520910073,5.319580554962158,0.9132404327392578,0.91324043,0.9393465319029
7,snowc,61,XGBoost,81,1566864,4018,14.26353908969584,5.76853084564209,0.9060882329940796,0.90608823,0.9344428825546289
7,snowc,62,XGBoost,81,1566864,4018,14.216558467785681,6.00377893447876,0.9062991142272949,0.9062991,0.9267278127633946
7,snowc,63,XGBoost,81,1566864,4018,11.323800359854626,4.0713982582092285,0.9450870752334595,0.9450871,0.9526604636307918
7,snowc,64,XGBoost,81,1566864,4018,10.912273153807174,3.847233533859253,0.9485700130462646,0.94857,0.9556460808570154
7,snowc,65,XGBoost,81,1566864,4018,10.980467707777432,3.905362844467163,0.9478226900100708,0.9478227,0.9551451885545004
7,snowc,66,XGBoost,81,1566864,4018,11.15395196920132,4.053496360778809,0.9454957246780396,0.9454957,0.956944000941167
7,snowc,67,XGBoost,81,1566864,4018,12.391559656977078,4.56911039352417,0.9336984157562256,0.9336984,0.9462722185498715
7,snowc,68,XGBoost,81,1566864,4018,13.276685221974589,5.070430278778076,0.9221670627593994,0.92216706,0.9451707710437451
7,snowc,69,XGBoost,81,1566864,4018,13.50512654487784,5.2318196296691895,0.9177619218826294,0.9177619,0.946037902140223
7,snowc,70,XGBoost,81,1566864,4018,13.744971448217152,5.3574042320251465,0.9140743613243103,0.91407436,0.9421810662531285
7,snowc,71,XGBoost,81,1566864,4018,14.06247992620095,5.595281600952148,0.9101400971412659,0.9101401,0.9372960604147381
7,snowc,72,XGBoost,81,1566864,4018,13.773909432499094,5.2789716720581055,0.9150656461715698,0.91506565,0.937734596211963
7,snowc,73,XGBoost,81,1566864,4018,13.827884995268901,5.512404918670654,0.913407564163208,0.91340756,0.9324917637883724
7,snowc,74,XGBoost,81,1566864,4018,14.434107526376815,6.365762710571289,0.8964877128601074,0.8964877,0.9269731237238303
7,snowc,75,XGBoost,81,1566864,4018,14.693480747081127,6.069290637969971,0.8995725512504578,0.89957255,0.9324659202118782
7,snowc,76,XGBoost,81,1566864,4018,15.215046332091642,6.378467559814453,0.8915512561798096,0.89155126,0.9255755676841507
7,snowc,77,XGBoost,81,1566864,4018,14.598310064465723,5.870157241821289,0.9019386768341064,0.9019387,0.9304817449872889
7,snowc,78,XGBoost,81,1566864,4018,14.240082083476226,5.681712627410889,0.9081323742866516,0.9081324,0.9297486825331489
7,snowc,79,XGBoost,81,1566864,4018,14.273013621750653,6.192649841308594,0.9025481343269348,0.90254813,0.9296270816574816
7,snowc,80,XGBoost,81,1566864,4018,15.217299625286419,6.5120463371276855,0.8898941278457642,0.8898941,0.9225625726440938
7,snowc,81,XGBoost,81,1566864,4018,15.389367314570585,6.707695484161377,0.8857070803642273,0.8857071,0.9196625595667902
7,sd,0,XGBoost,81,1566864,4018,0.01374360409906825,0.006729021202772856,0.5571033954620361,0.5571034,0.10714288117695525
7,sd,1,XGBoost,81,1566864,4018,0.01894348933969515,0.008946163579821587,0.9090824127197266,0.9090824,0.8362542074049438
7,sd,2,XGBoost,81,1566864,4018,0.019368766901558015,0.009254115633666515,0.8841784596443176,0.88417846,0.8233337808140146
7,sd,3,XGBoost,81,1566864,4018,0.018569922780231275,0.0090091023594141,0.9105682969093323,0.9105683,0.8463833249087004
7,sd,4,XGBoost,81,1566864,4018,0.018867427889060574,0.009308290667831898,0.947186291217804,0.9471863,0.8898881301723351
7,sd,5,XGBoost,81,1566864,4018,0.021867103833232357,0.010789782740175724,0.9515308737754822,0.9515309,0.9072180711650327
7,sd,6,XGBoost,81,1566864,4018,0.0232694431983341,0.011396913789212704,0.9687626361846924,0.96876264,0.9710095738324044
7,sd,7,XGBoost,81,1566864,4018,0.022857388442509764,0.011234398931264877,0.9706263542175293,0.97062635,0.9691735329823927
7,sd,8,XGBoost,81,1566864,4018,0.022675111181214354,0.01145523227751255,0.9728355407714844,0.97283554,0.9540037285313463
7,sd,9,XGBoost,81,1566864,4018,0.022397076223182568,0.011644345708191395,0.9780996441841125,0.97809964,0.9589505744935697
7,sd,10,XGBoost,81,1566864,4018,0.021668830345980394,0.011536282487213612,0.9803130626678467,0.98031306,0.9599059499915014
7,sd,11,XGBoost,81,1566864,4018,0.022390215387643946,0.011537343263626099,0.9708486199378967,0.9708486,0.9622065922297292
7,sd,12,XGBoost,81,1566864,4018,0.02186952734294659,0.011167439632117748,0.9708000421524048,0.97080004,0.9655032936731818
7,sd,13,XGBoost,81,1566864,4018,0.021336570634539434,0.01065992470830679,0.9733104705810547,0.9733105,0.9841305820055491
7,sd,14,XGBoost,81,1566864,4018,0.022077477951390104,0.011320432648062706,0.9748340845108032,0.9748341,0.9772430660983558
7,sd,15,XGBoost,81,1566864,4018,0.022543192896970474,0.011718054302036762,0.9777090549468994,0.97770905,0.9697379323083056
7,sd,16,XGBoost,81,1566864,4018,0.0225712062310319,0.011783559806644917,0.9731825590133667,0.97318256,0.9668459697191458
7,sd,17,XGBoost,81,1566864,4018,0.022253264637480046,0.011175189167261124,0.9726843237876892,0.9726843,0.9714799706705426
7,sd,18,XGBoost,81,1566864,4018,0.022640811555928377,0.011469533666968346,0.9741923809051514,0.9741924,0.9653110899894496
7,sd,19,XGBoost,81,1566864,4018,0.023427717829798224,0.012093336321413517,0.9770146012306213,0.9770146,0.9669007048610944
7,sd,20,XGBoost,81,1566864,4018,0.024178475735132553,0.01245158538222313,0.9786314964294434,0.9786315,0.9687901834081903
7,sd,21,XGBoost,81,1566864,4018,0.023174666099412045,0.011717424727976322,0.9779829978942871,0.977983,0.9781121392400264
7,sd,22,XGBoost,81,1566864,4018,0.021932516256261775,0.010936700738966465,0.979102373123169,0.9791024,0.9827510896985238
7,sd,23,XGBoost,81,1566864,4018,0.02120847835630051,0.010779987089335918,0.9790720343589783,0.97907203,0.9804400501495233
7,sd,24,XGBoost,81,1566864,4018,0.01967435430906938,0.01024671085178852,0.9762030243873596,0.976203,0.9514332943256206
7,sd,25,XGBoost,81,1566864,4018,0.017561242155257555,0.008955194614827633,0.967596709728241,0.9675967,0.9182628329584714
7,sd,26,XGBoost,81,1566864,4018,0.022525011803489498,0.0119373993948102,0.984653115272522,0.9846531,0.9901289726899726
7,sd,27,XGBoost,81,1566864,4018,0.022342914725326735,0.011635487899184227,0.9825685620307922,0.98256856,0.9869602671195072
7,sd,28,XGBoost,81,1566864,4018,0.021922497985097687,0.01135994028300047,0.9825025796890259,0.9825026,0.9866269416505474
7,sd,29,XGBoost,81,1566864,4018,0.02231739137532776,0.011973372660577297,0.9844261407852173,0.98442614,0.9841777357078869
7,sd,30,XGBoost,81,1566864,4018,0.02279580100718145,0.012653680518269539,0.986513614654541,0.9865136,0.9912819063386407
7,sd,31,XGBoost,81,1566864,4018,0.022462242285520965,0.012094886042177677,0.986015796661377,0.9860158,0.9895461207781466
7,sd,32,XGBoost,81,1566864,4018,0.022389344473929464,0.012042712420225143,0.9818848967552185,0.9818849,0.9845190047076021
7,sd,33,XGBoost,81,1566864,4018,0.021936429810410156,0.011796078644692898,0.9819725751876831,0.9819726,0.9770420646363801
7,sd,34,XGBoost,81,1566864,4018,0.021950643824932812,0.011877594515681267,0.9840819239616394,0.9840819,0.9753028859789696
7,sd,35,XGBoost,81,1566864,4018,0.022281505334134793,0.012073078192770481,0.9821902513504028,0.98219025,0.9673377667817009
7,sd,36,XGBoost,81,1566864,4018,0.021285187626719472,0.011316011659801006,0.9797532558441162,0.97975326,0.9643106180095393
7,sd,37,XGBoost,81,1566864,4018,0.019775147053902195,0.010440974496304989,0.9781790375709534,0.97817904,0.9622100491895941
7,sd,38,XGBoost,81,1566864,4018,0.01861821923946805,0.009915229864418507,0.9773098826408386,0.9773099,0.9525846711663689
7,sd,39,XGBoost,81,1566864,4018,0.024541753390858366,0.013525494374334812,0.9870681166648865,0.9870681,0.9914009761727283
7,sd,40,XGBoost,81,1566864,4018,0.023144728724124125,0.012594275176525116,0.9868168234825134,0.9868168,0.9910892197474237
7,sd,41,XGBoost,81,1566864,4018,0.023740643313772285,0.013033789582550526,0.9841078519821167,0.98410785,0.9789624975048767
7,sd,42,XGBoost,81,1566864,4018,0.02304503799245629,0.01269637793302536,0.9863327741622925,0.9863328,0.988120861513264
7,sd,43,XGBoost,81,1566864,4018,0.02339791516443816,0.01278623566031456,0.9875369668006897,0.98753697,0.9855943841716394
7,sd,44,XGBoost,81,1566864,4018,0.023830313367099128,0.012979038059711456,0.9873701333999634,0.98737013,0.9765992874384848
7,sd,45,XGBoost,81,1566864,4018,0.02341706532500677,0.01259524654597044,0.9868290424346924,0.98682904,0.9734792520502935
7,sd,46,XGBoost,81,1566864,4018,0.021695526534909408,0.012048190459609032,0.9868374466896057,0.98683745,0.9904544054025449
7,sd,47,XGBoost,81,1566864,4018,0.021217634246418076,0.01169190090149641,0.984237551689148,0.98423755,0.9791238874351936
7,sd,48,XGBoost,81,1566864,4018,0.020366285370146762,0.011059381067752838,0.982694685459137,0.9826947,0.9754020750168464
7,sd,49,XGBoost,81,1566864,4018,0.018918734857466424,0.010446902364492416,0.9801966547966003,0.98019665,0.9588644702552868
7,sd,50,XGBoost,81,1566864,4018,0.016952531816283287,0.009398897178471088,0.9787163734436035,0.9787164,0.9435107332893973
7,sd,51,XGBoost,81,1566864,4018,0.022398425009341128,0.012640068307518959,0.9874648451805115,0.98746485,0.9878630666496812
7,sd,52,XGBoost,81,1566864,4018,0.022193186129560456,0.012407265603542328,0.9866625070571899,0.9866625,0.989293645899246
7,sd,53,XGBoost,81,1566864,4018,0.021527478750387373,0.01207699254155159,0.9863752126693726,0.9863752,0.9872459770219281
7,sd,54,XGBoost,81,1566864,4018,0.021313196002341495,0.011907572858035564,0.9857230186462402,0.985723,0.9832394238115068
7,sd,55,XGBoost,81,1566864,4018,0.021008933931659007,0.011470490135252476,0.9865015745162964,0.9865016,0.9864811777287618
7,sd,56,XGBoost,81,1566864,4018,0.02096855705980992,0.01141965389251709,0.9862933158874512,0.9862933,0.9848111923268202
7,sd,57,XGBoost,81,1566864,4018,0.019884048663076016,0.011000842787325382,0.9864556193351746,0.9864556,0.989047558057578
7,sd,58,XGBoost,81,1566864,4018,0.019294300579677848,0.0107569620013237,0.9848397374153137,0.98483974,0.9865537775291023
7,sd,59,XGBoost,81,1566864,4018,0.018454087618067414,0.01019128505140543,0.9821438789367676,0.9821439,0.9734761832493126
7,sd,60,XGBoost,81,1566864,4018,0.017943717173852677,0.009922309778630733,0.9791597127914429,0.9791597,0.9538586717424078
7,sd,61,XGBoost,81,1566864,4018,0.016321207995816267,0.00906003825366497,0.976922869682312,0.97692287,0.9355709071783991
7,sd,62,XGBoost,81,1566864,4018,0.014645202597418689,0.008225767873227596,0.9770124554634094,0.97701246,0.928794637039359
7,sd,63,XGBoost,81,1566864,4018,0.020975126703723836,0.012018728069961071,0.9878294467926025,0.98782945,0.9923802722976689
7,sd,64,XGBoost,81,1566864,4018,0.020893980407701417,0.011899802833795547,0.9876885414123535,0.98768854,0.991873063551133
7,sd,65,XGBoost,81,1566864,4018,0.020532982854261278,0.011705653741955757,0.9877104163169861,0.9877104,0.9854590105238378
7,sd,66,XGBoost,81,1566864,4018,0.020235197473300794,0.011494317092001438,0.9869300723075867,0.9869301,0.9812417915893386
7,sd,67,XGBoost,81,1566864,4018,0.018583503576354507,0.010574308224022388,0.9862580299377441,0.98625803,0.9865351321419741
7,sd,68,XGBoost,81,1566864,4018,0.01740954027274845,0.009878413751721382,0.9843167066574097,0.9843167,0.9747214015854596
7,sd,69,XGBoost,81,1566864,4018,0.016813853638614824,0.009557461366057396,0.9822515845298767,0.9822516,0.969339352521474
7,sd,70,XGBoost,81,1566864,4018,0.016081781918348994,0.009168638847768307,0.9802552461624146,0.98025525,0.9554884007311861
7,sd,71,XGBoost,81,1566864,4018,0.015563086410117109,0.008820314891636372,0.9782710075378418,0.978271,0.9452703630964566
7,sd,72,XGBoost,81,1566864,4018,0.015123347945001862,0.008436345495283604,0.9791527986526489,0.9791528,0.9547624679136884
7,sd,73,XGBoost,81,1566864,4018,0.013472706089206863,0.007742216344922781,0.9797186255455017,0.9797186,0.9467867513124962
7,sd,74,XGBoost,81,1566864,4018,0.013076727698979149,0.007131548132747412,0.9671299457550049,0.96712995,0.911897782842528
7,sd,75,XGBoost,81,1566864,4018,0.014211809661515582,0.008132463321089745,0.9775223135948181,0.9775223,0.9556183885311652
7,sd,76,XGBoost,81,1566864,4018,0.014210989468962104,0.007985798642039299,0.9708460569381714,0.97084606,0.9300906410373307
7,sd,77,XGBoost,81,1566864,4018,0.014323884983637016,0.007845478132367134,0.9715206623077393,0.97152066,0.9511475952327726
7,sd,78,XGBoost,81,1566864,4018,0.013608470419702591,0.007623171899467707,0.9733973741531372,0.9733974,0.9496618443491202
7,sd,79,XGBoost,81,1566864,4018,0.012605021069572297,0.007045011967420578,0.9674396514892578,0.96743965,0.9430908557592594
7,sd,80,XGBoost,81,1566864,4018,0.01412002450606667,0.007492183707654476,0.9610884189605713,0.9610884,0.9408777269006044
7,sd,81,XGBoost,81,1566864,4018,0.013617396913512853,0.007244540378451347,0.9561687707901001,0.9561688,0.9295353990553702
7,smlt_mm,0,XGBoost,81,1566864,4018,1.277161051432227,0.5636517405509949,0.16224133968353271,0.16224134,0.19187956024224406
7,smlt_mm,1,XGBoost,81,1566864,4018,1.5745994542953725,0.6383436322212219,0.556459367275238,0.55645937,0.4697088187094429
7,smlt_mm,2,XGBoost,81,1566864,4018,1.4266415861337616,0.6152132153511047,0.5717639923095703,0.571764,0.5228834868671075
7,smlt_mm,3,XGBoost,81,1566864,4018,1.3756054498928916,0.6064168810844421,0.6184870004653931,0.618487,0.5703040141605518
7,smlt_mm,4,XGBoost,81,1566864,4018,1.4892121855203164,0.6581648588180542,0.6510826349258423,0.65108263,0.6720770776496365
7,smlt_mm,5,XGBoost,81,1566864,4018,1.7412642012412045,0.7169614434242249,0.6682817935943604,0.6682818,0.598747960542907
7,smlt_mm,6,XGBoost,81,1566864,4018,1.9789255965801056,0.8036677837371826,0.7205227613449097,0.72052276,0.6209570290285666
7,smlt_mm,7,XGBoost,81,1566864,4018,1.9215910166759922,0.7928742170333862,0.7431192994117737,0.7431193,0.6336105277560113
7,smlt_mm,8,XGBoost,81,1566864,4018,1.9489857872708474,0.7895325422286987,0.7528402209281921,0.7528402,0.6143234119318738
7,smlt_mm,9,XGBoost,81,1566864,4018,1.8789235072622243,0.7635435461997986,0.7765550017356873,0.776555,0.7017847251245883
7,smlt_mm,10,XGBoost,81,1566864,4018,1.8626519186031776,0.7309012413024902,0.7899916172027588,0.7899916,0.7481416376880347
7,smlt_mm,11,XGBoost,81,1566864,4018,1.9697464737195471,0.7821748852729797,0.7240422964096069,0.7240423,0.6291022987064354
7,smlt_mm,12,XGBoost,81,1566864,4018,2.027649137983176,0.7970144152641296,0.7141685485839844,0.71416855,0.6122684648687318
7,smlt_mm,13,XGBoost,81,1566864,4018,2.042593168377263,0.7897940278053284,0.7172430753707886,0.7172431,0.6139329876490125
7,smlt_mm,14,XGBoost,81,1566864,4018,2.0940544704140422,0.8011139035224915,0.7116069793701172,0.711607,0.6087524130979791
7,smlt_mm,15,XGBoost,81,1566864,4018,2.134908352030556,0.8071752190589905,0.7342965602874756,0.73429656,0.6184195726843056
7,smlt_mm,16,XGBoost,81,1566864,4018,1.950908532380513,0.7880814671516418,0.7276536226272583,0.7276536,0.6539027865906242
7,smlt_mm,17,XGBoost,81,1566864,4018,2.108317470365212,0.8305186033248901,0.716609001159668,0.716609,0.5951124809563559
7,smlt_mm,18,XGBoost,81,1566864,4018,1.9884060743679224,0.7812622785568237,0.7441167831420898,0.7441168,0.6328333919635515
7,smlt_mm,19,XGBoost,81,1566864,4018,2.028984449640042,0.7926082015037537,0.7552791833877563,0.7552792,0.6394804593865311
7,smlt_mm,20,XGBoost,81,1566864,4018,2.1935013328532547,0.8492619395256042,0.7559263706207275,0.7559264,0.6264626390474359
7,smlt_mm,21,XGBoost,81,1566864,4018,2.216399223523571,0.8703234195709229,0.7460122108459473,0.7460122,0.6048188590274175
7,smlt_mm,22,XGBoost,81,1566864,4018,2.2077603106529553,0.8681990504264832,0.754427969455719,0.75442797,0.6122856499574527
7,smlt_mm,23,XGBoost,81,1566864,4018,2.1794366726410037,0.8487734198570251,0.7494138479232788,0.74941385,0.6214522488421974
7,smlt_mm,24,XGBoost,81,1566864,4018,1.841725482548096,0.7326105833053589,0.7597938179969788,0.7597938,0.6641439065000311
7,smlt_mm,25,XGBoost,81,1566864,4018,1.6584712554216352,0.6526032090187073,0.6948772668838501,0.69487727,0.6903786137486452
7,smlt_mm,26,XGBoost,81,1566864,4018,1.9905055706422459,0.7931108474731445,0.8044076561927795,0.80440766,0.7363213661679429
7,smlt_mm,27,XGBoost,81,1566864,4018,1.953315725550965,0.7909296154975891,0.7966818809509277,0.7966819,0.7292483113640603
7,smlt_mm,28,XGBoost,81,1566864,4018,2.0015530516783366,0.7973496913909912,0.7950742840766907,0.7950743,0.6963887990846354
7,smlt_mm,29,XGBoost,81,1566864,4018,1.9227550941551577,0.7712958455085754,0.8205516934394836,0.8205517,0.7424104180647428
7,smlt_mm,30,XGBoost,81,1566864,4018,2.001864875150927,0.8138757348060608,0.7715672254562378,0.7715672,0.8691422909392889
7,smlt_mm,31,XGBoost,81,1566864,4018,1.7849647870049925,0.7288114428520203,0.8342300057411194,0.83423,0.8666132527636987
7,smlt_mm,32,XGBoost,81,1566864,4018,1.7890456419571126,0.7410838007926941,0.803571879863739,0.8035719,0.8048018602240687
7,smlt_mm,33,XGBoost,81,1566864,4018,1.7817011479370783,0.7279531955718994,0.8045923709869385,0.8045924,0.78425573967969
7,smlt_mm,34,XGBoost,81,1566864,4018,1.899416070853694,0.7381685972213745,0.8129957914352417,0.8129958,0.7626491073567847
7,smlt_mm,35,XGBoost,81,1566864,4018,1.886795200354897,0.7522327303886414,0.8054170608520508,0.80541706,0.7631393176300714
7,smlt_mm,36,XGBoost,81,1566864,4018,1.8516495438730287,0.7470731735229492,0.7899619936943054,0.789962,0.7211255104574386
7,smlt_mm,37,XGBoost,81,1566864,4018,1.9986400152677002,0.7898388504981995,0.7537903189659119,0.7537903,0.646660689159211
7,smlt_mm,38,XGBoost,81,1566864,4018,1.8211350444888768,0.7142760157585144,0.7583820223808289,0.758382,0.6851687956242667
7,smlt_mm,39,XGBoost,81,1566864,4018,1.9090894594847554,0.8031970858573914,0.8370680212974548,0.837068,0.8947644925538144
7,smlt_mm,40,XGBoost,81,1566864,4018,2.0300931717485837,0.8518268465995789,0.8323023915290833,0.8323024,0.7712737954902202
7,smlt_mm,41,XGBoost,81,1566864,4018,1.9573432232081118,0.8318126201629639,0.8275768160820007,0.8275768,0.7636820289960293
7,smlt_mm,42,XGBoost,81,1566864,4018,1.8619406173734763,0.7850592732429504,0.8382517099380493,0.8382517,0.8415425147273307
7,smlt_mm,43,XGBoost,81,1566864,4018,1.8334347812443224,0.7339695692062378,0.8551517724990845,0.8551518,0.875192215819862
7,smlt_mm,44,XGBoost,81,1566864,4018,1.9881504817745919,0.7832056879997253,0.8441047072410583,0.8441047,0.8448472092583714
7,smlt_mm,45,XGBoost,81,1566864,4018,2.071297350142543,0.8063914775848389,0.8326435089111328,0.8326435,0.8020337264040063
7,smlt_mm,46,XGBoost,81,1566864,4018,1.925400825979615,0.7710733413696289,0.8305572271347046,0.8305572,0.8241947762769923
7,smlt_mm,47,XGBoost,81,1566864,4018,1.9017058444633246,0.761243462562561,0.8115879893302917,0.811588,0.7755430600917418
7,smlt_mm,48,XGBoost,81,1566864,4018,1.9227927273050323,0.7614240646362305,0.7944889068603516,0.7944889,0.7340993937035716
7,smlt_mm,49,XGBoost,81,1566864,4018,1.790892285808129,0.7227510809898376,0.7888059616088867,0.78880596,0.7305678427581986
7,smlt_mm,50,XGBoost,81,1566864,4018,1.631983861605005,0.6683273911476135,0.7695749998092651,0.769575,0.7799987055404722
7,smlt_mm,51,XGBoost,81,1566864,4018,1.8721160962670615,0.788352370262146,0.8322086334228516,0.83220863,0.8933566219355541
7,smlt_mm,52,XGBoost,81,1566864,4018,1.8161937958539862,0.7800921201705933,0.8312121629714966,0.83121216,0.8993449671133645
7,smlt_mm,53,XGBoost,81,1566864,4018,1.8033750972154168,0.7833055853843689,0.8294183611869812,0.82941836,0.8873417759213227
7,smlt_mm,54,XGBoost,81,1566864,4018,1.8087951020771307,0.7753487229347229,0.8306213617324829,0.83062136,0.864078600147514
7,smlt_mm,55,XGBoost,81,1566864,4018,1.8358849700555198,0.7550400495529175,0.8367393612861633,0.83673936,0.8434902591876117
7,smlt_mm,56,XGBoost,81,1566864,4018,1.826051759084465,0.7293425798416138,0.837770938873291,0.83777094,0.8493170491199755
7,smlt_mm,57,XGBoost,81,1566864,4018,1.754853941988276,0.7099165320396423,0.831284761428833,0.83128476,0.8719397133571803
7,smlt_mm,58,XGBoost,81,1566864,4018,1.7808887048353161,0.723821222782135,0.8043872117996216,0.8043872,0.8509626840147296
7,smlt_mm,59,XGBoost,81,1566864,4018,1.7077693085649024,0.6955671310424805,0.804430365562439,0.80443037,0.7947440637832102
7,smlt_mm,60,XGBoost,81,1566864,4018,1.7446031459099087,0.7056706547737122,0.780939519405365,0.7809395,0.7506448624990373
7,smlt_mm,61,XGBoost,81,1566864,4018,1.5852236339071155,0.6564115285873413,0.7641408443450928,0.76414084,0.7714551791101262
7,smlt_mm,62,XGBoost,81,1566864,4018,1.475997413002373,0.6029582023620605,0.7500216364860535,0.75002164,0.816724637318368
7,smlt_mm,63,XGBoost,81,1566864,4018,1.982965464361942,0.8189267516136169,0.7960349917411804,0.796035,0.7985382919412076
7,smlt_mm,64,XGBoost,81,1566864,4018,2.019829084322906,0.8299208283424377,0.7706805467605591,0.77068055,0.7316236852405935
7,smlt_mm,65,XGBoost,81,1566864,4018,2.072976295214207,0.8517225384712219,0.7485815286636353,0.7485815,0.6787728363972619
7,smlt_mm,66,XGBoost,81,1566864,4018,2.0269938554713005,0.8428211212158203,0.7408379316329956,0.74083793,0.6796928337617887
7,smlt_mm,67,XGBoost,81,1566864,4018,1.7822714436771812,0.7343840003013611,0.7992379665374756,0.79923797,0.8440433805187232
7,smlt_mm,68,XGBoost,81,1566864,4018,1.6589437926636958,0.6794366240501404,0.80671226978302,0.80671227,0.8690518621595231
7,smlt_mm,69,XGBoost,81,1566864,4018,1.6248695614621986,0.671559751033783,0.7859066724777222,0.7859067,0.8628317187431496
7,smlt_mm,70,XGBoost,81,1566864,4018,1.5840110165087686,0.6541398763656616,0.7779878377914429,0.77798784,0.8365176538758003
7,smlt_mm,71,XGBoost,81,1566864,4018,1.5866190380806988,0.6532459259033203,0.765835702419281,0.7658357,0.801100816108123
7,smlt_mm,72,XGBoost,81,1566864,4018,1.6228271776369698,0.6352059245109558,0.7540268898010254,0.7540269,0.7915713085423189
7,smlt_mm,73,XGBoost,81,1566864,4018,1.4506324802716966,0.5795527696609497,0.7359139323234558,0.73591393,0.8066767699086026
7,smlt_mm,74,XGBoost,81,1566864,4018,1.3302871159001655,0.5351963043212891,0.6694775223731995,0.6694775,0.8022396675601312
7,smlt_mm,75,XGBoost,81,1566864,4018,1.4883155318189143,0.6195816993713379,0.7402178049087524,0.7402178,0.8463565889463476
7,smlt_mm,76,XGBoost,81,1566864,4018,1.5545942575682128,0.6375916004180908,0.71251380443573,0.7125138,0.7797542483388323
7,smlt_mm,77,XGBoost,81,1566864,4018,1.5646275340955205,0.6109418272972107,0.7203510999679565,0.7203511,0.7731492577696337
7,smlt_mm,78,XGBoost,81,1566864,4018,1.4862641209219485,0.5794757604598999,0.6960738897323608,0.6960739,0.7566315206129737
7,smlt_mm,79,XGBoost,81,1566864,4018,1.3049946954407436,0.52669757604599,0.6508468389511108,0.65084684,0.7018421654238831
7,smlt_mm,80,XGBoost,81,1566864,4018,1.5226522916347984,0.5912166237831116,0.6930861473083496,0.69308615,0.7508463075192663
7,smlt_mm,81,XGBoost,81,1566864,4018,1.4491796771023562,0.564605176448822,0.6651319265365601,0.6651319,0.743387351571087
15,snowc,0,XGBoost,81,1566216,4018,25.748459260640722,14.171956062316895,0.10457688570022583,0.104576886,-0.04337048479807226
15,snowc,1,XGBoost,81,1566216,4018,21.634659037749763,10.895421981811523,0.6820614337921143,0.68206143,0.6937557715121655
15,snowc,2,XGBoost,81,1566216,4018,20.24319532057895,10.329421043395996,0.7057750225067139,0.705775,0.7432981958133507
15,snowc,3,XGBoost,81,1566216,4018,19.153351158366597,9.712069511413574,0.7454027533531189,0.74540275,0.7904319659973675
15,snowc,4,XGBoost,81,1566216,4018,18.829316287520076,9.17632007598877,0.7844165563583374,0.78441656,0.8161139517284797
15,snowc,5,XGBoost,81,1566216,4018,19.918329954192007,9.401440620422363,0.7761039137840271,0.7761039,0.7900992881455702
15,snowc,6,XGBoost,81,1566216,4018,17.54419642289153,7.966978549957275,0.8424898386001587,0.84248984,0.861898579184163
15,snowc,7,XGBoost,81,1566216,4018,16.612427510834603,7.671992301940918,0.860085666179657,0.86008567,0.8893438468569571
15,snowc,8,XGBoost,81,1566216,4018,16.457902321624253,7.474459648132324,0.8666760921478271,0.8666761,0.8954445483159305
15,snowc,9,XGBoost,81,1566216,4018,15.145777027527446,6.474761962890625,0.8934032917022705,0.8934033,0.9141810752220082
15,snowc,10,XGBoost,81,1566216,4018,13.830834281731198,5.853031635284424,0.9150470495223999,0.91504705,0.925188173750165
15,snowc,11,XGBoost,81,1566216,4018,18.446468951993904,8.317512512207031,0.8298739194869995,0.8298739,0.8501408237942354
15,snowc,12,XGBoost,81,1566216,4018,18.069710424200302,8.322848320007324,0.8371782898902893,0.8371783,0.8709858280454232
15,snowc,13,XGBoost,81,1566216,4018,17.541644436904463,8.046048164367676,0.8478370904922485,0.8478371,0.8780002844036919
15,snowc,14,XGBoost,81,1566216,4018,18.20386180778125,7.908334255218506,0.8384823799133301,0.8384824,0.8500403909890883
15,snowc,15,XGBoost,81,1566216,4018,17.875758868561444,7.592900276184082,0.8495171070098877,0.8495171,0.852967844617428
15,snowc,16,XGBoost,81,1566216,4018,17.45932511431257,7.815337181091309,0.8481228947639465,0.8481229,0.8781528734433572
15,snowc,17,XGBoost,81,1566216,4018,17.667828407716982,8.082549095153809,0.8458455801010132,0.8458456,0.8851623276864569
15,snowc,18,XGBoost,81,1566216,4018,16.99288701864741,7.594786167144775,0.8584550619125366,0.85845506,0.8879174418811819
15,snowc,19,XGBoost,81,1566216,4018,16.703913356921692,7.126597881317139,0.8678197860717773,0.8678198,0.8754139130930357
15,snowc,20,XGBoost,81,1566216,4018,16.407415323197334,6.823809623718262,0.8772799968719482,0.87728,0.8832504011548787
15,snowc,21,XGBoost,81,1566216,4018,15.632891073796788,6.676718711853027,0.8875579833984375,0.887558,0.9095274343635551
15,snowc,22,XGBoost,81,1566216,4018,15.217593421304592,6.616393089294434,0.8949396014213562,0.8949396,0.9160180363809525
15,snowc,23,XGBoost,81,1566216,4018,14.713550078353054,6.242955684661865,0.9024728536605835,0.90247285,0.9219449151290984
15,snowc,24,XGBoost,81,1566216,4018,14.851065220501651,6.504446029663086,0.8955949544906616,0.89559495,0.9139773891338406
15,snowc,25,XGBoost,81,1566216,4018,16.67858511433196,7.637576103210449,0.857670783996582,0.8576708,0.878410939367263
15,snowc,26,XGBoost,81,1566216,4018,14.67224627625285,5.9649577140808105,0.903355062007904,0.90335506,0.9224408173522295
15,snowc,27,XGBoost,81,1566216,4018,14.750068793702127,6.1514105796813965,0.900577962398529,0.90057796,0.9287322968026457
15,snowc,28,XGBoost,81,1566216,4018,15.09731514410913,6.349796772003174,0.8971180319786072,0.89711803,0.9219633620128517
15,snowc,29,XGBoost,81,1566216,4018,14.661146570101534,5.8803582191467285,0.9051048755645752,0.9051049,0.9202726833980949
15,snowc,30,XGBoost,81,1566216,4018,13.25557030244149,5.715998649597168,0.9210116863250732,0.9210117,0.9440463908973841
15,snowc,31,XGBoost,81,1566216,4018,12.937928713269695,5.2085652351379395,0.9260576367378235,0.92605764,0.9376764076358994
15,snowc,32,XGBoost,81,1566216,4018,14.556382101597062,6.09837532043457,0.9014365077018738,0.9014365,0.9300967272045437
15,snowc,33,XGBoost,81,1566216,4018,14.453510869004447,6.009287357330322,0.9032007455825806,0.90320075,0.9246891433345741
15,snowc,34,XGBoost,81,1566216,4018,13.878776517476975,5.669568061828613,0.9152532815933228,0.9152533,0.925276541949006
15,snowc,35,XGBoost,81,1566216,4018,13.588444097404281,5.591290473937988,0.9187504053115845,0.9187504,0.9289280070422608
15,snowc,36,XGBoost,81,1566216,4018,13.99345517446376,5.827262878417969,0.9117275476455688,0.91172755,0.931398755625321
15,snowc,37,XGBoost,81,1566216,4018,15.023790439659516,6.3674468994140625,0.8980106115341187,0.8980106,0.921728292148443
15,snowc,38,XGBoost,81,1566216,4018,15.05993174584311,6.432472229003906,0.8960711359977722,0.89607114,0.9181653659114448
15,snowc,39,XGBoost,81,1566216,4018,13.265692289471565,5.322175025939941,0.9245020151138306,0.924502,0.9413076817648139
15,snowc,40,XGBoost,81,1566216,4018,14.840947515052106,5.930161952972412,0.9057849645614624,0.90578496,0.924805002746577
15,snowc,41,XGBoost,81,1566216,4018,15.064332462768741,6.030630588531494,0.9015459418296814,0.90154594,0.9231755061646438
15,snowc,42,XGBoost,81,1566216,4018,13.392876488081267,5.354414463043213,0.922113299369812,0.9221133,0.9419192221084872
15,snowc,43,XGBoost,81,1566216,4018,11.756478978573169,4.671727657318115,0.9414404630661011,0.94144046,0.9476079927248707
15,snowc,44,XGBoost,81,1566216,4018,11.592098149254651,4.563122749328613,0.9439858794212341,0.9439859,0.9420910614208577
15,snowc,45,XGBoost,81,1566216,4018,11.896037851013016,4.685222148895264,0.940710723400116,0.9407107,0.9412711214104376
15,snowc,46,XGBoost,81,1566216,4018,11.934831410860568,4.6892876625061035,0.9401161074638367,0.9401161,0.942072550849477
15,snowc,47,XGBoost,81,1566216,4018,13.592596035790496,5.483095645904541,0.919619619846344,0.9196196,0.9395385410101607
15,snowc,48,XGBoost,81,1566216,4018,14.322253239843615,5.822388172149658,0.9097568988800049,0.9097569,0.9335638710144236
15,snowc,49,XGBoost,81,1566216,4018,14.531262075767831,6.140904903411865,0.9052046537399292,0.90520465,0.929875301747172
15,snowc,50,XGBoost,81,1566216,4018,14.740821180722302,6.426560878753662,0.9011585116386414,0.9011585,0.9247749365187323
15,snowc,51,XGBoost,81,1566216,4018,13.543119726227976,5.534320831298828,0.9214837551116943,0.92148376,0.9372175017347989
15,snowc,52,XGBoost,81,1566216,4018,13.555067988175585,5.513304710388184,0.9201694130897522,0.9201694,0.9389768758672851
15,snowc,53,XGBoost,81,1566216,4018,13.9882703417299,5.684229373931885,0.9146889448165894,0.91468894,0.9351145548598366
15,snowc,54,XGBoost,81,1566216,4018,14.537383198289376,5.871683120727539,0.9086505770683289,0.9086506,0.9293486222598131
15,snowc,55,XGBoost,81,1566216,4018,13.264311349120476,5.354290008544922,0.9249816536903381,0.92498165,0.9344385661247036
15,snowc,56,XGBoost,81,1566216,4018,11.951691984157712,4.833261013031006,0.9391081929206848,0.9391082,0.9451771676513369
15,snowc,57,XGBoost,81,1566216,4018,11.825859467642827,4.832888603210449,0.9401119947433472,0.940112,0.9460204251486068
15,snowc,58,XGBoost,81,1566216,4018,12.799533144066414,5.236322402954102,0.927918016910553,0.927918,0.947485003544445
15,snowc,59,XGBoost,81,1566216,4018,13.948259383139387,5.779220104217529,0.9126084446907043,0.91260844,0.9386082449986143
15,snowc,60,XGBoost,81,1566216,4018,15.316321071396661,6.485769271850586,0.8948389291763306,0.8948389,0.9239485081956229
15,snowc,61,XGBoost,81,1566216,4018,15.717052572831474,6.995715141296387,0.8859730362892151,0.88597304,0.917728564808515
15,snowc,62,XGBoost,81,1566216,4018,15.77010358216418,7.167216777801514,0.8847014307975769,0.88470143,0.9127858745986416
15,snowc,63,XGBoost,81,1566216,4018,12.895536469641105,5.396273612976074,0.9287854433059692,0.92878544,0.9399927316275624
15,snowc,64,XGBoost,81,1566216,4018,12.310625427373132,5.022819995880127,0.9345445036888123,0.9345445,0.9429469969923798
15,snowc,65,XGBoost,81,1566216,4018,12.385107979271037,5.05678129196167,0.9336196780204773,0.9336197,0.9419962314587205
15,snowc,66,XGBoost,81,1566216,4018,12.563274910024207,5.20091438293457,0.9308521151542664,0.9308521,0.9444639918141036
15,snowc,67,XGBoost,81,1566216,4018,13.596114871521547,5.647305965423584,0.9201818704605103,0.9201819,0.9323045966813366
15,snowc,68,XGBoost,81,1566216,4018,14.437452440059651,6.057758808135986,0.907962441444397,0.90796244,0.9315878035896482
15,snowc,69,XGBoost,81,1566216,4018,14.542918387301999,6.105440616607666,0.9046372771263123,0.9046373,0.9340718657466283
15,snowc,70,XGBoost,81,1566216,4018,14.964042289619066,6.350090503692627,0.8981565833091736,0.8981566,0.9296573827942444
15,snowc,71,XGBoost,81,1566216,4018,15.424765828981206,6.722265720367432,0.8918866515159607,0.89188665,0.9234760475607683
15,snowc,72,XGBoost,81,1566216,4018,15.361883259398589,6.603531360626221,0.8943527936935425,0.8943528,0.9221982687473431
15,snowc,73,XGBoost,81,1566216,4018,15.500026087585153,6.946818828582764,0.8911989331245422,0.89119893,0.9189860098239259
15,snowc,74,XGBoost,81,1566216,4018,17.1091012035741,7.9771857261657715,0.8545657992362976,0.8545658,0.8831470354637521
15,snowc,75,XGBoost,81,1566216,4018,15.96414219617109,6.972193717956543,0.8814520239830017,0.881452,0.9214372557226236
15,snowc,76,XGBoost,81,1566216,4018,17.142158766553713,7.80911111831665,0.8623396158218384,0.8623396,0.9066570300750643
15,snowc,77,XGBoost,81,1566216,4018,16.5822111481702,7.345066547393799,0.8734747171401978,0.8734747,0.9103111446641724
15,snowc,78,XGBoost,81,1566216,4018,16.209085925885343,7.336358070373535,0.8809704780578613,0.8809705,0.9106760517929057
15,snowc,79,XGBoost,81,1566216,4018,16.65591287182273,7.935232639312744,0.8672924041748047,0.8672924,0.8968809691355909
15,snowc,80,XGBoost,81,1566216,4018,17.612268922588097,8.199152946472168,0.8525088429450989,0.85250884,0.8987667326216329
15,snowc,81,XGBoost,81,1566216,4018,17.878102706844604,8.3928861618042,0.8457515835762024,0.8457516,0.891266854235051
15,sd,0,XGBoost,81,1566216,4018,0.02720442468804794,0.013262107037007809,-0.7353222370147705,-0.73532224,-1.0526212809307252
15,sd,1,XGBoost,81,1566216,4018,0.03211453320670951,0.01520550437271595,0.7387049198150635,0.7387049,0.6261049401057072
15,sd,2,XGBoost,81,1566216,4018,0.031396692907136224,0.014877576380968094,0.6956641674041748,0.69566417,0.6408041162911451
15,sd,3,XGBoost,81,1566216,4018,0.030416076663585624,0.014643464237451553,0.7600737810134888,0.7600738,0.7246768965092314
15,sd,4,XGBoost,81,1566216,4018,0.030703536900215583,0.015583423897624016,0.8601385951042175,0.8601386,0.81941879958601
15,sd,5,XGBoost,81,1566216,4018,0.03670347167278051,0.018136993050575256,0.8634483218193054,0.8634483,0.8360631408089573
15,sd,6,XGBoost,81,1566216,4018,0.039345303173877584,0.019728338345885277,0.9106923937797546,0.9106924,0.9103363380444087
15,sd,7,XGBoost,81,1566216,4018,0.03798103097848497,0.01912052370607853,0.9188967943191528,0.9188968,0.9313170748776997
15,sd,8,XGBoost,81,1566216,4018,0.03711990941000983,0.019035665318369865,0.9272024631500244,0.92720246,0.9221936458862687
15,sd,9,XGBoost,81,1566216,4018,0.03685165938485345,0.019049912691116333,0.9407098293304443,0.9407098,0.9290978542665543
15,sd,10,XGBoost,81,1566216,4018,0.03497098912758883,0.01871497929096222,0.9487228989601135,0.9487229,0.9323424994932101
15,sd,11,XGBoost,81,1566216,4018,0.03757434593002285,0.019222484901547432,0.9179033041000366,0.9179033,0.9058086968084863
15,sd,12,XGBoost,81,1566216,4018,0.03632486697938563,0.01858665980398655,0.9194414615631104,0.91944146,0.9220117008309219
15,sd,13,XGBoost,81,1566216,4018,0.03640281794603804,0.018659595400094986,0.9223106503486633,0.92231065,0.9238683133911489
15,sd,14,XGBoost,81,1566216,4018,0.040181515689622804,0.020371410995721817,0.9166383147239685,0.9166383,0.8812769756130577
15,sd,15,XGBoost,81,1566216,4018,0.04191750855558066,0.021299829706549644,0.9229294657707214,0.92292947,0.8870112394969109
15,sd,16,XGBoost,81,1566216,4018,0.03778433590253511,0.01948026940226555,0.9248495697975159,0.92484957,0.9192659117184987
15,sd,17,XGBoost,81,1566216,4018,0.03672395406784628,0.018827974796295166,0.9256085157394409,0.9256085,0.9359026942611569
15,sd,18,XGBoost,81,1566216,4018,0.037608655955379024,0.019544674083590508,0.9287902116775513,0.9287902,0.9299555023919233
15,sd,19,XGBoost,81,1566216,4018,0.040956963301217064,0.021149078384041786,0.9297497272491455,0.9297497,0.9052021596609042
15,sd,20,XGBoost,81,1566216,4018,0.04326514140124361,0.022251499816775322,0.931578516960144,0.9315785,0.9089621017020733
15,sd,21,XGBoost,81,1566216,4018,0.03983810194271504,0.020536823198199272,0.9349377751350403,0.9349378,0.9321079717490249
15,sd,22,XGBoost,81,1566216,4018,0.037414227183997735,0.01951964944601059,0.9391873478889465,0.93918735,0.9430928186524924
15,sd,23,XGBoost,81,1566216,4018,0.03660456920373766,0.018901590257883072,0.9376583695411682,0.93765837,0.9289202121234266
15,sd,24,XGBoost,81,1566216,4018,0.033781833853934136,0.017541630193591118,0.9298403263092041,0.9298403,0.8998061102736752
15,sd,25,XGBoost,81,1566216,4018,0.029492780224736483,0.015204829163849354,0.9086076617240906,0.90860766,0.8508281467343707
15,sd,26,XGBoost,81,1566216,4018,0.03737548263233802,0.020152436569333076,0.9577464461326599,0.95774645,0.959200195849014
15,sd,27,XGBoost,81,1566216,4018,0.03656444141183375,0.019451146945357323,0.9533156156539917,0.9533156,0.9635203420142396
15,sd,28,XGBoost,81,1566216,4018,0.03670483392682837,0.019527457654476166,0.9509499073028564,0.9509499,0.9596639944951738
15,sd,29,XGBoost,81,1566216,4018,0.03676729740425739,0.019908571615815163,0.9577299356460571,0.95772994,0.9552107394478131
15,sd,30,XGBoost,81,1566216,4018,0.03513048472930825,0.019777923822402954,0.9679701924324036,0.9679702,0.9836428147004198
15,sd,31,XGBoost,81,1566216,4018,0.035285074584006614,0.01929388754069805,0.9654924273490906,0.9654924,0.9801091710044854
15,sd,32,XGBoost,81,1566216,4018,0.03623653519165754,0.019675059244036674,0.9525483250617981,0.9525483,0.9609414513575151
15,sd,33,XGBoost,81,1566216,4018,0.03532864601056024,0.01903587020933628,0.9532419443130493,0.95324194,0.950896974833228
15,sd,34,XGBoost,81,1566216,4018,0.03637185317010648,0.019792968407273293,0.956295371055603,0.9562954,0.9489772800726503
15,sd,35,XGBoost,81,1566216,4018,0.03527687822186189,0.01915825717151165,0.9553574919700623,0.9553575,0.9482056316419296
15,sd,36,XGBoost,81,1566216,4018,0.0346204405030776,0.01829756237566471,0.9464370012283325,0.946437,0.9399670424182132
15,sd,37,XGBoost,81,1566216,4018,0.034126277474143644,0.01776781491935253,0.9350151419639587,0.93501514,0.9150707782585414
15,sd,38,XGBoost,81,1566216,4018,0.03286650540349311,0.01706760935485363,0.9292922616004944,0.92929226,0.8904170640760776
15,sd,39,XGBoost,81,1566216,4018,0.03821638734476914,0.020853634923696518,0.9686419367790222,0.96864194,0.961774894813257
15,sd,40,XGBoost,81,1566216,4018,0.03794032467757881,0.020381489768624306,0.96457439661026,0.9645744,0.9649488148585625
15,sd,41,XGBoost,81,1566216,4018,0.03725498893390896,0.01987909898161888,0.9608648419380188,0.96086484,0.961918325406179
15,sd,42,XGBoost,81,1566216,4018,0.03590742257156621,0.019545862451195717,0.9668185710906982,0.9668186,0.9758874188367689
15,sd,43,XGBoost,81,1566216,4018,0.03698326944931715,0.02049623802304268,0.9688627123832703,0.9688627,0.9741754268085541
15,sd,44,XGBoost,81,1566216,4018,0.03807340776527485,0.021278301253914833,0.9677609801292419,0.967761,0.9775455825861528
15,sd,45,XGBoost,81,1566216,4018,0.0386479268073067,0.021253932267427444,0.9641239047050476,0.9641239,0.9779141443908445
15,sd,46,XGBoost,81,1566216,4018,0.03498086294913742,0.01936257816851139,0.9657815098762512,0.9657815,0.9759155390519105
15,sd,47,XGBoost,81,1566216,4018,0.034098149862965416,0.018582714721560478,0.9592909216880798,0.9592909,0.9623204565690302
15,sd,48,XGBoost,81,1566216,4018,0.03372156824813414,0.01802925579249859,0.9525570869445801,0.9525571,0.9500342647758719
15,sd,49,XGBoost,81,1566216,4018,0.0317515418887265,0.016952766105532646,0.9442193508148193,0.94421935,0.9319759431046664
15,sd,50,XGBoost,81,1566216,4018,0.028322318433556235,0.015194952487945557,0.9405934810638428,0.9405935,0.908982917744578
15,sd,51,XGBoost,81,1566216,4018,0.035228011945476076,0.019403833895921707,0.9689921736717224,0.9689922,0.954852362889267
15,sd,52,XGBoost,81,1566216,4018,0.034899821152914526,0.018920522183179855,0.967017650604248,0.96701765,0.9571005959743398
15,sd,53,XGBoost,81,1566216,4018,0.03470846282677042,0.01853915862739086,0.9645828008651733,0.9645828,0.9547048370317853
15,sd,54,XGBoost,81,1566216,4018,0.03392489698418288,0.017992792651057243,0.9638276696205139,0.96382767,0.9576235626820213
15,sd,55,XGBoost,81,1566216,4018,0.033638361277627815,0.018228469416499138,0.9653946161270142,0.9653946,0.9665356605465609
15,sd,56,XGBoost,81,1566216,4018,0.03317756405238331,0.018381133675575256,0.9656848907470703,0.9656849,0.9737868093219053
15,sd,57,XGBoost,81,1566216,4018,0.03180165748984504,0.017566785216331482,0.9653543829917908,0.9653544,0.9714502013214898
15,sd,58,XGBoost,81,1566216,4018,0.031173999204298235,0.01703307405114174,0.9604238867759705,0.9604239,0.9680395182427218
15,sd,59,XGBoost,81,1566216,4018,0.030336278251470106,0.0163897518068552,0.9517466425895691,0.95174664,0.9529674638912391
15,sd,60,XGBoost,81,1566216,4018,0.029436928053012856,0.015896443277597427,0.9439127445220947,0.94391274,0.9320315273290928
15,sd,61,XGBoost,81,1566216,4018,0.027197189604894388,0.0145461680367589,0.9359195232391357,0.9359195,0.9050630501545837
15,sd,62,XGBoost,81,1566216,4018,0.024976285149042928,0.013237960636615753,0.9331413507461548,0.93314135,0.8976049479842417
15,sd,63,XGBoost,81,1566216,4018,0.03520246620382967,0.019874440506100655,0.96571946144104,0.96571946,0.9360182620129054
15,sd,64,XGBoost,81,1566216,4018,0.03583235603976705,0.020197076722979546,0.9637908935546875,0.9637909,0.9293066770185736
15,sd,65,XGBoost,81,1566216,4018,0.03593153405167229,0.020337389782071114,0.9623656272888184,0.9623656,0.922794234159504
15,sd,66,XGBoost,81,1566216,4018,0.034512665605536307,0.01956206001341343,0.9619796276092529,0.9619796,0.9304991570929819
15,sd,67,XGBoost,81,1566216,4018,0.030609109941287134,0.016792654991149902,0.9627183675765991,0.96271837,0.9534236623284357
15,sd,68,XGBoost,81,1566216,4018,0.0289942930968539,0.015556505881249905,0.9565001726150513,0.9565002,0.9558784533493162
15,sd,69,XGBoost,81,1566216,4018,0.027881300550267267,0.015118771232664585,0.9511964917182922,0.9511965,0.9538848026233664
15,sd,70,XGBoost,81,1566216,4018,0.026927394350571943,0.014635516330599785,0.9446431398391724,0.94464314,0.9390139151107502
15,sd,71,XGBoost,81,1566216,4018,0.026341775949523152,0.014223631471395493,0.9377502202987671,0.9377502,0.9144654154688686
15,sd,72,XGBoost,81,1566216,4018,0.0255055691380999,0.013746782205998898,0.9407045245170593,0.9407045,0.9049181247607455
15,sd,73,XGBoost,81,1566216,4018,0.023162396995887454,0.01265634223818779,0.940054714679718,0.9400547,0.8979016214168962
15,sd,74,XGBoost,81,1566216,4018,0.023646057570895447,0.012655364349484444,0.8925219178199768,0.8925219,0.7895026791578109
15,sd,75,XGBoost,81,1566216,4018,0.02490846941908861,0.013335938565433025,0.9309527277946472,0.9309527,0.9294047647571873
15,sd,76,XGBoost,81,1566216,4018,0.024793391208646577,0.013039181008934975,0.9112597107887268,0.9112597,0.8863153676166392
15,sd,77,XGBoost,81,1566216,4018,0.024203257017886854,0.012856408953666687,0.9186878204345703,0.9186878,0.8800543865757371
15,sd,78,XGBoost,81,1566216,4018,0.02273725721189391,0.012360733933746815,0.9257352948188782,0.9257353,0.869608139878389
15,sd,79,XGBoost,81,1566216,4018,0.021030166890087233,0.01159738190472126,0.9093667268753052,0.9093667,0.8187121050531118
15,sd,80,XGBoost,81,1566216,4018,0.02338666419489117,0.012249819003045559,0.8932558298110962,0.89325583,0.8550205518424159
15,sd,81,XGBoost,81,1566216,4018,0.02257826600682469,0.011904885061085224,0.8795029520988464,0.87950295,0.7967939818931339
15,smlt_mm,0,XGBoost,81,1566216,4018,1.4366055069021377,0.6072485446929932,-0.059992074966430664,-0.059992075,0.0350765314708682
15,smlt_mm,1,XGBoost,81,1566216,4018,1.972467575870414,0.7547839283943176,0.30399399995803833,0.303994,0.16808788709933942
15,smlt_mm,2,XGBoost,81,1566216,4018,1.8520049520183295,0.7491204142570496,0.2783315181732178,0.27833152,0.11110446212131408
15,smlt_mm,3,XGBoost,81,1566216,4018,1.7521941190417354,0.7299975752830505,0.38100665807724,0.38100666,0.22715969815620052
15,smlt_mm,4,XGBoost,81,1566216,4018,1.751666093361008,0.7429689168930054,0.5172613859176636,0.5172614,0.4102492129653056
15,smlt_mm,5,XGBoost,81,1566216,4018,2.030581907294721,0.8221995234489441,0.548891544342041,0.54889154,0.4477233709495052
15,smlt_mm,6,XGBoost,81,1566216,4018,2.290769077573372,0.9494296908378601,0.6255014538764954,0.62550145,0.5230412932265314
15,smlt_mm,7,XGBoost,81,1566216,4018,2.223496102413933,0.9381439089775085,0.6560603380203247,0.65606034,0.5613004559793717
15,smlt_mm,8,XGBoost,81,1566216,4018,2.3061225173575397,0.9623537063598633,0.6539608836174011,0.6539609,0.5691963266963298
15,smlt_mm,9,XGBoost,81,1566216,4018,2.147930293467007,0.8955615162849426,0.7079932689666748,0.70799327,0.650819701339312
15,smlt_mm,10,XGBoost,81,1566216,4018,2.0577514778422024,0.8659306764602661,0.7436938285827637,0.7436938,0.7202794394376921
15,smlt_mm,11,XGBoost,81,1566216,4018,2.2103690235445668,0.9097408652305603,0.6525026559829712,0.65250266,0.5816472504690031
15,smlt_mm,12,XGBoost,81,1566216,4018,2.2585795330496103,0.9255931377410889,0.6453539133071899,0.6453539,0.5834816847884774
15,smlt_mm,13,XGBoost,81,1566216,4018,2.2768768826565116,0.9210419654846191,0.6486592292785645,0.6486592,0.5893906832037181
15,smlt_mm,14,XGBoost,81,1566216,4018,2.40339233340126,0.9451990127563477,0.6201097369194031,0.62010974,0.5256193896976492
15,smlt_mm,15,XGBoost,81,1566216,4018,2.4891253466433727,0.9712339639663696,0.6388128995895386,0.6388129,0.5389840022564616
15,smlt_mm,16,XGBoost,81,1566216,4018,2.2137555067703625,0.9180719256401062,0.6493231058120728,0.6493231,0.5849043102295578
15,smlt_mm,17,XGBoost,81,1566216,4018,2.376197212030223,0.971682608127594,0.640019416809082,0.6400194,0.5755647782710002
15,smlt_mm,18,XGBoost,81,1566216,4018,2.251138928695393,0.9173820614814758,0.6720283627510071,0.67202836,0.5951503777679543
15,smlt_mm,19,XGBoost,81,1566216,4018,2.330833344644222,0.9384398460388184,0.6770495176315308,0.6770495,0.5733181138389332
15,smlt_mm,20,XGBoost,81,1566216,4018,2.54605941351334,1.0341730117797852,0.6711618900299072,0.6711619,0.5660102797022732
15,smlt_mm,21,XGBoost,81,1566216,4018,2.602668320986868,1.0613768100738525,0.6497690081596375,0.649769,0.5772706396534815
15,smlt_mm,22,XGBoost,81,1566216,4018,2.5933591249387966,1.0726017951965332,0.6611555814743042,0.6611556,0.6049081454763783
15,smlt_mm,23,XGBoost,81,1566216,4018,2.5530711435639866,1.035530686378479,0.6561299562454224,0.65612996,0.5986163993131934
15,smlt_mm,24,XGBoost,81,1566216,4018,2.1602814070744265,0.8822487592697144,0.6695125102996826,0.6695125,0.6260486041780174
15,smlt_mm,25,XGBoost,81,1566216,4018,1.8338222574196936,0.7424348592758179,0.6269447207450867,0.6269447,0.5927116778959318
15,smlt_mm,26,XGBoost,81,1566216,4018,2.159543383336329,0.9004886746406555,0.7697768807411194,0.7697769,0.7135045376822651
15,smlt_mm,27,XGBoost,81,1566216,4018,2.1336487189258513,0.9007971286773682,0.7574076652526855,0.75740767,0.7322091717622583
15,smlt_mm,28,XGBoost,81,1566216,4018,2.259702215071614,0.9572789072990417,0.7388050556182861,0.73880506,0.6981183419698038
15,smlt_mm,29,XGBoost,81,1566216,4018,2.134523257556202,0.8917706608772278,0.7788468599319458,0.77884686,0.6998499275821248
15,smlt_mm,30,XGBoost,81,1566216,4018,2.0011434862430426,0.8395819664001465,0.7717318534851074,0.77173185,0.8613166833224961
15,smlt_mm,31,XGBoost,81,1566216,4018,1.7401811482416647,0.7376229763031006,0.8424438238143921,0.8424438,0.8281888749820501
15,smlt_mm,32,XGBoost,81,1566216,4018,1.9318752474184597,0.8214930295944214,0.7709559798240662,0.770956,0.7201236239541298
15,smlt_mm,33,XGBoost,81,1566216,4018,1.8994967170520276,0.8001585602760315,0.7778998613357544,0.77789986,0.7179837573099905
15,smlt_mm,34,XGBoost,81,1566216,4018,2.051925252902687,0.854836106300354,0.7817600965499878,0.7817601,0.7318240752324686
15,smlt_mm,35,XGBoost,81,1566216,4018,2.0333099483750354,0.8560266494750977,0.7740239500999451,0.77402395,0.7411131530684945
15,smlt_mm,36,XGBoost,81,1566216,4018,2.079679209107253,0.8769240975379944,0.7350444793701172,0.7350445,0.691421494368659
15,smlt_mm,37,XGBoost,81,1566216,4018,2.3590845598732413,0.9654690027236938,0.6569771766662598,0.6569772,0.6200178804282919
15,smlt_mm,38,XGBoost,81,1566216,4018,2.1409299313065246,0.8724098205566406,0.6660743355751038,0.66607434,0.6488748748048008
15,smlt_mm,39,XGBoost,81,1566216,4018,1.937383340584414,0.8416834473609924,0.8322027325630188,0.83220273,0.882786691724385
15,smlt_mm,40,XGBoost,81,1566216,4018,2.1709212809470655,0.9629867076873779,0.8082289099693298,0.8082289,0.8006600202221335
15,smlt_mm,41,XGBoost,81,1566216,4018,2.1123115726381663,0.9457456469535828,0.7991935610771179,0.79919356,0.790031066450176
15,smlt_mm,42,XGBoost,81,1566216,4018,1.8660831776977214,0.8128080368041992,0.8375311493873596,0.83753115,0.8389945036083954
15,smlt_mm,43,XGBoost,81,1566216,4018,1.846866753522661,0.7847393155097961,0.8530216813087463,0.8530217,0.8558251012785744
15,smlt_mm,44,XGBoost,81,1566216,4018,2.0731852627385896,0.8675695657730103,0.8304839730262756,0.830484,0.8127038962590876
15,smlt_mm,45,XGBoost,81,1566216,4018,2.2198879923358397,0.9151411056518555,0.8077706694602966,0.80777067,0.7670271138768591
15,smlt_mm,46,XGBoost,81,1566216,4018,1.9457229732717993,0.8297340869903564,0.8269614577293396,0.82696146,0.805381511384845
15,smlt_mm,47,XGBoost,81,1566216,4018,2.041396752505832,0.8625090718269348,0.7828915119171143,0.7828915,0.7668621072747411
15,smlt_mm,48,XGBoost,81,1566216,4018,2.123256304534927,0.8922260999679565,0.7494034171104431,0.7494034,0.7226581623847845
15,smlt_mm,49,XGBoost,81,1566216,4018,2.040515834815145,0.8612448573112488,0.725828230381012,0.72582823,0.710813785013128
15,smlt_mm,50,XGBoost,81,1566216,4018,1.800958653646317,0.7723944783210754,0.7193885445594788,0.71938854,0.7511981784558912
15,smlt_mm,51,XGBoost,81,1566216,4018,1.9285745847767026,0.8426980972290039,0.8219356536865234,0.82193565,0.8771785609405944
15,smlt_mm,52,XGBoost,81,1566216,4018,1.8184086744793853,0.800538182258606,0.8308002352714539,0.83080024,0.8966654130747439
15,smlt_mm,53,XGBoost,81,1566216,4018,1.8227640433225016,0.8038743734359741,0.8257306218147278,0.8257306,0.8871003646969253
15,smlt_mm,54,XGBoost,81,1566216,4018,1.8430978947273364,0.7988303899765015,0.8241361379623413,0.82413614,0.8666573279564364
15,smlt_mm,55,XGBoost,81,1566216,4018,1.8798641055278638,0.8121418356895447,0.8288238048553467,0.8288238,0.8406199965324456
15,smlt_mm,56,XGBoost,81,1566216,4018,1.856603078946083,0.7874712944030762,0.8322970867156982,0.8322971,0.833553979060102
15,smlt_mm,57,XGBoost,81,1566216,4018,1.7405760972226345,0.7389013171195984,0.8340189456939697,0.83401895,0.8535382746408698
15,smlt_mm,58,XGBoost,81,1566216,4018,1.8321155780831837,0.7791657447814941,0.7929718494415283,0.79297185,0.8415744180844292
15,smlt_mm,59,XGBoost,81,1566216,4018,1.853860386901264,0.7887663245201111,0.7695391774177551,0.7695392,0.7851668241054848
15,smlt_mm,60,XGBoost,81,1566216,4018,1.9882134386651245,0.8390308618545532,0.715490460395813,0.71549046,0.7336966451398859
15,smlt_mm,61,XGBoost,81,1566216,4018,1.792373259145736,0.7665067911148071,0.6984713077545166,0.6984713,0.7380603104927691
15,smlt_mm,62,XGBoost,81,1566216,4018,1.6219843980059974,0.6998636722564697,0.6981267929077148,0.6981268,0.7678446187024395
15,smlt_mm,63,XGBoost,81,1566216,4018,2.1838046877934647,0.931007981300354,0.7526266574859619,0.75262666,0.7792596140770416
15,smlt_mm,64,XGBoost,81,1566216,4018,2.1611103068755853,0.9263391494750977,0.7374781370162964,0.73747814,0.7407900935633049
15,smlt_mm,65,XGBoost,81,1566216,4018,2.204567403246116,0.9359421730041504,0.7156487107276917,0.7156487,0.7085620900505785
15,smlt_mm,66,XGBoost,81,1566216,4018,2.1070392250642778,0.8916929960250854,0.7199653387069702,0.71996534,0.728891310621279
15,smlt_mm,67,XGBoost,81,1566216,4018,1.8670513789785232,0.8001133799552917,0.7796837687492371,0.77968377,0.8253962533997583
15,smlt_mm,68,XGBoost,81,1566216,4018,1.764862030731669,0.7457157969474792,0.7812427878379822,0.7812428,0.843067124691999
15,smlt_mm,69,XGBoost,81,1566216,4018,1.698619096553009,0.7162554860115051,0.7660310864448547,0.7660311,0.8421935789492239
15,smlt_mm,70,XGBoost,81,1566216,4018,1.6848957311363917,0.7202501893043518,0.7488076686859131,0.74880767,0.8183035893000161
15,smlt_mm,71,XGBoost,81,1566216,4018,1.758499757143578,0.7496029734611511,0.7123528718948364,0.7123529,0.7711099094099299
15,smlt_mm,72,XGBoost,81,1566216,4018,1.7851977187,0.741961658000946,0.702343225479126,0.7023432,0.7520772847457542
15,smlt_mm,73,XGBoost,81,1566216,4018,1.5482039474667606,0.663948655128479,0.6991935968399048,0.6991936,0.7507406669055552
15,smlt_mm,74,XGBoost,81,1566216,4018,1.4157983231701752,0.5982412099838257,0.625619649887085,0.62561965,0.7414335888214759
15,smlt_mm,75,XGBoost,81,1566216,4018,1.538264188579838,0.6617223024368286,0.7224884033203125,0.7224884,0.8175366860998249
15,smlt_mm,76,XGBoost,81,1566216,4018,1.726480956762724,0.7253173589706421,0.645426332950592,0.64542633,0.713632376310426
15,smlt_mm,77,XGBoost,81,1566216,4018,1.7510958374043673,0.7190453410148621,0.6497235298156738,0.64972353,0.7190465212822633
15,smlt_mm,78,XGBoost,81,1566216,4018,1.5696887395368964,0.6682834029197693,0.6609972715377808,0.6609973,0.6815826192000798
15,smlt_mm,79,XGBoost,81,1566216,4018,1.347481713533618,0.581649899482727,0.627741813659668,0.6277418,0.6837645203861715
15,smlt_mm,80,XGBoost,81,1566216,4018,1.7088157003813702,0.6853682994842529,0.6134501695632935,0.61345017,0.6732061534332796
15,smlt_mm,81,XGBoost,81,1566216,4018,1.602700773328991,0.6497618556022644,0.5904242992401123,0.5904243,0.6547899683037139
30,snowc,0,XGBoost,81,1565001,4018,32.75490480924193,18.48147201538086,-0.4490337371826172,-0.44903374,-0.5587127008255586
30,snowc,1,XGBoost,81,1565001,4018,24.627721335988944,12.71016788482666,0.5880053043365479,0.5880053,0.5746070617782653
30,snowc,2,XGBoost,81,1565001,4018,23.278389610356694,12.192729949951172,0.6109304428100586,0.61093044,0.6105592292288962
30,snowc,3,XGBoost,81,1565001,4018,21.6591752623888,11.218499183654785,0.6744272708892822,0.6744273,0.6831182376834932
30,snowc,4,XGBoost,81,1565001,4018,21.039301109164946,10.600817680358887,0.7308410406112671,0.73084104,0.7451548825222218
30,snowc,5,XGBoost,81,1565001,4018,22.738224545217903,11.013642311096191,0.7082211375236511,0.70822114,0.7236482842584273
30,snowc,6,XGBoost,81,1565001,4018,20.011935677991726,9.67870807647705,0.795063316822052,0.7950633,0.8225371552145307
30,snowc,7,XGBoost,81,1565001,4018,18.984123422972996,9.28636646270752,0.8172837495803833,0.81728375,0.854527123501556
30,snowc,8,XGBoost,81,1565001,4018,19.02427167062267,9.186661720275879,0.8218543529510498,0.82185435,0.8592817145717839
30,snowc,9,XGBoost,81,1565001,4018,17.875177555936332,8.244195938110352,0.8515222668647766,0.85152227,0.8759509197781071
30,snowc,10,XGBoost,81,1565001,4018,16.997916598841513,7.596704483032227,0.8716863393783569,0.87168634,0.8885423378402957
30,snowc,11,XGBoost,81,1565001,4018,21.19807534748143,10.048344612121582,0.7753340005874634,0.775334,0.8072034237582697
30,snowc,12,XGBoost,81,1565001,4018,20.694922461169746,10.078476905822754,0.7864313721656799,0.7864314,0.8323248101503115
30,snowc,13,XGBoost,81,1565001,4018,20.220695484550134,9.75224494934082,0.7978096604347229,0.79780966,0.8401347584141332
30,snowc,14,XGBoost,81,1565001,4018,20.774499608519456,9.534616470336914,0.7896444201469421,0.7896444,0.8044241167296439
30,snowc,15,XGBoost,81,1565001,4018,20.404125529486603,9.027420043945312,0.8039376735687256,0.8039377,0.8154295911474472
30,snowc,16,XGBoost,81,1565001,4018,20.003262825890197,9.406108856201172,0.8006395101547241,0.8006395,0.8366675093168598
30,snowc,17,XGBoost,81,1565001,4018,20.095507128168755,9.858631134033203,0.8005713224411011,0.8005713,0.8498535080770375
30,snowc,18,XGBoost,81,1565001,4018,19.51782741900858,9.305556297302246,0.8132661581039429,0.81326616,0.8505131322423441
30,snowc,19,XGBoost,81,1565001,4018,19.197806010459487,8.733602523803711,0.8254044651985168,0.82540447,0.8378336311172858
30,snowc,20,XGBoost,81,1565001,4018,18.989906440813744,8.377025604248047,0.8356080055236816,0.835608,0.8455635022406083
30,snowc,21,XGBoost,81,1565001,4018,18.29289409484553,8.440685272216797,0.8460375666618347,0.84603757,0.8791776240730433
30,snowc,22,XGBoost,81,1565001,4018,17.92243351352921,8.513781547546387,0.8542726635932922,0.85427266,0.8869173160501944
30,snowc,23,XGBoost,81,1565001,4018,17.722822848153488,8.153979301452637,0.8585000038146973,0.8585,0.8936150488241996
30,snowc,24,XGBoost,81,1565001,4018,18.2759465798265,8.38683032989502,0.8418875336647034,0.84188753,0.871212828933895
30,snowc,25,XGBoost,81,1565001,4018,20.21931147790708,9.464512825012207,0.7908257246017456,0.7908257,0.8174837543350998
30,snowc,26,XGBoost,81,1565001,4018,16.382220125198806,7.204246520996094,0.8795154094696045,0.8795154,0.904123578762486
30,snowc,27,XGBoost,81,1565001,4018,16.67075104575938,7.7866082191467285,0.8729996681213379,0.87299967,0.9050920306471646
30,snowc,28,XGBoost,81,1565001,4018,17.32394174313488,8.037140846252441,0.8645330667495728,0.86453307,0.8976382349372599
30,snowc,29,XGBoost,81,1565001,4018,16.746610839491524,7.185588836669922,0.8761882185935974,0.8761882,0.8973239404582106
30,snowc,30,XGBoost,81,1565001,4018,13.693500196510604,6.3379011154174805,0.9157063364982605,0.91570634,0.930651333970494
30,snowc,31,XGBoost,81,1565001,4018,14.461787416778257,6.439979076385498,0.9076136946678162,0.9076137,0.9172534818826121
30,snowc,32,XGBoost,81,1565001,4018,15.913663144688503,7.2027435302734375,0.8821988105773926,0.8821988,0.9088523990725821
30,snowc,33,XGBoost,81,1565001,4018,16.42529121965241,7.41903829574585,0.8749880790710449,0.8749881,0.8968924472925659
30,snowc,34,XGBoost,81,1565001,4018,16.96024745976557,7.405163288116455,0.8734433650970459,0.87344337,0.8909875532873911
30,snowc,35,XGBoost,81,1565001,4018,17.043841210048846,7.490241050720215,0.8721746802330017,0.8721747,0.891351897305962
30,snowc,36,XGBoost,81,1565001,4018,17.085635642623895,7.678325176239014,0.8684055209159851,0.8684055,0.8958247314611127
30,snowc,37,XGBoost,81,1565001,4018,18.017039393199255,8.22358512878418,0.8533227443695068,0.85332274,0.8899399931693444
30,snowc,38,XGBoost,81,1565001,4018,18.126439530657798,8.210766792297363,0.8494380712509155,0.8494381,0.8817110965744076
30,snowc,39,XGBoost,81,1565001,4018,13.653632919283103,5.990763187408447,0.9200217127799988,0.9200217,0.9341947060807996
30,snowc,40,XGBoost,81,1565001,4018,16.03206092612745,7.205910682678223,0.8900549411773682,0.89005494,0.9043506561902104
30,snowc,41,XGBoost,81,1565001,4018,16.59536373244375,7.59833288192749,0.8805166482925415,0.88051665,0.9015568082517936
30,snowc,42,XGBoost,81,1565001,4018,14.063462966161142,6.225000381469727,0.9141184091567993,0.9141184,0.9285493371883322
30,snowc,43,XGBoost,81,1565001,4018,12.42891039957659,5.524328708648682,0.9345501065254211,0.9345501,0.9358633163591091
30,snowc,44,XGBoost,81,1565001,4018,12.522001511363346,5.470942974090576,0.9346386790275574,0.9346387,0.9306424211023748
30,snowc,45,XGBoost,81,1565001,4018,12.95897245313129,5.782739162445068,0.9296421408653259,0.92964214,0.9273678637492057
30,snowc,46,XGBoost,81,1565001,4018,13.22100767510981,5.778133392333984,0.926513671875,0.9265137,0.9288607278089639
30,snowc,47,XGBoost,81,1565001,4018,15.22062731057886,6.797735214233398,0.8992116451263428,0.89921165,0.9198857763272406
30,snowc,48,XGBoost,81,1565001,4018,16.424624197505917,7.447078227996826,0.8813187479972839,0.88131875,0.9099192499317253
30,snowc,49,XGBoost,81,1565001,4018,17.6107657017949,8.049076080322266,0.860768735408783,0.86076874,0.8940039502844628
30,snowc,50,XGBoost,81,1565001,4018,17.965456559590443,8.306954383850098,0.8531843423843384,0.85318434,0.8850167608277213
30,snowc,51,XGBoost,81,1565001,4018,14.058714225657727,6.307276725769043,0.9153916835784912,0.9153917,0.9336240724291972
30,snowc,52,XGBoost,81,1565001,4018,13.585980740478917,6.086104393005371,0.9198048710823059,0.9198049,0.9357928250028036
30,snowc,53,XGBoost,81,1565001,4018,14.147846481305688,6.370635986328125,0.912731409072876,0.9127314,0.9308694640622831
30,snowc,54,XGBoost,81,1565001,4018,15.016114797552703,6.736527442932129,0.902535080909729,0.9025351,0.9216682976880743
30,snowc,55,XGBoost,81,1565001,4018,13.944397181970782,6.303608417510986,0.9170917868614197,0.9170918,0.9220165251050394
30,snowc,56,XGBoost,81,1565001,4018,12.889578556010376,5.85246467590332,0.9291765093803406,0.9291765,0.9295702030561875
30,snowc,57,XGBoost,81,1565001,4018,12.766227418466272,5.743184566497803,0.9302089810371399,0.930209,0.9332496244838359
30,snowc,58,XGBoost,81,1565001,4018,13.556098517155883,6.208642959594727,0.9191448092460632,0.9191448,0.933757164694708
30,snowc,59,XGBoost,81,1565001,4018,15.816906462051827,7.2231011390686035,0.8876242637634277,0.88762426,0.9161392997763165
30,snowc,60,XGBoost,81,1565001,4018,18.033322325942276,8.228976249694824,0.8542200922966003,0.8542201,0.893092529387046
30,snowc,61,XGBoost,81,1565001,4018,18.854581386437953,8.817686080932617,0.835903525352478,0.8359035,0.8765992033395005
30,snowc,62,XGBoost,81,1565001,4018,18.78708247103412,9.092577934265137,0.8363659977912903,0.836366,0.8706621841525898
30,snowc,63,XGBoost,81,1565001,4018,13.339649293970693,6.192693710327148,0.9237958192825317,0.9237958,0.9362794605184747
30,snowc,64,XGBoost,81,1565001,4018,12.800148271655575,5.947059631347656,0.9292353987693787,0.9292354,0.9387990610458521
30,snowc,65,XGBoost,81,1565001,4018,13.284118486187863,6.129226207733154,0.9236330986022949,0.9236331,0.9351922439155587
30,snowc,66,XGBoost,81,1565001,4018,12.90032956197698,5.824128150939941,0.9270920753479004,0.9270921,0.9394496049210721
30,snowc,67,XGBoost,81,1565001,4018,13.77682597109692,6.207823753356934,0.9180459976196289,0.918046,0.9290978264186571
30,snowc,68,XGBoost,81,1565001,4018,15.84507803081873,7.1737589836120605,0.8891404867172241,0.8891405,0.917905817677784
30,snowc,69,XGBoost,81,1565001,4018,16.12663793007502,7.382421493530273,0.8827363848686218,0.8827364,0.9159486586556622
30,snowc,70,XGBoost,81,1565001,4018,17.101489335727457,7.896509170532227,0.8669842481613159,0.86698425,0.9039720546172767
30,snowc,71,XGBoost,81,1565001,4018,18.060599151169342,8.349090576171875,0.8517801761627197,0.8517802,0.8923588618657379
30,snowc,72,XGBoost,81,1565001,4018,17.569232994016755,7.973954677581787,0.8618106245994568,0.8618106,0.8960163014831309
30,snowc,73,XGBoost,81,1565001,4018,17.69592990092902,8.396191596984863,0.8581873178482056,0.8581873,0.8910644750056316
30,snowc,74,XGBoost,81,1565001,4018,20.460791332047588,9.85184097290039,0.7920030355453491,0.79200304,0.8316394103014707
30,snowc,75,XGBoost,81,1565001,4018,17.967095711892686,8.322092056274414,0.8498384356498718,0.84983844,0.8995433733218486
30,snowc,76,XGBoost,81,1565001,4018,19.89954170964513,9.309468269348145,0.8144913911819458,0.8144914,0.8755769683741416
30,snowc,77,XGBoost,81,1565001,4018,19.06444101926288,8.821064949035645,0.8327597975730896,0.8327598,0.885891220943811
30,snowc,78,XGBoost,81,1565001,4018,18.159488671452007,8.49462604522705,0.8506020307540894,0.85060203,0.8907728896091605
30,snowc,79,XGBoost,81,1565001,4018,18.767224347697155,8.963428497314453,0.831515908241272,0.8315159,0.8708494042476946
30,snowc,80,XGBoost,81,1565001,4018,20.724352325148185,9.815146446228027,0.7957804799079895,0.7957805,0.8724470105457969
30,snowc,81,XGBoost,81,1565001,4018,20.904803352881753,9.861449241638184,0.7891031503677368,0.78910315,0.8560654593786567
30,sd,0,XGBoost,81,1565001,4018,0.05001312005492437,0.02672615647315979,-4.865012168884277,-4.865012,-3.6284119619374833
30,sd,1,XGBoost,81,1565001,4018,0.058959866162336484,0.02860727533698082,0.11927378177642822,0.11927378,0.08631349790890408
30,sd,2,XGBoost,81,1565001,4018,0.055036207914271565,0.027029974386096,0.06484770774841309,0.06484771,0.0543166182748942
30,sd,3,XGBoost,81,1565001,4018,0.05256341667543961,0.025872845202684402,0.28346335887908936,0.28346336,0.21693191683961044
30,sd,4,XGBoost,81,1565001,4018,0.05063888648911617,0.02541273459792137,0.6195571422576904,0.61955714,0.5218242525643393
30,sd,5,XGBoost,81,1565001,4018,0.06016254539184376,0.030072610825300217,0.6331106424331665,0.63311064,0.6189209488418639
30,sd,6,XGBoost,81,1565001,4018,0.06192819910786115,0.031355634331703186,0.7787519693374634,0.77875197,0.8140106399188458
30,sd,7,XGBoost,81,1565001,4018,0.05934451647675802,0.0299618411809206,0.8019998073577881,0.8019998,0.8556593121521288
30,sd,8,XGBoost,81,1565001,4018,0.05805715587955195,0.029690565541386604,0.8219203948974609,0.8219204,0.8546812750017296
30,sd,9,XGBoost,81,1565001,4018,0.060230180591844214,0.030954355373978615,0.8416212797164917,0.8416213,0.8501641594975067
30,sd,10,XGBoost,81,1565001,4018,0.058418205672701624,0.030817709863185883,0.8569117784500122,0.8569118,0.8533871807476306
30,sd,11,XGBoost,81,1565001,4018,0.05790839715251141,0.029856178909540176,0.8050038814544678,0.8050039,0.8287502223152203
30,sd,12,XGBoost,81,1565001,4018,0.05580817774085386,0.028654564172029495,0.8098487854003906,0.8098488,0.8491361154651457
30,sd,13,XGBoost,81,1565001,4018,0.05559657213278014,0.028933929279446602,0.8187877535820007,0.81878775,0.855257865326591
30,sd,14,XGBoost,81,1565001,4018,0.05996158953632126,0.03151731193065643,0.8143648505210876,0.81436485,0.816596961922252
30,sd,15,XGBoost,81,1565001,4018,0.06365166867141939,0.03325982764363289,0.8222878575325012,0.82228786,0.8220149085330098
30,sd,16,XGBoost,81,1565001,4018,0.05911460876814397,0.030575046315789223,0.8160508871078491,0.8160509,0.8468020533318908
30,sd,17,XGBoost,81,1565001,4018,0.05722375682228409,0.029310503974556923,0.8193752765655518,0.8193753,0.8753742936461701
30,sd,18,XGBoost,81,1565001,4018,0.05847462425701908,0.030154550448060036,0.8278531432151794,0.82785314,0.8719331074370406
30,sd,19,XGBoost,81,1565001,4018,0.06278391516218378,0.03240548074245453,0.8349220156669617,0.834922,0.8463064117536737
30,sd,20,XGBoost,81,1565001,4018,0.0648786090600796,0.033444516360759735,0.8461422920227051,0.8461423,0.8619863677544304
30,sd,21,XGBoost,81,1565001,4018,0.05943627207597767,0.0307119432836771,0.8551778793334961,0.8551779,0.8967082392466783
30,sd,22,XGBoost,81,1565001,4018,0.05591442664876518,0.02905668318271637,0.8641785383224487,0.86417854,0.9053146145814509
30,sd,23,XGBoost,81,1565001,4018,0.05371390247831025,0.02838173508644104,0.865760326385498,0.8657603,0.8960524337659075
30,sd,24,XGBoost,81,1565001,4018,0.05297218451927391,0.02759135514497757,0.827488899230957,0.8274889,0.8065788062470853
30,sd,25,XGBoost,81,1565001,4018,0.047881080806655076,0.02518787421286106,0.7591168880462646,0.7591169,0.6608910596525586
30,sd,26,XGBoost,81,1565001,4018,0.057139866340003835,0.030379174277186394,0.9012430310249329,0.90124303,0.9322276579815377
30,sd,27,XGBoost,81,1565001,4018,0.057562703298852755,0.03011833131313324,0.8842992186546326,0.8842992,0.9110441143422089
30,sd,28,XGBoost,81,1565001,4018,0.05734230800746347,0.02995004877448082,0.8802863359451294,0.88028634,0.9132650498684458
30,sd,29,XGBoost,81,1565001,4018,0.05707999523930206,0.03030482493340969,0.8981227278709412,0.8981227,0.9241304200144399
30,sd,30,XGBoost,81,1565001,4018,0.054985808050565806,0.02954939752817154,0.921532928943634,0.9215329,0.9518121468295736
30,sd,31,XGBoost,81,1565001,4018,0.05694382389149327,0.030859563499689102,0.9101277589797974,0.91012776,0.9375567358590563
30,sd,32,XGBoost,81,1565001,4018,0.05580764163875156,0.029476935043931007,0.8874499797821045,0.88745,0.9179010331712922
30,sd,33,XGBoost,81,1565001,4018,0.055507347284846666,0.029245074838399887,0.8845740556716919,0.88457406,0.8993986172949855
30,sd,34,XGBoost,81,1565001,4018,0.05809320793301665,0.03075161762535572,0.888507068157196,0.88850707,0.9010312064847478
30,sd,35,XGBoost,81,1565001,4018,0.05808643021146911,0.030539344996213913,0.878963053226471,0.87896305,0.884481158942028
30,sd,36,XGBoost,81,1565001,4018,0.05508626157437796,0.028977029025554657,0.8643916845321655,0.8643917,0.8794752267850696
30,sd,37,XGBoost,81,1565001,4018,0.05181983838970841,0.02733798511326313,0.8501604795455933,0.8501605,0.8571143877796648
30,sd,38,XGBoost,81,1565001,4018,0.04999639974983756,0.026335518807172775,0.8363795876502991,0.8363796,0.8040034762602986
30,sd,39,XGBoost,81,1565001,4018,0.059290867571534844,0.03207165002822876,0.9245211482048035,0.92452115,0.9376518536995568
30,sd,40,XGBoost,81,1565001,4018,0.061523551032551964,0.032552387565374374,0.9068467020988464,0.9068467,0.9100560727213944
30,sd,41,XGBoost,81,1565001,4018,0.06094097118394771,0.03198801726102829,0.8952831029891968,0.8952831,0.9268278992854474
30,sd,42,XGBoost,81,1565001,4018,0.05816780080880559,0.031114064157009125,0.9129253625869751,0.91292536,0.9390381048889689
30,sd,43,XGBoost,81,1565001,4018,0.057856933813184186,0.03129952773451805,0.9237954616546631,0.92379546,0.9315602465096864
30,sd,44,XGBoost,81,1565001,4018,0.05837571984430271,0.031493186950683594,0.9242115616798401,0.92421156,0.9150372930534051
30,sd,45,XGBoost,81,1565001,4018,0.05953981642964658,0.03184480965137482,0.9148532748222351,0.9148533,0.9073844149941506
30,sd,46,XGBoost,81,1565001,4018,0.0555549250207243,0.030481448397040367,0.9136932492256165,0.91369325,0.937405369975674
30,sd,47,XGBoost,81,1565001,4018,0.054110144543882986,0.029162345454096794,0.897485077381134,0.8974851,0.9191188149065408
30,sd,48,XGBoost,81,1565001,4018,0.05328485371828381,0.028170960023999214,0.8815422058105469,0.8815422,0.9084110334329775
30,sd,49,XGBoost,81,1565001,4018,0.05069608378268199,0.027170466259121895,0.8577989339828491,0.85779893,0.8561684662590842
30,sd,50,XGBoost,81,1565001,4018,0.046787416074540206,0.025193896144628525,0.8378807306289673,0.83788073,0.7865804914132086
30,sd,51,XGBoost,81,1565001,4018,0.05416737514538394,0.02999923937022686,0.9266887903213501,0.9266888,0.9465900944483578
30,sd,52,XGBoost,81,1565001,4018,0.05450428987260192,0.029716039076447487,0.9195555448532104,0.91955554,0.9407126864875887
30,sd,53,XGBoost,81,1565001,4018,0.05509971126319671,0.029951922595500946,0.9107431173324585,0.9107431,0.9368685951289607
30,sd,54,XGBoost,81,1565001,4018,0.05406670652545508,0.02947375923395157,0.908124566078186,0.90812457,0.9341940261444035
30,sd,55,XGBoost,81,1565001,4018,0.0548866872166353,0.02942092902958393,0.907868504524231,0.9078685,0.9207887983219504
30,sd,56,XGBoost,81,1565001,4018,0.054066762508091996,0.02908402308821678,0.9088709354400635,0.90887094,0.9215676558687561
30,sd,57,XGBoost,81,1565001,4018,0.05116053302664307,0.02816399559378624,0.9103357791900635,0.9103358,0.9325216489467281
30,sd,58,XGBoost,81,1565001,4018,0.05066860524931272,0.02735995687544346,0.8954495787620544,0.8954496,0.9243031476257537
30,sd,59,XGBoost,81,1565001,4018,0.0490766732053678,0.026167478412389755,0.8737146854400635,0.8737147,0.8935679646144626
30,sd,60,XGBoost,81,1565001,4018,0.04728706116130486,0.025435155257582664,0.8552682995796204,0.8552683,0.8512423943982496
30,sd,61,XGBoost,81,1565001,4018,0.04475681154510498,0.02400796487927437,0.8264614343643188,0.82646143,0.7701081230480038
30,sd,62,XGBoost,81,1565001,4018,0.04110799192487449,0.022754143923521042,0.8188849091529846,0.8188849,0.7111621467463518
30,sd,63,XGBoost,81,1565001,4018,0.050992512491358576,0.028808293864130974,0.9280692338943481,0.92806923,0.9324066492072594
30,sd,64,XGBoost,81,1565001,4018,0.0509533396254005,0.028750881552696228,0.9267829060554504,0.9267829,0.9220037226591509
30,sd,65,XGBoost,81,1565001,4018,0.05020572910506376,0.02850939892232418,0.9265249967575073,0.926525,0.9148083941245259
30,sd,66,XGBoost,81,1565001,4018,0.04978945209246597,0.02792230062186718,0.9208713173866272,0.9208713,0.9116654728705194
30,sd,67,XGBoost,81,1565001,4018,0.04803274119292331,0.026114920154213905,0.9081946611404419,0.90819466,0.9267916595060721
30,sd,68,XGBoost,81,1565001,4018,0.047183314289358444,0.02573329769074917,0.8848034143447876,0.8848034,0.9097100635833703
30,sd,69,XGBoost,81,1565001,4018,0.045104361027863395,0.02469838596880436,0.8722790479660034,0.87227905,0.8866445118476646
30,sd,70,XGBoost,81,1565001,4018,0.043971943733194685,0.023812148720026016,0.8523837924003601,0.8523838,0.8455268606194233
30,sd,71,XGBoost,81,1565001,4018,0.042948585352058706,0.02308225817978382,0.8345201015472412,0.8345201,0.7962864930266911
30,sd,72,XGBoost,81,1565001,4018,0.04122436291196293,0.02213345840573311,0.8450971245765686,0.8450971,0.8027334883016105
30,sd,73,XGBoost,81,1565001,4018,0.03782353729741995,0.021038630977272987,0.8401500582695007,0.84015006,0.7628395992238097
30,sd,74,XGBoost,81,1565001,4018,0.03643965437768555,0.020962761715054512,0.744758665561676,0.74475867,0.5587353682682459
30,sd,75,XGBoost,81,1565001,4018,0.040112284545986254,0.022018250077962875,0.8209364414215088,0.82093644,0.793345505328866
30,sd,76,XGBoost,81,1565001,4018,0.03896882627207458,0.021507203578948975,0.7807782292366028,0.7807782,0.7100590724502378
30,sd,77,XGBoost,81,1565001,4018,0.037491344655064686,0.02087598294019699,0.8048942685127258,0.80489427,0.7569534775781019
30,sd,78,XGBoost,81,1565001,4018,0.03641840314161069,0.020422017201781273,0.8094766736030579,0.8094767,0.7710803633233531
30,sd,79,XGBoost,81,1565001,4018,0.0342279468168049,0.01969970390200615,0.7599155902862549,0.7599156,0.643913840465248
30,sd,80,XGBoost,81,1565001,4018,0.03853366778602709,0.02149675227701664,0.7102066874504089,0.7102067,0.6696796284881581
30,sd,81,XGBoost,81,1565001,4018,0.0357273231146348,0.020146530121564865,0.6982854604721069,0.69828546,0.5953413525584341
30,smlt_mm,0,XGBoost,81,1565001,4018,1.507449645028567,0.6823941469192505,-0.16711390018463135,-0.1671139,-0.08276969444700977
30,smlt_mm,1,XGBoost,81,1565001,4018,2.2385163241999635,0.9146659970283508,0.10357546806335449,0.10357547,0.03437245329191174
30,smlt_mm,2,XGBoost,81,1565001,4018,2.061809192912801,0.8983849883079529,0.10556167364120483,0.10556167,0.02084938928208302
30,smlt_mm,3,XGBoost,81,1565001,4018,2.021113412331577,0.8992560505867004,0.1764255166053772,0.17642552,0.10391626288308342
30,smlt_mm,4,XGBoost,81,1565001,4018,2.0225755188450076,0.8750525712966919,0.3563957214355469,0.35639572,0.3126420304219706
30,smlt_mm,5,XGBoost,81,1565001,4018,2.4795407459121193,1.0576380491256714,0.32736027240753174,0.32736027,0.310640189371977
30,smlt_mm,6,XGBoost,81,1565001,4018,2.795885134660983,1.1787482500076294,0.4421388506889343,0.44213885,0.4012098317142372
30,smlt_mm,7,XGBoost,81,1565001,4018,2.7750804923815773,1.18134605884552,0.4642518162727356,0.46425182,0.4120733940024297
30,smlt_mm,8,XGBoost,81,1565001,4018,2.761667901289976,1.1746586561203003,0.503746747970581,0.50374675,0.45878259151016665
30,smlt_mm,9,XGBoost,81,1565001,4018,2.42423679493843,1.041699767112732,0.6280345916748047,0.6280346,0.6194311876657508
30,smlt_mm,10,XGBoost,81,1565001,4018,2.350574374517156,1.0059245824813843,0.6655576229095459,0.6655576,0.7080216880092685
30,smlt_mm,11,XGBoost,81,1565001,4018,2.630873784151103,1.0988746881484985,0.5077089667320251,0.50770897,0.4771775463861355
30,smlt_mm,12,XGBoost,81,1565001,4018,2.7581558662172507,1.1456156969070435,0.47111403942108154,0.47111404,0.44051764257779624
30,smlt_mm,13,XGBoost,81,1565001,4018,2.766691444086862,1.1424205303192139,0.48123472929000854,0.48123473,0.4521259867212155
30,smlt_mm,14,XGBoost,81,1565001,4018,2.660535340038403,1.0951502323150635,0.5344708561897278,0.53447086,0.5357359375068798
30,smlt_mm,15,XGBoost,81,1565001,4018,2.688517799158187,1.1077545881271362,0.5786291360855103,0.57862914,0.5884056411039909
30,smlt_mm,16,XGBoost,81,1565001,4018,2.543815319525436,1.0626643896102905,0.5369595289230347,0.5369595,0.5128311161158183
30,smlt_mm,17,XGBoost,81,1565001,4018,2.8845237883672823,1.2000216245651245,0.4695281386375427,0.46952814,0.421370992542595
30,smlt_mm,18,XGBoost,81,1565001,4018,2.6991229116205346,1.130620002746582,0.5285050868988037,0.5285051,0.4876728495671754
30,smlt_mm,19,XGBoost,81,1565001,4018,2.5959304468920807,1.097347378730774,0.5994104146957397,0.5994104,0.5781007174368002
30,smlt_mm,20,XGBoost,81,1565001,4018,2.85451924914473,1.194007396697998,0.5866565704345703,0.5866566,0.5922369315660903
30,smlt_mm,21,XGBoost,81,1565001,4018,3.028256540817167,1.264882206916809,0.5258647203445435,0.5258647,0.5046950028744368
30,smlt_mm,22,XGBoost,81,1565001,4018,3.112771943862819,1.2865815162658691,0.5118316411972046,0.51183164,0.5040921052823002
30,smlt_mm,23,XGBoost,81,1565001,4018,3.013350820096795,1.2329578399658203,0.5209642052650452,0.5209642,0.5304180153917042
30,smlt_mm,24,XGBoost,81,1565001,4018,2.4953851067018715,1.041518211364746,0.5590294599533081,0.55902946,0.5744477801881287
30,smlt_mm,25,XGBoost,81,1565001,4018,2.0592035479801796,0.8576340675354004,0.5296108722686768,0.5296109,0.5332113517440631
30,smlt_mm,26,XGBoost,81,1565001,4018,2.4829141412363547,1.0524412393569946,0.6956673860549927,0.6956674,0.7019967794200295
30,smlt_mm,27,XGBoost,81,1565001,4018,2.480825035159074,1.0570937395095825,0.6720380783081055,0.6720381,0.6438800868503951
30,smlt_mm,28,XGBoost,81,1565001,4018,2.702818924879363,1.1399717330932617,0.6263231635093689,0.62632316,0.6027398072566164
30,smlt_mm,29,XGBoost,81,1565001,4018,2.5389369522746588,1.0777372121810913,0.6871074438095093,0.68710744,0.6948915701958214
30,smlt_mm,30,XGBoost,81,1565001,4018,1.955792002339409,0.850287675857544,0.7819609642028809,0.78196096,0.8605159628103216
30,smlt_mm,31,XGBoost,81,1565001,4018,1.9743113005078166,0.8608883023262024,0.7971953749656677,0.7971954,0.8358925102361987
30,smlt_mm,32,XGBoost,81,1565001,4018,2.1053965030653083,0.9051616787910461,0.7279626131057739,0.7279626,0.7204781027856361
30,smlt_mm,33,XGBoost,81,1565001,4018,2.0947055059766275,0.9143034815788269,0.729904294013977,0.7299043,0.7244939982048078
30,smlt_mm,34,XGBoost,81,1565001,4018,2.3910013538390267,1.0179134607315063,0.7036733031272888,0.7036733,0.7400173984043215
30,smlt_mm,35,XGBoost,81,1565001,4018,2.3748038361500243,1.0200073719024658,0.6917445659637451,0.69174457,0.7351277580551344
30,smlt_mm,36,XGBoost,81,1565001,4018,2.4132114132315827,1.035969614982605,0.6432441473007202,0.64324415,0.6573733114216592
30,smlt_mm,37,XGBoost,81,1565001,4018,2.7055979976245097,1.1258747577667236,0.5488068461418152,0.54880685,0.5564089516383326
30,smlt_mm,38,XGBoost,81,1565001,4018,2.444309211612282,1.0155580043792725,0.5647315382957458,0.56473154,0.6034119571180572
30,smlt_mm,39,XGBoost,81,1565001,4018,2.0271095919762403,0.9135603904724121,0.8163003921508789,0.8163004,0.8647589518296251
30,smlt_mm,40,XGBoost,81,1565001,4018,2.6602217656384792,1.1372801065444946,0.7120410203933716,0.712041,0.718424468651331
30,smlt_mm,41,XGBoost,81,1565001,4018,2.569797731002458,1.1210130453109741,0.7027926445007324,0.70279264,0.6857715877890971
30,smlt_mm,42,XGBoost,81,1565001,4018,2.1615505581832397,0.9478948712348938,0.7820088267326355,0.7820088,0.7954498030510739
30,smlt_mm,43,XGBoost,81,1565001,4018,2.1192584167651733,0.928777277469635,0.806469202041626,0.8064692,0.8302199846985548
30,smlt_mm,44,XGBoost,81,1565001,4018,2.4007712078784444,1.025890588760376,0.7726808190345764,0.7726808,0.7887808990352285
30,smlt_mm,45,XGBoost,81,1565001,4018,2.5789056694171095,1.07924222946167,0.7405650615692139,0.74056506,0.7683960741190815
30,smlt_mm,46,XGBoost,81,1565001,4018,2.302790284388066,0.9980378150939941,0.7576239705085754,0.757624,0.78904502145803
30,smlt_mm,47,XGBoost,81,1565001,4018,2.3745607672647298,1.020585536956787,0.7062428593635559,0.70624286,0.7362326871050888
30,smlt_mm,48,XGBoost,81,1565001,4018,2.4974496230351453,1.052832841873169,0.6532920598983765,0.65329206,0.683105038448901
30,smlt_mm,49,XGBoost,81,1565001,4018,2.4265083537843233,1.0202339887619019,0.6122905611991882,0.61229056,0.6424346706346706
30,smlt_mm,50,XGBoost,81,1565001,4018,2.0960392749033248,0.8985020518302917,0.6199009418487549,0.61990094,0.680524982228928
30,smlt_mm,51,XGBoost,81,1565001,4018,2.0316667569384452,0.9088504910469055,0.8023899793624878,0.80239,0.8547874021467583
30,smlt_mm,52,XGBoost,81,1565001,4018,1.8765526382987583,0.8485764265060425,0.8198068141937256,0.8198068,0.8644138214099726
30,smlt_mm,53,XGBoost,81,1565001,4018,1.9373180550084173,0.8698696494102478,0.8031379580497742,0.80313796,0.8281001137901742
30,smlt_mm,54,XGBoost,81,1565001,4018,2.0594772382952313,0.9142714142799377,0.7804194688796997,0.78041947,0.7953813820134137
30,smlt_mm,55,XGBoost,81,1565001,4018,2.2043331431910773,0.969467282295227,0.764633297920227,0.7646333,0.7911310491395845
30,smlt_mm,56,XGBoost,81,1565001,4018,2.2093120301592633,0.9562414884567261,0.7625256776809692,0.7625257,0.7866921616426914
30,smlt_mm,57,XGBoost,81,1565001,4018,2.0502907011887617,0.8964633345603943,0.7696950435638428,0.76969504,0.7980831908654293
30,smlt_mm,58,XGBoost,81,1565001,4018,2.0124343340094235,0.875264048576355,0.7502145171165466,0.7502145,0.7939592741905838
30,smlt_mm,59,XGBoost,81,1565001,4018,2.170431412033852,0.9193525910377502,0.6841105222702026,0.6841105,0.7113253766938685
30,smlt_mm,60,XGBoost,81,1565001,4018,2.329026425347257,0.9731749296188354,0.6095912456512451,0.60959125,0.6393614911194658
30,smlt_mm,61,XGBoost,81,1565001,4018,2.054909117607983,0.8762713670730591,0.6036700010299683,0.60367,0.6519042069652237
30,smlt_mm,62,XGBoost,81,1565001,4018,1.8722561787256158,0.8035244345664978,0.597781777381897,0.5977818,0.6689942144816529
30,smlt_mm,63,XGBoost,81,1565001,4018,2.3562819056285953,1.0283446311950684,0.7120083570480347,0.71200836,0.7803310465432947
30,smlt_mm,64,XGBoost,81,1565001,4018,2.3399777382011777,1.047831416130066,0.6922237873077393,0.6922238,0.7593054357102145
30,smlt_mm,65,XGBoost,81,1565001,4018,2.4286130633111154,1.0814603567123413,0.6549158096313477,0.6549158,0.7317517122847982
30,smlt_mm,66,XGBoost,81,1565001,4018,2.2729307048957326,1.0088075399398804,0.6741341352462769,0.67413414,0.7533286996586082
30,smlt_mm,67,XGBoost,81,1565001,4018,2.011221637229487,0.875108540058136,0.7443453073501587,0.7443453,0.799123609726387
30,smlt_mm,68,XGBoost,81,1565001,4018,1.956310512593998,0.8480214476585388,0.7312079071998596,0.7312079,0.7678588561482059
30,smlt_mm,69,XGBoost,81,1565001,4018,1.8554546154889264,0.8127747774124146,0.7208312749862671,0.7208313,0.7493705802930211
30,smlt_mm,70,XGBoost,81,1565001,4018,1.8979713275741494,0.8256497979164124,0.6812577247619629,0.6812577,0.715994278211175
30,smlt_mm,71,XGBoost,81,1565001,4018,2.021119782376377,0.8528894186019897,0.6200211048126221,0.6200211,0.6627429571090389
30,smlt_mm,72,XGBoost,81,1565001,4018,2.0895527004178396,0.8677727580070496,0.5921976566314697,0.59219766,0.6537887274055177
30,smlt_mm,73,XGBoost,81,1565001,4018,1.7841004435997383,0.763904333114624,0.600543737411499,0.60054374,0.6716730749614803
30,smlt_mm,74,XGBoost,81,1565001,4018,1.503404647604592,0.6522718071937561,0.5778546333312988,0.57785463,0.6378342666942654
30,smlt_mm,75,XGBoost,81,1565001,4018,1.6950223472269847,0.7330060601234436,0.6630463600158691,0.66304636,0.6946297960086963
30,smlt_mm,76,XGBoost,81,1565001,4018,1.9282888679795938,0.8002696633338928,0.5576896667480469,0.55768967,0.5729809928879916
30,smlt_mm,77,XGBoost,81,1565001,4018,2.013542341326584,0.8196931481361389,0.5368596315383911,0.53685963,0.5818961273955439
30,smlt_mm,78,XGBoost,81,1565001,4018,1.8643544942845196,0.7685734629631042,0.521774172782898,0.5217742,0.5889040201967722
30,smlt_mm,79,XGBoost,81,1565001,4018,1.5254450164358417,0.6320730447769165,0.5229196548461914,0.52291965,0.6071276519180817
30,smlt_mm,80,XGBoost,81,1565001,4018,1.921615148825889,0.7700077891349792,0.5111812353134155,0.51118124,0.528564640996653
30,smlt_mm,81,XGBoost,81,1565001,4018,1.7570649994848087,0.7134318947792053,0.5077282190322876,0.5077282,0.5284661872578589
