target,RMSE,MAE,R2,NSE,KGE
snowc,10.268032997891362,4.748065762009978,0.9509066437799676,0.9509066437799676,0.9642087624285959
sd,0.10254075819142916,0.05798364541428797,0.7339604011228281,0.7339604011228281,0.8401521940053077
smlt_mm,66.67152595217289,24.75364220846314,0.709544193923695,0.709544193923695,0.8090529767282165
